[2026-09-02T14:39:22+00:00] command=["E:\\Project\\Biohub_CellTracking\\.venv\\Scripts\\kaggle.EXE", "kernels", "output", "lingxd/biohub-diag014-preilp-edge-export", "-p", "E:\\Project\\Biohub_CellTracking\\experiments\\diag_014_train16_preilp_edge_export\\artifacts", "--page-size", "200"]
exit_code=0
STDOUT
Output file downloaded to E:\Project\Biohub_CellTracking\experiments\diag_014_train16_preilp_edge_export\artifacts\bidirectional_production_runtime_integrity.json
Output file downloaded to E:\Project\Biohub_CellTracking\experiments\diag_014_train16_preilp_edge_export\artifacts\deepcenter_safe_div_score_audit.json
Output file downloaded to E:\Project\Biohub_CellTracking\experiments\diag_014_train16_preilp_edge_export\artifacts\deepcenter_safe_div_scores_24.jsonl
Output file downloaded to E:\Project\Biohub_CellTracking\experiments\diag_014_train16_preilp_edge_export\artifacts\detector_coordinates_harmonic_association_production_0_2.jsonl
Output file downloaded to E:\Project\Biohub_CellTracking\experiments\diag_014_train16_preilp_edge_export\artifacts\detector_coordinates_harmonic_association_production_1_2.jsonl
Output file downloaded to E:\Project\Biohub_CellTracking\experiments\diag_014_train16_preilp_edge_export\artifacts\detector_coordinates_harmonic_association_production_single.jsonl
Output file downloaded to E:\Project\Biohub_CellTracking\experiments\diag_014_train16_preilp_edge_export\artifacts\dual_seed_frame_retention_guard_report.json
Output file downloaded to E:\Project\Biohub_CellTracking\experiments\diag_014_train16_preilp_edge_export\artifacts\metrics.json
Output file downloaded to E:\Project\Biohub_CellTracking\experiments\diag_014_train16_preilp_edge_export\artifacts\preilp_edge_audit/44b6_0113de3b.jsonl.gz
Output file downloaded to E:\Project\Biohub_CellTracking\experiments\diag_014_train16_preilp_edge_export\artifacts\preilp_edge_audit/44b6_0b24845f.jsonl.gz
Output file downloaded to E:\Project\Biohub_CellTracking\experiments\diag_014_train16_preilp_edge_export\artifacts\preilp_edge_audit/44b6_1d530831.jsonl.gz
Output file downloaded to E:\Project\Biohub_CellTracking\experiments\diag_014_train16_preilp_edge_export\artifacts\preilp_edge_audit/44b6_2a2eff9f.jsonl.gz
Output file downloaded to E:\Project\Biohub_CellTracking\experiments\diag_014_train16_preilp_edge_export\artifacts\preilp_edge_audit/44b6_551a5dba.jsonl.gz
Output file downloaded to E:\Project\Biohub_CellTracking\experiments\diag_014_train16_preilp_edge_export\artifacts\preilp_edge_audit/44b6_7a302da0.jsonl.gz
Output file downloaded to E:\Project\Biohub_CellTracking\experiments\diag_014_train16_preilp_edge_export\artifacts\preilp_edge_audit/44b6_7e557709.jsonl.gz
Output file downloaded to E:\Project\Biohub_CellTracking\experiments\diag_014_train16_preilp_edge_export\artifacts\preilp_edge_audit/44b6_aaf8b0ea.jsonl.gz
Output file downloaded to E:\Project\Biohub_CellTracking\experiments\diag_014_train16_preilp_edge_export\artifacts\preilp_edge_audit/44b6_c15fded2.jsonl.gz
Output file downloaded to E:\Project\Biohub_CellTracking\experiments\diag_014_train16_preilp_edge_export\artifacts\preilp_edge_audit/44b6_c50204e0.jsonl.gz
Output file downloaded to E:\Project\Biohub_CellTracking\experiments\diag_014_train16_preilp_edge_export\artifacts\preilp_edge_audit/6bba_05b6850b.jsonl.gz
Output file downloaded to E:\Project\Biohub_CellTracking\experiments\diag_014_train16_preilp_edge_export\artifacts\preilp_edge_audit/6bba_05db0fb1.jsonl.gz
Output file downloaded to E:\Project\Biohub_CellTracking\experiments\diag_014_train16_preilp_edge_export\artifacts\preilp_edge_audit/6bba_0c7fa718.jsonl.gz
Output file downloaded to E:\Project\Biohub_CellTracking\experiments\diag_014_train16_preilp_edge_export\artifacts\preilp_edge_audit/6bba_283bf9f1.jsonl.gz
Output file downloaded to E:\Project\Biohub_CellTracking\experiments\diag_014_train16_preilp_edge_export\artifacts\preilp_edge_audit/6bba_337b1b3a.jsonl.gz
Output file downloaded to E:\Project\Biohub_CellTracking\experiments\diag_014_train16_preilp_edge_export\artifacts\preilp_edge_audit/6bba_372c8cb8.jsonl.gz
Output file downloaded to E:\Project\Biohub_CellTracking\experiments\diag_014_train16_preilp_edge_export\artifacts\preilp_edge_audit/6bba_55c70843.jsonl.gz
Output file downloaded to E:\Project\Biohub_CellTracking\experiments\diag_014_train16_preilp_edge_export\artifacts\preilp_edge_audit/6bba_80d12824.jsonl.gz
Output file downloaded to E:\Project\Biohub_CellTracking\experiments\diag_014_train16_preilp_edge_export\artifacts\preilp_edge_audit/6bba_ef7b4f7e.jsonl.gz
Output file downloaded to E:\Project\Biohub_CellTracking\experiments\diag_014_train16_preilp_edge_export\artifacts\preilp_edge_audit/6bba_fe670320.jsonl.gz
Output file downloaded to E:\Project\Biohub_CellTracking\experiments\diag_014_train16_preilp_edge_export\artifacts\preilp_edge_audit_summary_0_2.jsonl
Output file downloaded to E:\Project\Biohub_CellTracking\experiments\diag_014_train16_preilp_edge_export\artifacts\preilp_edge_audit_summary_1_2.jsonl
Output file downloaded to E:\Project\Biohub_CellTracking\experiments\diag_014_train16_preilp_edge_export\artifacts\preilp_edge_audit_summary_single.jsonl
Output file downloaded to E:\Project\Biohub_CellTracking\experiments\diag_014_train16_preilp_edge_export\artifacts\retention_guard_0_2.jsonl
Output file downloaded to E:\Project\Biohub_CellTracking\experiments\diag_014_train16_preilp_edge_export\artifacts\retention_guard_1_2.jsonl
Output file downloaded to E:\Project\Biohub_CellTracking\experiments\diag_014_train16_preilp_edge_export\artifacts\retention_guard_single.jsonl
Output file downloaded to E:\Project\Biohub_CellTracking\experiments\diag_014_train16_preilp_edge_export\artifacts\run_stats.csv
Output file downloaded to E:\Project\Biohub_CellTracking\experiments\diag_014_train16_preilp_edge_export\artifacts\secondary_seed_weights/unet_transformer/split_0/SNAPSHOT_MANIFEST.json
Output file downloaded to E:\Project\Biohub_CellTracking\experiments\diag_014_train16_preilp_edge_export\artifacts\secondary_seed_weights/unet_transformer/split_0/checkpoint_last.pth
Output file downloaded to E:\Project\Biohub_CellTracking\experiments\diag_014_train16_preilp_edge_export\artifacts\secondary_seed_weights/unet_transformer/split_0/config.json
Output file downloaded to E:\Project\Biohub_CellTracking\experiments\diag_014_train16_preilp_edge_export\artifacts\secondary_seed_weights/unet_transformer/split_0/edge_predictor_best.pth
Output file downloaded to E:\Project\Biohub_CellTracking\experiments\diag_014_train16_preilp_edge_export\artifacts\secondary_seed_weights/unet_transformer/split_0/history.csv
Output file downloaded to E:\Project\Biohub_CellTracking\experiments\diag_014_train16_preilp_edge_export\artifacts\secondary_seed_weights/unet_transformer/split_0/split_manifest.json
Output file downloaded to E:\Project\Biohub_CellTracking\experiments\diag_014_train16_preilp_edge_export\artifacts\secondary_seed_weights/unet_transformer/split_0/training_config.json
Output file downloaded to E:\Project\Biohub_CellTracking\experiments\diag_014_train16_preilp_edge_export\artifacts\submission.csv
Output file downloaded to E:\Project\Biohub_CellTracking\experiments\diag_014_train16_preilp_edge_export\artifacts\tracking_repo/kaggle_test_splits_50ep.json
Output file downloaded to E:\Project\Biohub_CellTracking\experiments\diag_014_train16_preilp_edge_export\artifacts\tracking_repo/kaggle_val_splits.json
Output file downloaded to E:\Project\Biohub_CellTracking\experiments\diag_014_train16_preilp_edge_export\artifacts\tracking_repo/predictions/unknown/unet_transformer/split_0/44b6_0113de3b.geff/edges/ids/c/0/0
Output file downloaded to E:\Project\Biohub_CellTracking\experiments\diag_014_train16_preilp_edge_export\artifacts\tracking_repo/predictions/unknown/unet_transformer/split_0/44b6_0113de3b.geff/edges/ids/zarr.json
Output file downloaded to E:\Project\Biohub_CellTracking\experiments\diag_014_train16_preilp_edge_export\artifacts\tracking_repo/predictions/unknown/unet_transformer/split_0/44b6_0113de3b.geff/edges/props/edge_dist/values/c/0
Output file downloaded to E:\Project\Biohub_CellTracking\experiments\diag_014_train16_preilp_edge_export\artifacts\tracking_repo/predictions/unknown/unet_transformer/split_0/44b6_0113de3b.geff/edges/props/edge_dist/values/zarr.json
Output file downloaded to E:\Project\Biohub_CellTracking\experiments\diag_014_train16_preilp_edge_export\artifacts\tracking_repo/predictions/unknown/unet_transformer/split_0/44b6_0113de3b.geff/edges/props/edge_dist/zarr.json
Output file downloaded to E:\Project\Biohub_CellTracking\experiments\diag_014_train16_preilp_edge_export\artifacts\tracking_repo/predictions/unknown/unet_transformer/split_0/44b6_0113de3b.geff/edges/props/edge_prob/values/c/0
Output file downloaded to E:\Project\Biohub_CellTracking\experiments\diag_014_train16_preilp_edge_export\artifacts\tracking_repo/predictions/unknown/unet_transformer/split_0/44b6_0113de3b.geff/edges/props/edge_prob/values/zarr.json
Output file downloaded to E:\Project\Biohub_CellTracking\experiments\diag_014_train16_preilp_edge_export\artifacts\tracking_repo/predictions/unknown/unet_transformer/split_0/44b6_0113de3b.geff/edges/props/edge_prob/zarr.json
Output file downloaded to E:\Project\Biohub_CellTracking\experiments\diag_014_train16_preilp_edge_export\artifacts\tracking_repo/predictions/unknown/unet_transformer/split_0/44b6_0113de3b.geff/edges/props/solution/values/c/0
Output file downloaded to E:\Project\Biohub_CellTracking\experiments\diag_014_train16_preilp_edge_export\artifacts\tracking_repo/predictions/unknown/unet_transformer/split_0/44b6_0113de3b.geff/edges/props/solution/values/zarr.json
Output file downloaded to E:\Project\Biohub_CellTracking\experiments\diag_014_train16_preilp_edge_export\artifacts\tracking_repo/predictions/unknown/unet_transformer/split_0/44b6_0113de3b.geff/edges/props/solution/zarr.json
Output file downloaded to E:\Project\Biohub_CellTracking\experiments\diag_014_train16_preilp_edge_export\artifacts\tracking_repo/predictions/unknown/unet_transformer/split_0/44b6_0113de3b.geff/edges/props/zarr.json
Output file downloaded to E:\Project\Biohub_CellTracking\experiments\diag_014_train16_preilp_edge_export\artifacts\tracking_repo/predictions/unknown/unet_transformer/split_0/44b6_0113de3b.geff/edges/zarr.json
Output file downloaded to E:\Project\Biohub_CellTracking\experiments\diag_014_train16_preilp_edge_export\artifacts\tracking_repo/predictions/unknown/unet_transformer/split_0/44b6_0113de3b.geff/nodes/ids/c/0
Output file downloaded to E:\Project\Biohub_CellTracking\experiments\diag_014_train16_preilp_edge_export\artifacts\tracking_repo/predictions/unknown/unet_transformer/split_0/44b6_0113de3b.geff/nodes/ids/zarr.json
Output file downloaded to E:\Project\Biohub_CellTracking\experiments\diag_014_train16_preilp_edge_export\artifacts\tracking_repo/predictions/unknown/unet_transformer/split_0/44b6_0113de3b.geff/nodes/props/solution/values/c/0
Output file downloaded to E:\Project\Biohub_CellTracking\experiments\diag_014_train16_preilp_edge_export\artifacts\tracking_repo/predictions/unknown/unet_transformer/split_0/44b6_0113de3b.geff/nodes/props/solution/values/zarr.json
Output file downloaded to E:\Project\Biohub_CellTracking\experiments\diag_014_train16_preilp_edge_export\artifacts\tracking_repo/predictions/unknown/unet_transformer/split_0/44b6_0113de3b.geff/nodes/props/solution/zarr.json
Output file downloaded to E:\Project\Biohub_CellTracking\experiments\diag_014_train16_preilp_edge_export\artifacts\tracking_repo/predictions/unknown/unet_transformer/split_0/44b6_0113de3b.geff/nodes/props/t/values/c/0
Output file downloaded to E:\Project\Biohub_CellTracking\experiments\diag_014_train16_preilp_edge_export\artifacts\tracking_repo/predictions/unknown/unet_transformer/split_0/44b6_0113de3b.geff/nodes/props/t/values/zarr.json
Output file downloaded to E:\Project\Biohub_CellTracking\experiments\diag_014_train16_preilp_edge_export\artifacts\tracking_repo/predictions/unknown/unet_transformer/split_0/44b6_0113de3b.geff/nodes/props/t/zarr.json
Output file downloaded to E:\Project\Biohub_CellTracking\experiments\diag_014_train16_preilp_edge_export\artifacts\tracking_repo/predictions/unknown/unet_transformer/split_0/44b6_0113de3b.geff/nodes/props/x/values/c/0
Output file downloaded to E:\Project\Biohub_CellTracking\experiments\diag_014_train16_preilp_edge_export\artifacts\tracking_repo/predictions/unknown/unet_transformer/split_0/44b6_0113de3b.geff/nodes/props/x/values/zarr.json
Output file downloaded to E:\Project\Biohub_CellTracking\experiments\diag_014_train16_preilp_edge_export\artifacts\tracking_repo/predictions/unknown/unet_transformer/split_0/44b6_0113de3b.geff/nodes/props/x/zarr.json
Output file downloaded to E:\Project\Biohub_CellTracking\experiments\diag_014_train16_preilp_edge_export\artifacts\tracking_repo/predictions/unknown/unet_transformer/split_0/44b6_0113de3b.geff/nodes/props/y/values/c/0
Output file downloaded to E:\Project\Biohub_CellTracking\experiments\diag_014_train16_preilp_edge_export\artifacts\tracking_repo/predictions/unknown/unet_transformer/split_0/44b6_0113de3b.geff/nodes/props/y/values/zarr.json
Output file downloaded to E:\Project\Biohub_CellTracking\experiments\diag_014_train16_preilp_edge_export\artifacts\tracking_repo/predictions/unknown/unet_transformer/split_0/44b6_0113de3b.geff/nodes/props/y/zarr.json
Output file downloaded to E:\Project\Biohub_CellTracking\experiments\diag_014_train16_preilp_edge_export\artifacts\tracking_repo/predictions/unknown/unet_transformer/split_0/44b6_0113de3b.geff/nodes/props/z/values/c/0
Output file downloaded to E:\Project\Biohub_CellTracking\experiments\diag_014_train16_preilp_edge_export\artifacts\tracking_repo/predictions/unknown/unet_transformer/split_0/44b6_0113de3b.geff/nodes/props/z/values/zarr.json
Output file downloaded to E:\Project\Biohub_CellTracking\experiments\diag_014_train16_preilp_edge_export\artifacts\tracking_repo/predictions/unknown/unet_transformer/split_0/44b6_0113de3b.geff/nodes/props/z/zarr.json
Output file downloaded to E:\Project\Biohub_CellTracking\experiments\diag_014_train16_preilp_edge_export\artifacts\tracking_repo/predictions/unknown/unet_transformer/split_0/44b6_0113de3b.geff/nodes/props/zarr.json
Output file downloaded to E:\Project\Biohub_CellTracking\experiments\diag_014_train16_preilp_edge_export\artifacts\tracking_repo/predictions/unknown/unet_transformer/split_0/44b6_0113de3b.geff/nodes/zarr.json
Output file downloaded to E:\Project\Biohub_CellTracking\experiments\diag_014_train16_preilp_edge_export\artifacts\tracking_repo/predictions/unknown/unet_transformer/split_0/44b6_0113de3b.geff/zarr.json
Output file downloaded to E:\Project\Biohub_CellTracking\experiments\diag_014_train16_preilp_edge_export\artifacts\tracking_repo/predictions/unknown/unet_transformer/split_0/44b6_0b24845f.geff/edges/ids/c/0/0
Output file downloaded to E:\Project\Biohub_CellTracking\experiments\diag_014_train16_preilp_edge_export\artifacts\tracking_repo/predictions/unknown/unet_transformer/split_0/44b6_0b24845f.geff/edges/ids/zarr.json
Output file downloaded to E:\Project\Biohub_CellTracking\experiments\diag_014_train16_preilp_edge_export\artifacts\tracking_repo/predictions/unknown/unet_transformer/split_0/44b6_0b24845f.geff/edges/props/edge_dist/values/c/0
Output file downloaded to E:\Project\Biohub_CellTracking\experiments\diag_014_train16_preilp_edge_export\artifacts\tracking_repo/predictions/unknown/unet_transformer/split_0/44b6_0b24845f.geff/edges/props/edge_dist/values/zarr.json
Output file downloaded to E:\Project\Biohub_CellTracking\experiments\diag_014_train16_preilp_edge_export\artifacts\tracking_repo/predictions/unknown/unet_transformer/split_0/44b6_0b24845f.geff/edges/props/edge_dist/zarr.json
Output file downloaded to E:\Project\Biohub_CellTracking\experiments\diag_014_train16_preilp_edge_export\artifacts\tracking_repo/predictions/unknown/unet_transformer/split_0/44b6_0b24845f.geff/edges/props/edge_prob/values/c/0
Output file downloaded to E:\Project\Biohub_CellTracking\experiments\diag_014_train16_preilp_edge_export\artifacts\tracking_repo/predictions/unknown/unet_transformer/split_0/44b6_0b24845f.geff/edges/props/edge_prob/values/zarr.json
Output file downloaded to E:\Project\Biohub_CellTracking\experiments\diag_014_train16_preilp_edge_export\artifacts\tracking_repo/predictions/unknown/unet_transformer/split_0/44b6_0b24845f.geff/edges/props/edge_prob/zarr.json
Output file downloaded to E:\Project\Biohub_CellTracking\experiments\diag_014_train16_preilp_edge_export\artifacts\tracking_repo/predictions/unknown/unet_transformer/split_0/44b6_0b24845f.geff/edges/props/solution/values/c/0
Output file downloaded to E:\Project\Biohub_CellTracking\experiments\diag_014_train16_preilp_edge_export\artifacts\tracking_repo/predictions/unknown/unet_transformer/split_0/44b6_0b24845f.geff/edges/props/solution/values/zarr.json
Output file downloaded to E:\Project\Biohub_CellTracking\experiments\diag_014_train16_preilp_edge_export\artifacts\tracking_repo/predictions/unknown/unet_transformer/split_0/44b6_0b24845f.geff/edges/props/solution/zarr.json
Output file downloaded to E:\Project\Biohub_CellTracking\experiments\diag_014_train16_preilp_edge_export\artifacts\tracking_repo/predictions/unknown/unet_transformer/split_0/44b6_0b24845f.geff/edges/props/zarr.json
Output file downloaded to E:\Project\Biohub_CellTracking\experiments\diag_014_train16_preilp_edge_export\artifacts\tracking_repo/predictions/unknown/unet_transformer/split_0/44b6_0b24845f.geff/edges/zarr.json
Output file downloaded to E:\Project\Biohub_CellTracking\experiments\diag_014_train16_preilp_edge_export\artifacts\tracking_repo/predictions/unknown/unet_transformer/split_0/44b6_0b24845f.geff/nodes/ids/c/0
Output file downloaded to E:\Project\Biohub_CellTracking\experiments\diag_014_train16_preilp_edge_export\artifacts\tracking_repo/predictions/unknown/unet_transformer/split_0/44b6_0b24845f.geff/nodes/ids/zarr.json
Output file downloaded to E:\Project\Biohub_CellTracking\experiments\diag_014_train16_preilp_edge_export\artifacts\tracking_repo/predictions/unknown/unet_transformer/split_0/44b6_0b24845f.geff/nodes/props/solution/values/c/0
Output file downloaded to E:\Project\Biohub_CellTracking\experiments\diag_014_train16_preilp_edge_export\artifacts\tracking_repo/predictions/unknown/unet_transformer/split_0/44b6_0b24845f.geff/nodes/props/solution/values/zarr.json
Output file downloaded to E:\Project\Biohub_CellTracking\experiments\diag_014_train16_preilp_edge_export\artifacts\tracking_repo/predictions/unknown/unet_transformer/split_0/44b6_0b24845f.geff/nodes/props/solution/zarr.json
Output file downloaded to E:\Project\Biohub_CellTracking\experiments\diag_014_train16_preilp_edge_export\artifacts\tracking_repo/predictions/unknown/unet_transformer/split_0/44b6_0b24845f.geff/nodes/props/t/values/c/0
Output file downloaded to E:\Project\Biohub_CellTracking\experiments\diag_014_train16_preilp_edge_export\artifacts\tracking_repo/predictions/unknown/unet_transformer/split_0/44b6_0b24845f.geff/nodes/props/t/values/zarr.json
Output file downloaded to E:\Project\Biohub_CellTracking\experiments\diag_014_train16_preilp_edge_export\artifacts\tracking_repo/predictions/unknown/unet_transformer/split_0/44b6_0b24845f.geff/nodes/props/t/zarr.json
Output file downloaded to E:\Project\Biohub_CellTracking\experiments\diag_014_train16_preilp_edge_export\artifacts\tracking_repo/predictions/unknown/unet_transformer/split_0/44b6_0b24845f.geff/nodes/props/x/values/c/0
Output file downloaded to E:\Project\Biohub_CellTracking\experiments\diag_014_train16_preilp_edge_export\artifacts\tracking_repo/predictions/unknown/unet_transformer/split_0/44b6_0b24845f.geff/nodes/props/x/values/zarr.json
Output file downloaded to E:\Project\Biohub_CellTracking\experiments\diag_014_train16_preilp_edge_export\artifacts\tracking_repo/predictions/unknown/unet_transformer/split_0/44b6_0b24845f.geff/nodes/props/x/zarr.json
Output file downloaded to E:\Project\Biohub_CellTracking\experiments\diag_014_train16_preilp_edge_export\artifacts\tracking_repo/predictions/unknown/unet_transformer/split_0/44b6_0b24845f.geff/nodes/props/y/values/c/0
Output file downloaded to E:\Project\Biohub_CellTracking\experiments\diag_014_train16_preilp_edge_export\artifacts\tracking_repo/predictions/unknown/unet_transformer/split_0/44b6_0b24845f.geff/nodes/props/y/values/zarr.json
Output file downloaded to E:\Project\Biohub_CellTracking\experiments\diag_014_train16_preilp_edge_export\artifacts\tracking_repo/predictions/unknown/unet_transformer/split_0/44b6_0b24845f.geff/nodes/props/y/zarr.json
Output file downloaded to E:\Project\Biohub_CellTracking\experiments\diag_014_train16_preilp_edge_export\artifacts\tracking_repo/predictions/unknown/unet_transformer/split_0/44b6_0b24845f.geff/nodes/props/z/values/c/0
Output file downloaded to E:\Project\Biohub_CellTracking\experiments\diag_014_train16_preilp_edge_export\artifacts\tracking_repo/predictions/unknown/unet_transformer/split_0/44b6_0b24845f.geff/nodes/props/z/values/zarr.json
Output file downloaded to E:\Project\Biohub_CellTracking\experiments\diag_014_train16_preilp_edge_export\artifacts\tracking_repo/predictions/unknown/unet_transformer/split_0/44b6_0b24845f.geff/nodes/props/z/zarr.json
Output file downloaded to E:\Project\Biohub_CellTracking\experiments\diag_014_train16_preilp_edge_export\artifacts\tracking_repo/predictions/unknown/unet_transformer/split_0/44b6_0b24845f.geff/nodes/props/zarr.json
Output file downloaded to E:\Project\Biohub_CellTracking\experiments\diag_014_train16_preilp_edge_export\artifacts\tracking_repo/predictions/unknown/unet_transformer/split_0/44b6_0b24845f.geff/nodes/zarr.json
Output file downloaded to E:\Project\Biohub_CellTracking\experiments\diag_014_train16_preilp_edge_export\artifacts\tracking_repo/predictions/unknown/unet_transformer/split_0/44b6_0b24845f.geff/zarr.json
Output file downloaded to E:\Project\Biohub_CellTracking\experiments\diag_014_train16_preilp_edge_export\artifacts\tracking_repo/predictions/unknown/unet_transformer/split_0/6bba_05b6850b.geff/edges/ids/c/0/0
Output file downloaded to E:\Project\Biohub_CellTracking\experiments\diag_014_train16_preilp_edge_export\artifacts\tracking_repo/predictions/unknown/unet_transformer/split_0/6bba_05b6850b.geff/edges/ids/zarr.json
Output file downloaded to E:\Project\Biohub_CellTracking\experiments\diag_014_train16_preilp_edge_export\artifacts\tracking_repo/predictions/unknown/unet_transformer/split_0/6bba_05b6850b.geff/edges/props/edge_dist/values/c/0
Output file downloaded to E:\Project\Biohub_CellTracking\experiments\diag_014_train16_preilp_edge_export\artifacts\tracking_repo/predictions/unknown/unet_transformer/split_0/6bba_05b6850b.geff/edges/props/edge_dist/values/zarr.json
Output file downloaded to E:\Project\Biohub_CellTracking\experiments\diag_014_train16_preilp_edge_export\artifacts\tracking_repo/predictions/unknown/unet_transformer/split_0/6bba_05b6850b.geff/edges/props/edge_dist/zarr.json
Output file downloaded to E:\Project\Biohub_CellTracking\experiments\diag_014_train16_preilp_edge_export\artifacts\tracking_repo/predictions/unknown/unet_transformer/split_0/6bba_05b6850b.geff/edges/props/edge_prob/values/c/0
Output file downloaded to E:\Project\Biohub_CellTracking\experiments\diag_014_train16_preilp_edge_export\artifacts\tracking_repo/predictions/unknown/unet_transformer/split_0/6bba_05b6850b.geff/edges/props/edge_prob/values/zarr.json
Output file downloaded to E:\Project\Biohub_CellTracking\experiments\diag_014_train16_preilp_edge_export\artifacts\tracking_repo/predictions/unknown/unet_transformer/split_0/6bba_05b6850b.geff/edges/props/edge_prob/zarr.json
Output file downloaded to E:\Project\Biohub_CellTracking\experiments\diag_014_train16_preilp_edge_export\artifacts\tracking_repo/predictions/unknown/unet_transformer/split_0/6bba_05b6850b.geff/edges/props/solution/values/c/0
Output file downloaded to E:\Project\Biohub_CellTracking\experiments\diag_014_train16_preilp_edge_export\artifacts\tracking_repo/predictions/unknown/unet_transformer/split_0/6bba_05b6850b.geff/edges/props/solution/values/zarr.json
Output file downloaded to E:\Project\Biohub_CellTracking\experiments\diag_014_train16_preilp_edge_export\artifacts\tracking_repo/predictions/unknown/unet_transformer/split_0/6bba_05b6850b.geff/edges/props/solution/zarr.json
Output file downloaded to E:\Project\Biohub_CellTracking\experiments\diag_014_train16_preilp_edge_export\artifacts\tracking_repo/predictions/unknown/unet_transformer/split_0/6bba_05b6850b.geff/edges/props/zarr.json
Output file downloaded to E:\Project\Biohub_CellTracking\experiments\diag_014_train16_preilp_edge_export\artifacts\tracking_repo/predictions/unknown/unet_transformer/split_0/6bba_05b6850b.geff/edges/zarr.json
Output file downloaded to E:\Project\Biohub_CellTracking\experiments\diag_014_train16_preilp_edge_export\artifacts\tracking_repo/predictions/unknown/unet_transformer/split_0/6bba_05b6850b.geff/nodes/ids/c/0
Output file downloaded to E:\Project\Biohub_CellTracking\experiments\diag_014_train16_preilp_edge_export\artifacts\tracking_repo/predictions/unknown/unet_transformer/split_0/6bba_05b6850b.geff/nodes/ids/zarr.json
Output file downloaded to E:\Project\Biohub_CellTracking\experiments\diag_014_train16_preilp_edge_export\artifacts\tracking_repo/predictions/unknown/unet_transformer/split_0/6bba_05b6850b.geff/nodes/props/solution/values/c/0
Output file downloaded to E:\Project\Biohub_CellTracking\experiments\diag_014_train16_preilp_edge_export\artifacts\tracking_repo/predictions/unknown/unet_transformer/split_0/6bba_05b6850b.geff/nodes/props/solution/values/zarr.json
Output file downloaded to E:\Project\Biohub_CellTracking\experiments\diag_014_train16_preilp_edge_export\artifacts\tracking_repo/predictions/unknown/unet_transformer/split_0/6bba_05b6850b.geff/nodes/props/solution/zarr.json
Output file downloaded to E:\Project\Biohub_CellTracking\experiments\diag_014_train16_preilp_edge_export\artifacts\tracking_repo/predictions/unknown/unet_transformer/split_0/6bba_05b6850b.geff/nodes/props/t/values/c/0
Output file downloaded to E:\Project\Biohub_CellTracking\experiments\diag_014_train16_preilp_edge_export\artifacts\tracking_repo/predictions/unknown/unet_transformer/split_0/6bba_05b6850b.geff/nodes/props/t/values/zarr.json
Output file downloaded to E:\Project\Biohub_CellTracking\experiments\diag_014_train16_preilp_edge_export\artifacts\tracking_repo/predictions/unknown/unet_transformer/split_0/6bba_05b6850b.geff/nodes/props/t/zarr.json
Output file downloaded to E:\Project\Biohub_CellTracking\experiments\diag_014_train16_preilp_edge_export\artifacts\tracking_repo/predictions/unknown/unet_transformer/split_0/6bba_05b6850b.geff/nodes/props/x/values/c/0
Output file downloaded to E:\Project\Biohub_CellTracking\experiments\diag_014_train16_preilp_edge_export\artifacts\tracking_repo/predictions/unknown/unet_transformer/split_0/6bba_05b6850b.geff/nodes/props/x/values/zarr.json
Output file downloaded to E:\Project\Biohub_CellTracking\experiments\diag_014_train16_preilp_edge_export\artifacts\tracking_repo/predictions/unknown/unet_transformer/split_0/6bba_05b6850b.geff/nodes/props/x/zarr.json
Output file downloaded to E:\Project\Biohub_CellTracking\experiments\diag_014_train16_preilp_edge_export\artifacts\tracking_repo/predictions/unknown/unet_transformer/split_0/6bba_05b6850b.geff/nodes/props/y/values/c/0
Output file downloaded to E:\Project\Biohub_CellTracking\experiments\diag_014_train16_preilp_edge_export\artifacts\tracking_repo/predictions/unknown/unet_transformer/split_0/6bba_05b6850b.geff/nodes/props/y/values/zarr.json
Output file downloaded to E:\Project\Biohub_CellTracking\experiments\diag_014_train16_preilp_edge_export\artifacts\tracking_repo/predictions/unknown/unet_transformer/split_0/6bba_05b6850b.geff/nodes/props/y/zarr.json
Output file downloaded to E:\Project\Biohub_CellTracking\experiments\diag_014_train16_preilp_edge_export\artifacts\tracking_repo/predictions/unknown/unet_transformer/split_0/6bba_05b6850b.geff/nodes/props/z/values/c/0
Output file downloaded to E:\Project\Biohub_CellTracking\experiments\diag_014_train16_preilp_edge_export\artifacts\tracking_repo/predictions/unknown/unet_transformer/split_0/6bba_05b6850b.geff/nodes/props/z/values/zarr.json
Output file downloaded to E:\Project\Biohub_CellTracking\experiments\diag_014_train16_preilp_edge_export\artifacts\tracking_repo/predictions/unknown/unet_transformer/split_0/6bba_05b6850b.geff/nodes/props/z/zarr.json
Output file downloaded to E:\Project\Biohub_CellTracking\experiments\diag_014_train16_preilp_edge_export\artifacts\tracking_repo/predictions/unknown/unet_transformer/split_0/6bba_05b6850b.geff/nodes/props/zarr.json
Output file downloaded to E:\Project\Biohub_CellTracking\experiments\diag_014_train16_preilp_edge_export\artifacts\tracking_repo/predictions/unknown/unet_transformer/split_0/6bba_05b6850b.geff/nodes/zarr.json
Output file downloaded to E:\Project\Biohub_CellTracking\experiments\diag_014_train16_preilp_edge_export\artifacts\tracking_repo/predictions/unknown/unet_transformer/split_0/6bba_05b6850b.geff/zarr.json
Output file downloaded to E:\Project\Biohub_CellTracking\experiments\diag_014_train16_preilp_edge_export\artifacts\tracking_repo/predictions/unknown/unet_transformer/split_0/6bba_05db0fb1.geff/edges/ids/c/0/0
Output file downloaded to E:\Project\Biohub_CellTracking\experiments\diag_014_train16_preilp_edge_export\artifacts\tracking_repo/predictions/unknown/unet_transformer/split_0/6bba_05db0fb1.geff/edges/ids/zarr.json
Output file downloaded to E:\Project\Biohub_CellTracking\experiments\diag_014_train16_preilp_edge_export\artifacts\tracking_repo/predictions/unknown/unet_transformer/split_0/6bba_05db0fb1.geff/edges/props/edge_dist/values/c/0
Output file downloaded to E:\Project\Biohub_CellTracking\experiments\diag_014_train16_preilp_edge_export\artifacts\tracking_repo/predictions/unknown/unet_transformer/split_0/6bba_05db0fb1.geff/edges/props/edge_dist/values/zarr.json
Output file downloaded to E:\Project\Biohub_CellTracking\experiments\diag_014_train16_preilp_edge_export\artifacts\tracking_repo/predictions/unknown/unet_transformer/split_0/6bba_05db0fb1.geff/edges/props/edge_dist/zarr.json
Output file downloaded to E:\Project\Biohub_CellTracking\experiments\diag_014_train16_preilp_edge_export\artifacts\tracking_repo/predictions/unknown/unet_transformer/split_0/6bba_05db0fb1.geff/edges/props/edge_prob/values/c/0
Output file downloaded to E:\Project\Biohub_CellTracking\experiments\diag_014_train16_preilp_edge_export\artifacts\tracking_repo/predictions/unknown/unet_transformer/split_0/6bba_05db0fb1.geff/edges/props/edge_prob/values/zarr.json
Output file downloaded to E:\Project\Biohub_CellTracking\experiments\diag_014_train16_preilp_edge_export\artifacts\tracking_repo/predictions/unknown/unet_transformer/split_0/6bba_05db0fb1.geff/edges/props/edge_prob/zarr.json
Output file downloaded to E:\Project\Biohub_CellTracking\experiments\diag_014_train16_preilp_edge_export\artifacts\tracking_repo/predictions/unknown/unet_transformer/split_0/6bba_05db0fb1.geff/edges/props/solution/values/c/0
Output file downloaded to E:\Project\Biohub_CellTracking\experiments\diag_014_train16_preilp_edge_export\artifacts\tracking_repo/predictions/unknown/unet_transformer/split_0/6bba_05db0fb1.geff/edges/props/solution/values/zarr.json
Output file downloaded to E:\Project\Biohub_CellTracking\experiments\diag_014_train16_preilp_edge_export\artifacts\tracking_repo/predictions/unknown/unet_transformer/split_0/6bba_05db0fb1.geff/edges/props/solution/zarr.json
Output file downloaded to E:\Project\Biohub_CellTracking\experiments\diag_014_train16_preilp_edge_export\artifacts\tracking_repo/predictions/unknown/unet_transformer/split_0/6bba_05db0fb1.geff/edges/props/zarr.json
Output file downloaded to E:\Project\Biohub_CellTracking\experiments\diag_014_train16_preilp_edge_export\artifacts\tracking_repo/predictions/unknown/unet_transformer/split_0/6bba_05db0fb1.geff/edges/zarr.json
Output file downloaded to E:\Project\Biohub_CellTracking\experiments\diag_014_train16_preilp_edge_export\artifacts\tracking_repo/predictions/unknown/unet_transformer/split_0/6bba_05db0fb1.geff/nodes/ids/c/0
Output file downloaded to E:\Project\Biohub_CellTracking\experiments\diag_014_train16_preilp_edge_export\artifacts\tracking_repo/predictions/unknown/unet_transformer/split_0/6bba_05db0fb1.geff/nodes/ids/zarr.json
Output file downloaded to E:\Project\Biohub_CellTracking\experiments\diag_014_train16_preilp_edge_export\artifacts\tracking_repo/predictions/unknown/unet_transformer/split_0/6bba_05db0fb1.geff/nodes/props/solution/values/c/0
Output file downloaded to E:\Project\Biohub_CellTracking\experiments\diag_014_train16_preilp_edge_export\artifacts\tracking_repo/predictions/unknown/unet_transformer/split_0/6bba_05db0fb1.geff/nodes/props/solution/values/zarr.json
Output file downloaded to E:\Project\Biohub_CellTracking\experiments\diag_014_train16_preilp_edge_export\artifacts\tracking_repo/predictions/unknown/unet_transformer/split_0/6bba_05db0fb1.geff/nodes/props/solution/zarr.json
Output file downloaded to E:\Project\Biohub_CellTracking\experiments\diag_014_train16_preilp_edge_export\artifacts\tracking_repo/predictions/unknown/unet_transformer/split_0/6bba_05db0fb1.geff/nodes/props/t/values/c/0
Output file downloaded to E:\Project\Biohub_CellTracking\experiments\diag_014_train16_preilp_edge_export\artifacts\tracking_repo/predictions/unknown/unet_transformer/split_0/6bba_05db0fb1.geff/nodes/props/t/values/zarr.json
Output file downloaded to E:\Project\Biohub_CellTracking\experiments\diag_014_train16_preilp_edge_export\artifacts\tracking_repo/predictions/unknown/unet_transformer/split_0/6bba_05db0fb1.geff/nodes/props/t/zarr.json
Output file downloaded to E:\Project\Biohub_CellTracking\experiments\diag_014_train16_preilp_edge_export\artifacts\tracking_repo/predictions/unknown/unet_transformer/split_0/6bba_05db0fb1.geff/nodes/props/x/values/c/0
Output file downloaded to E:\Project\Biohub_CellTracking\experiments\diag_014_train16_preilp_edge_export\artifacts\tracking_repo/predictions/unknown/unet_transformer/split_0/6bba_05db0fb1.geff/nodes/props/x/values/zarr.json
Output file downloaded to E:\Project\Biohub_CellTracking\experiments\diag_014_train16_preilp_edge_export\artifacts\tracking_repo/predictions/unknown/unet_transformer/split_0/6bba_05db0fb1.geff/nodes/props/x/zarr.json
Output file downloaded to E:\Project\Biohub_CellTracking\experiments\diag_014_train16_preilp_edge_export\artifacts\tracking_repo/predictions/unknown/unet_transformer/split_0/6bba_05db0fb1.geff/nodes/props/y/values/c/0
Output file downloaded to E:\Project\Biohub_CellTracking\experiments\diag_014_train16_preilp_edge_export\artifacts\tracking_repo/predictions/unknown/unet_transformer/split_0/6bba_05db0fb1.geff/nodes/props/y/values/zarr.json
Output file downloaded to E:\Project\Biohub_CellTracking\experiments\diag_014_train16_preilp_edge_export\artifacts\tracking_repo/predictions/unknown/unet_transformer/split_0/6bba_05db0fb1.geff/nodes/props/y/zarr.json
Output file downloaded to E:\Project\Biohub_CellTracking\experiments\diag_014_train16_preilp_edge_export\artifacts\tracking_repo/predictions/unknown/unet_transformer/split_0/6bba_05db0fb1.geff/nodes/props/z/values/c/0
Output file downloaded to E:\Project\Biohub_CellTracking\experiments\diag_014_train16_preilp_edge_export\artifacts\tracking_repo/predictions/unknown/unet_transformer/split_0/6bba_05db0fb1.geff/nodes/props/z/values/zarr.json
Output file downloaded to E:\Project\Biohub_CellTracking\experiments\diag_014_train16_preilp_edge_export\artifacts\tracking_repo/predictions/unknown/unet_transformer/split_0/6bba_05db0fb1.geff/nodes/props/z/zarr.json
Output file downloaded to E:\Project\Biohub_CellTracking\experiments\diag_014_train16_preilp_edge_export\artifacts\tracking_repo/predictions/unknown/unet_transformer/split_0/6bba_05db0fb1.geff/nodes/props/zarr.json
Output file downloaded to E:\Project\Biohub_CellTracking\experiments\diag_014_train16_preilp_edge_export\artifacts\tracking_repo/predictions/unknown/unet_transformer/split_0/6bba_05db0fb1.geff/nodes/zarr.json
Output file downloaded to E:\Project\Biohub_CellTracking\experiments\diag_014_train16_preilp_edge_export\artifacts\tracking_repo/predictions/unknown/unet_transformer/split_0/6bba_05db0fb1.geff/zarr.json
Output file downloaded to E:\Project\Biohub_CellTracking\experiments\diag_014_train16_preilp_edge_export\artifacts\tracking_repo/predictions/unknown/unet_transformer_val/split_0/44b6_1d530831.geff/edges/ids/c/0/0
Output file downloaded to E:\Project\Biohub_CellTracking\experiments\diag_014_train16_preilp_edge_export\artifacts\tracking_repo/predictions/unknown/unet_transformer_val/split_0/44b6_1d530831.geff/edges/ids/zarr.json
Output file downloaded to E:\Project\Biohub_CellTracking\experiments\diag_014_train16_preilp_edge_export\artifacts\tracking_repo/predictions/unknown/unet_transformer_val/split_0/44b6_1d530831.geff/edges/props/edge_dist/values/c/0
Output file downloaded to E:\Project\Biohub_CellTracking\experiments\diag_014_train16_preilp_edge_export\artifacts\tracking_repo/predictions/unknown/unet_transformer_val/split_0/44b6_1d530831.geff/edges/props/edge_dist/values/zarr.json
Output file downloaded to E:\Project\Biohub_CellTracking\experiments\diag_014_train16_preilp_edge_export\artifacts\tracking_repo/predictions/unknown/unet_transformer_val/split_0/44b6_1d530831.geff/edges/props/edge_dist/zarr.json
Output file downloaded to E:\Project\Biohub_CellTracking\experiments\diag_014_train16_preilp_edge_export\artifacts\tracking_repo/predictions/unknown/unet_transformer_val/split_0/44b6_1d530831.geff/edges/props/edge_prob/values/c/0
Output file downloaded to E:\Project\Biohub_CellTracking\experiments\diag_014_train16_preilp_edge_export\artifacts\tracking_repo/predictions/unknown/unet_transformer_val/split_0/44b6_1d530831.geff/edges/props/edge_prob/values/zarr.json
Output file downloaded to E:\Project\Biohub_CellTracking\experiments\diag_014_train16_preilp_edge_export\artifacts\tracking_repo/predictions/unknown/unet_transformer_val/split_0/44b6_1d530831.geff/edges/props/edge_prob/zarr.json
Output file downloaded to E:\Project\Biohub_CellTracking\experiments\diag_014_train16_preilp_edge_export\artifacts\tracking_repo/predictions/unknown/unet_transformer_val/split_0/44b6_1d530831.geff/edges/props/solution/values/c/0
Output file downloaded to E:\Project\Biohub_CellTracking\experiments\diag_014_train16_preilp_edge_export\artifacts\tracking_repo/predictions/unknown/unet_transformer_val/split_0/44b6_1d530831.geff/edges/props/solution/values/zarr.json
Output file downloaded to E:\Project\Biohub_CellTracking\experiments\diag_014_train16_preilp_edge_export\artifacts\tracking_repo/predictions/unknown/unet_transformer_val/split_0/44b6_1d530831.geff/edges/props/solution/zarr.json
Output file downloaded to E:\Project\Biohub_CellTracking\experiments\diag_014_train16_preilp_edge_export\artifacts\tracking_repo/predictions/unknown/unet_transformer_val/split_0/44b6_1d530831.geff/edges/props/zarr.json
Output file downloaded to E:\Project\Biohub_CellTracking\experiments\diag_014_train16_preilp_edge_export\artifacts\tracking_repo/predictions/unknown/unet_transformer_val/split_0/44b6_1d530831.geff/edges/zarr.json
Output file downloaded to E:\Project\Biohub_CellTracking\experiments\diag_014_train16_preilp_edge_export\artifacts\tracking_repo/predictions/unknown/unet_transformer_val/split_0/44b6_1d530831.geff/nodes/ids/c/0
Output file downloaded to E:\Project\Biohub_CellTracking\experiments\diag_014_train16_preilp_edge_export\artifacts\tracking_repo/predictions/unknown/unet_transformer_val/split_0/44b6_1d530831.geff/nodes/ids/zarr.json
Output file downloaded to E:\Project\Biohub_CellTracking\experiments\diag_014_train16_preilp_edge_export\artifacts\tracking_repo/predictions/unknown/unet_transformer_val/split_0/44b6_1d530831.geff/nodes/props/solution/values/c/0
Output file downloaded to E:\Project\Biohub_CellTracking\experiments\diag_014_train16_preilp_edge_export\artifacts\tracking_repo/predictions/unknown/unet_transformer_val/split_0/44b6_1d530831.geff/nodes/props/solution/values/zarr.json
Output file downloaded to E:\Project\Biohub_CellTracking\experiments\diag_014_train16_preilp_edge_export\artifacts\tracking_repo/predictions/unknown/unet_transformer_val/split_0/44b6_1d530831.geff/nodes/props/solution/zarr.json
Output file downloaded to E:\Project\Biohub_CellTracking\experiments\diag_014_train16_preilp_edge_export\artifacts\tracking_repo/predictions/unknown/unet_transformer_val/split_0/44b6_1d530831.geff/nodes/props/t/values/c/0
Output file downloaded to E:\Project\Biohub_CellTracking\experiments\diag_014_train16_preilp_edge_export\artifacts\tracking_repo/predictions/unknown/unet_transformer_val/split_0/44b6_1d530831.geff/nodes/props/t/values/zarr.json
Output file downloaded to E:\Project\Biohub_CellTracking\experiments\diag_014_train16_preilp_edge_export\artifacts\tracking_repo/predictions/unknown/unet_transformer_val/split_0/44b6_1d530831.geff/nodes/props/t/zarr.json
Output file downloaded to E:\Project\Biohub_CellTracking\experiments\diag_014_train16_preilp_edge_export\artifacts\tracking_repo/predictions/unknown/unet_transformer_val/split_0/44b6_1d530831.geff/nodes/props/x/values/c/0
Output file downloaded to E:\Project\Biohub_CellTracking\experiments\diag_014_train16_preilp_edge_export\artifacts\tracking_repo/predictions/unknown/unet_transformer_val/split_0/44b6_1d530831.geff/nodes/props/x/values/zarr.json
Output file downloaded to E:\Project\Biohub_CellTracking\experiments\diag_014_train16_preilp_edge_export\artifacts\tracking_repo/predictions/unknown/unet_transformer_val/split_0/44b6_1d530831.geff/nodes/props/x/zarr.json
Output file downloaded to E:\Project\Biohub_CellTracking\experiments\diag_014_train16_preilp_edge_export\artifacts\tracking_repo/predictions/unknown/unet_transformer_val/split_0/44b6_1d530831.geff/nodes/props/y/values/c/0
Output file downloaded to E:\Project\Biohub_CellTracking\experiments\diag_014_train16_preilp_edge_export\artifacts\tracking_repo/predictions/unknown/unet_transformer_val/split_0/44b6_1d530831.geff/nodes/props/y/values/zarr.json
Output file downloaded to E:\Project\Biohub_CellTracking\experiments\diag_014_train16_preilp_edge_export\artifacts\tracking_repo/predictions/unknown/unet_transformer_val/split_0/44b6_1d530831.geff/nodes/props/y/zarr.json
Output file downloaded to E:\Project\Biohub_CellTracking\experiments\diag_014_train16_preilp_edge_export\artifacts\tracking_repo/predictions/unknown/unet_transformer_val/split_0/44b6_1d530831.geff/nodes/props/z/values/c/0
Output file downloaded to E:\Project\Biohub_CellTracking\experiments\diag_014_train16_preilp_edge_export\artifacts\tracking_repo/predictions/unknown/unet_transformer_val/split_0/44b6_1d530831.geff/nodes/props/z/values/zarr.json
Output file downloaded to E:\Project\Biohub_CellTracking\experiments\diag_014_train16_preilp_edge_export\artifacts\tracking_repo/predictions/unknown/unet_transformer_val/split_0/44b6_1d530831.geff/nodes/props/z/zarr.json
Output file downloaded to E:\Project\Biohub_CellTracking\experiments\diag_014_train16_preilp_edge_export\artifacts\tracking_repo/predictions/unknown/unet_transformer_val/split_0/44b6_1d530831.geff/nodes/props/zarr.json
Output file downloaded to E:\Project\Biohub_CellTracking\experiments\diag_014_train16_preilp_edge_export\artifacts\tracking_repo/predictions/unknown/unet_transformer_val/split_0/44b6_1d530831.geff/nodes/zarr.json
Output file downloaded to E:\Project\Biohub_CellTracking\experiments\diag_014_train16_preilp_edge_export\artifacts\tracking_repo/predictions/unknown/unet_transformer_val/split_0/44b6_1d530831.geff/zarr.json
Output file downloaded to E:\Project\Biohub_CellTracking\experiments\diag_014_train16_preilp_edge_export\artifacts\tracking_repo/predictions/unknown/unet_transformer_val/split_0/44b6_2a2eff9f.geff/edges/ids/c/0/0
Output file downloaded to E:\Project\Biohub_CellTracking\experiments\diag_014_train16_preilp_edge_export\artifacts\tracking_repo/predictions/unknown/unet_transformer_val/split_0/44b6_2a2eff9f.geff/edges/ids/zarr.json
Output file downloaded to E:\Project\Biohub_CellTracking\experiments\diag_014_train16_preilp_edge_export\artifacts\tracking_repo/predictions/unknown/unet_transformer_val/split_0/44b6_2a2eff9f.geff/edges/props/edge_dist/values/c/0
Output file downloaded to E:\Project\Biohub_CellTracking\experiments\diag_014_train16_preilp_edge_export\artifacts\tracking_repo/predictions/unknown/unet_transformer_val/split_0/44b6_2a2eff9f.geff/edges/props/edge_dist/values/zarr.json
Output file downloaded to E:\Project\Biohub_CellTracking\experiments\diag_014_train16_preilp_edge_export\artifacts\tracking_repo/predictions/unknown/unet_transformer_val/split_0/44b6_2a2eff9f.geff/edges/props/edge_dist/zarr.json
Output file downloaded to E:\Project\Biohub_CellTracking\experiments\diag_014_train16_preilp_edge_export\artifacts\tracking_repo/predictions/unknown/unet_transformer_val/split_0/44b6_2a2eff9f.geff/edges/props/edge_prob/values/c/0
Output file downloaded to E:\Project\Biohub_CellTracking\experiments\diag_014_train16_preilp_edge_export\artifacts\tracking_repo/predictions/unknown/unet_transformer_val/split_0/44b6_2a2eff9f.geff/edges/props/edge_prob/values/zarr.json
Output file downloaded to E:\Project\Biohub_CellTracking\experiments\diag_014_train16_preilp_edge_export\artifacts\tracking_repo/predictions/unknown/unet_transformer_val/split_0/44b6_2a2eff9f.geff/edges/props/edge_prob/zarr.json
Output file downloaded to E:\Project\Biohub_CellTracking\experiments\diag_014_train16_preilp_edge_export\artifacts\tracking_repo/predictions/unknown/unet_transformer_val/split_0/44b6_2a2eff9f.geff/edges/props/solution/values/c/0
Output file downloaded to E:\Project\Biohub_CellTracking\experiments\diag_014_train16_preilp_edge_export\artifacts\tracking_repo/predictions/unknown/unet_transformer_val/split_0/44b6_2a2eff9f.geff/edges/props/solution/values/zarr.json
Output file downloaded to E:\Project\Biohub_CellTracking\experiments\diag_014_train16_preilp_edge_export\artifacts\tracking_repo/predictions/unknown/unet_transformer_val/split_0/44b6_2a2eff9f.geff/edges/props/solution/zarr.json
Output file downloaded to E:\Project\Biohub_CellTracking\experiments\diag_014_train16_preilp_edge_export\artifacts\tracking_repo/predictions/unknown/unet_transformer_val/split_0/44b6_2a2eff9f.geff/edges/props/zarr.json
Output file downloaded to E:\Project\Biohub_CellTracking\experiments\diag_014_train16_preilp_edge_export\artifacts\tracking_repo/predictions/unknown/unet_transformer_val/split_0/44b6_2a2eff9f.geff/edges/zarr.json
Output file downloaded to E:\Project\Biohub_CellTracking\experiments\diag_014_train16_preilp_edge_export\artifacts\tracking_repo/predictions/unknown/unet_transformer_val/split_0/44b6_2a2eff9f.geff/nodes/ids/c/0
Output file downloaded to E:\Project\Biohub_CellTracking\experiments\diag_014_train16_preilp_edge_export\artifacts\tracking_repo/predictions/unknown/unet_transformer_val/split_0/44b6_2a2eff9f.geff/nodes/ids/zarr.json
Output file downloaded to E:\Project\Biohub_CellTracking\experiments\diag_014_train16_preilp_edge_export\artifacts\tracking_repo/predictions/unknown/unet_transformer_val/split_0/44b6_2a2eff9f.geff/nodes/props/solution/values/c/0
Output file downloaded to E:\Project\Biohub_CellTracking\experiments\diag_014_train16_preilp_edge_export\artifacts\tracking_repo/predictions/unknown/unet_transformer_val/split_0/44b6_2a2eff9f.geff/nodes/props/solution/values/zarr.json
Output file downloaded to E:\Project\Biohub_CellTracking\experiments\diag_014_train16_preilp_edge_export\artifacts\tracking_repo/predictions/unknown/unet_transformer_val/split_0/44b6_2a2eff9f.geff/nodes/props/solution/zarr.json
Output file downloaded to E:\Project\Biohub_CellTracking\experiments\diag_014_train16_preilp_edge_export\artifacts\tracking_repo/predictions/unknown/unet_transformer_val/split_0/44b6_2a2eff9f.geff/nodes/props/t/values/c/0
Output file downloaded to E:\Project\Biohub_CellTracking\experiments\diag_014_train16_preilp_edge_export\artifacts\tracking_repo/predictions/unknown/unet_transformer_val/split_0/44b6_2a2eff9f.geff/nodes/props/t/values/zarr.json
Output file downloaded to E:\Project\Biohub_CellTracking\experiments\diag_014_train16_preilp_edge_export\artifacts\tracking_repo/predictions/unknown/unet_transformer_val/split_0/44b6_2a2eff9f.geff/nodes/props/t/zarr.json
Output file downloaded to E:\Project\Biohub_CellTracking\experiments\diag_014_train16_preilp_edge_export\artifacts\tracking_repo/predictions/unknown/unet_transformer_val/split_0/44b6_2a2eff9f.geff/nodes/props/x/values/c/0
Output file downloaded to E:\Project\Biohub_CellTracking\experiments\diag_014_train16_preilp_edge_export\artifacts\tracking_repo/predictions/unknown/unet_transformer_val/split_0/44b6_2a2eff9f.geff/nodes/props/x/values/zarr.json
Output file downloaded to E:\Project\Biohub_CellTracking\experiments\diag_014_train16_preilp_edge_export\artifacts\tracking_repo/predictions/unknown/unet_transformer_val/split_0/44b6_2a2eff9f.geff/nodes/props/x/zarr.json
Output file downloaded to E:\Project\Biohub_CellTracking\experiments\diag_014_train16_preilp_edge_export\artifacts\tracking_repo/predictions/unknown/unet_transformer_val/split_0/44b6_2a2eff9f.geff/nodes/props/y/values/c/0
Output file downloaded to E:\Project\Biohub_CellTracking\experiments\diag_014_train16_preilp_edge_export\artifacts\tracking_repo/predictions/unknown/unet_transformer_val/split_0/44b6_2a2eff9f.geff/nodes/props/y/values/zarr.json
Output file downloaded to E:\Project\Biohub_CellTracking\experiments\diag_014_train16_preilp_edge_export\artifacts\tracking_repo/predictions/unknown/unet_transformer_val/split_0/44b6_2a2eff9f.geff/nodes/props/y/zarr.json
Output file downloaded to E:\Project\Biohub_CellTracking\experiments\diag_014_train16_preilp_edge_export\artifacts\tracking_repo/predictions/unknown/unet_transformer_val/split_0/44b6_2a2eff9f.geff/nodes/props/z/values/c/0
Output file downloaded to E:\Project\Biohub_CellTracking\experiments\diag_014_train16_preilp_edge_export\artifacts\tracking_repo/predictions/unknown/unet_transformer_val/split_0/44b6_2a2eff9f.geff/nodes/props/z/values/zarr.json
Output file downloaded to E:\Project\Biohub_CellTracking\experiments\diag_014_train16_preilp_edge_export\artifacts\tracking_repo/predictions/unknown/unet_transformer_val/split_0/44b6_2a2eff9f.geff/nodes/props/z/zarr.json
Output file downloaded to E:\Project\Biohub_CellTracking\experiments\diag_014_train16_preilp_edge_export\artifacts\tracking_repo/predictions/unknown/unet_transformer_val/split_0/44b6_2a2eff9f.geff/nodes/props/zarr.json
Output file downloaded to E:\Project\Biohub_CellTracking\experiments\diag_014_train16_preilp_edge_export\artifacts\tracking_repo/predictions/unknown/unet_transformer_val/split_0/44b6_2a2eff9f.geff/nodes/zarr.json
Output file downloaded to E:\Project\Biohub_CellTracking\experiments\diag_014_train16_preilp_edge_export\artifacts\tracking_repo/predictions/unknown/unet_transformer_val/split_0/44b6_2a2eff9f.geff/zarr.json
Output file downloaded to E:\Project\Biohub_CellTracking\experiments\diag_014_train16_preilp_edge_export\artifacts\tracking_repo/predictions/unknown/unet_transformer_val/split_0/44b6_551a5dba.geff/edges/ids/c/0/0
Output file downloaded to E:\Project\Biohub_CellTracking\experiments\diag_014_train16_preilp_edge_export\artifacts\tracking_repo/predictions/unknown/unet_transformer_val/split_0/44b6_551a5dba.geff/edges/ids/zarr.json
Output file downloaded to E:\Project\Biohub_CellTracking\experiments\diag_014_train16_preilp_edge_export\artifacts\tracking_repo/predictions/unknown/unet_transformer_val/split_0/44b6_551a5dba.geff/edges/props/edge_dist/values/c/0
Output file downloaded to E:\Project\Biohub_CellTracking\experiments\diag_014_train16_preilp_edge_export\artifacts\tracking_repo/predictions/unknown/unet_transformer_val/split_0/44b6_551a5dba.geff/edges/props/edge_dist/values/zarr.json
Output file downloaded to E:\Project\Biohub_CellTracking\experiments\diag_014_train16_preilp_edge_export\artifacts\tracking_repo/predictions/unknown/unet_transformer_val/split_0/44b6_551a5dba.geff/edges/props/edge_dist/zarr.json
Output file downloaded to E:\Project\Biohub_CellTracking\experiments\diag_014_train16_preilp_edge_export\artifacts\tracking_repo/predictions/unknown/unet_transformer_val/split_0/44b6_551a5dba.geff/edges/props/edge_prob/values/c/0
Output file downloaded to E:\Project\Biohub_CellTracking\experiments\diag_014_train16_preilp_edge_export\artifacts\tracking_repo/predictions/unknown/unet_transformer_val/split_0/44b6_551a5dba.geff/edges/props/edge_prob/values/zarr.json
Output file downloaded to E:\Project\Biohub_CellTracking\experiments\diag_014_train16_preilp_edge_export\artifacts\tracking_repo/predictions/unknown/unet_transformer_val/split_0/44b6_551a5dba.geff/edges/props/edge_prob/zarr.json
Output file downloaded to E:\Project\Biohub_CellTracking\experiments\diag_014_train16_preilp_edge_export\artifacts\tracking_repo/predictions/unknown/unet_transformer_val/split_0/44b6_551a5dba.geff/edges/props/solution/values/c/0
Output file downloaded to E:\Project\Biohub_CellTracking\experiments\diag_014_train16_preilp_edge_export\artifacts\tracking_repo/predictions/unknown/unet_transformer_val/split_0/44b6_551a5dba.geff/edges/props/solution/values/zarr.json
Output file downloaded to E:\Project\Biohub_CellTracking\experiments\diag_014_train16_preilp_edge_export\artifacts\tracking_repo/predictions/unknown/unet_transformer_val/split_0/44b6_551a5dba.geff/edges/props/solution/zarr.json
Output file downloaded to E:\Project\Biohub_CellTracking\experiments\diag_014_train16_preilp_edge_export\artifacts\tracking_repo/predictions/unknown/unet_transformer_val/split_0/44b6_551a5dba.geff/edges/props/zarr.json
Output file downloaded to E:\Project\Biohub_CellTracking\experiments\diag_014_train16_preilp_edge_export\artifacts\tracking_repo/predictions/unknown/unet_transformer_val/split_0/44b6_551a5dba.geff/edges/zarr.json
Output file downloaded to E:\Project\Biohub_CellTracking\experiments\diag_014_train16_preilp_edge_export\artifacts\tracking_repo/predictions/unknown/unet_transformer_val/split_0/44b6_551a5dba.geff/nodes/ids/c/0
Output file downloaded to E:\Project\Biohub_CellTracking\experiments\diag_014_train16_preilp_edge_export\artifacts\tracking_repo/predictions/unknown/unet_transformer_val/split_0/44b6_551a5dba.geff/nodes/ids/zarr.json
Output file downloaded to E:\Project\Biohub_CellTracking\experiments\diag_014_train16_preilp_edge_export\artifacts\tracking_repo/predictions/unknown/unet_transformer_val/split_0/44b6_551a5dba.geff/nodes/props/solution/values/c/0
Output file downloaded to E:\Project\Biohub_CellTracking\experiments\diag_014_train16_preilp_edge_export\artifacts\tracking_repo/predictions/unknown/unet_transformer_val/split_0/44b6_551a5dba.geff/nodes/props/solution/values/zarr.json
Output file downloaded to E:\Project\Biohub_CellTracking\experiments\diag_014_train16_preilp_edge_export\artifacts\tracking_repo/predictions/unknown/unet_transformer_val/split_0/44b6_551a5dba.geff/nodes/props/solution/zarr.json
Output file downloaded to E:\Project\Biohub_CellTracking\experiments\diag_014_train16_preilp_edge_export\artifacts\tracking_repo/predictions/unknown/unet_transformer_val/split_0/44b6_551a5dba.geff/nodes/props/t/values/c/0
Output file downloaded to E:\Project\Biohub_CellTracking\experiments\diag_014_train16_preilp_edge_export\artifacts\tracking_repo/predictions/unknown/unet_transformer_val/split_0/44b6_551a5dba.geff/nodes/props/t/values/zarr.json
Output file downloaded to E:\Project\Biohub_CellTracking\experiments\diag_014_train16_preilp_edge_export\artifacts\tracking_repo/predictions/unknown/unet_transformer_val/split_0/44b6_551a5dba.geff/nodes/props/t/zarr.json
Output file downloaded to E:\Project\Biohub_CellTracking\experiments\diag_014_train16_preilp_edge_export\artifacts\tracking_repo/predictions/unknown/unet_transformer_val/split_0/44b6_551a5dba.geff/nodes/props/x/values/c/0
Output file downloaded to E:\Project\Biohub_CellTracking\experiments\diag_014_train16_preilp_edge_export\artifacts\tracking_repo/predictions/unknown/unet_transformer_val/split_0/44b6_551a5dba.geff/nodes/props/x/values/zarr.json
Output file downloaded to E:\Project\Biohub_CellTracking\experiments\diag_014_train16_preilp_edge_export\artifacts\tracking_repo/predictions/unknown/unet_transformer_val/split_0/44b6_551a5dba.geff/nodes/props/x/zarr.json
Output file downloaded to E:\Project\Biohub_CellTracking\experiments\diag_014_train16_preilp_edge_export\artifacts\tracking_repo/predictions/unknown/unet_transformer_val/split_0/44b6_551a5dba.geff/nodes/props/y/values/c/0
Output file downloaded to E:\Project\Biohub_CellTracking\experiments\diag_014_train16_preilp_edge_export\artifacts\tracking_repo/predictions/unknown/unet_transformer_val/split_0/44b6_551a5dba.geff/nodes/props/y/values/zarr.json
Output file downloaded to E:\Project\Biohub_CellTracking\experiments\diag_014_train16_preilp_edge_export\artifacts\tracking_repo/predictions/unknown/unet_transformer_val/split_0/44b6_551a5dba.geff/nodes/props/y/zarr.json
Output file downloaded to E:\Project\Biohub_CellTracking\experiments\diag_014_train16_preilp_edge_export\artifacts\tracking_repo/predictions/unknown/unet_transformer_val/split_0/44b6_551a5dba.geff/nodes/props/z/values/c/0
Output file downloaded to E:\Project\Biohub_CellTracking\experiments\diag_014_train16_preilp_edge_export\artifacts\tracking_repo/predictions/unknown/unet_transformer_val/split_0/44b6_551a5dba.geff/nodes/props/z/values/zarr.json
Output file downloaded to E:\Project\Biohub_CellTracking\experiments\diag_014_train16_preilp_edge_export\artifacts\tracking_repo/predictions/unknown/unet_transformer_val/split_0/44b6_551a5dba.geff/nodes/props/z/zarr.json
Output file downloaded to E:\Project\Biohub_CellTracking\experiments\diag_014_train16_preilp_edge_export\artifacts\tracking_repo/predictions/unknown/unet_transformer_val/split_0/44b6_551a5dba.geff/nodes/props/zarr.json
Output file downloaded to E:\Project\Biohub_CellTracking\experiments\diag_014_train16_preilp_edge_export\artifacts\tracking_repo/predictions/unknown/unet_transformer_val/split_0/44b6_551a5dba.geff/nodes/zarr.json
Output file downloaded to E:\Project\Biohub_CellTracking\experiments\diag_014_train16_preilp_edge_export\artifacts\tracking_repo/predictions/unknown/unet_transformer_val/split_0/44b6_551a5dba.geff/zarr.json
Output file downloaded to E:\Project\Biohub_CellTracking\experiments\diag_014_train16_preilp_edge_export\artifacts\tracking_repo/predictions/unknown/unet_transformer_val/split_0/44b6_7a302da0.geff/edges/ids/c/0/0
Output file downloaded to E:\Project\Biohub_CellTracking\experiments\diag_014_train16_preilp_edge_export\artifacts\tracking_repo/predictions/unknown/unet_transformer_val/split_0/44b6_7a302da0.geff/edges/ids/zarr.json
Output file downloaded to E:\Project\Biohub_CellTracking\experiments\diag_014_train16_preilp_edge_export\artifacts\tracking_repo/predictions/unknown/unet_transformer_val/split_0/44b6_7a302da0.geff/edges/props/edge_dist/values/c/0
Output file downloaded to E:\Project\Biohub_CellTracking\experiments\diag_014_train16_preilp_edge_export\artifacts\tracking_repo/predictions/unknown/unet_transformer_val/split_0/44b6_7a302da0.geff/edges/props/edge_dist/values/zarr.json
Output file downloaded to E:\Project\Biohub_CellTracking\experiments\diag_014_train16_preilp_edge_export\artifacts\tracking_repo/predictions/unknown/unet_transformer_val/split_0/44b6_7a302da0.geff/edges/props/edge_dist/zarr.json
Output file downloaded to E:\Project\Biohub_CellTracking\experiments\diag_014_train16_preilp_edge_export\artifacts\tracking_repo/predictions/unknown/unet_transformer_val/split_0/44b6_7a302da0.geff/edges/props/edge_prob/values/c/0
Output file downloaded to E:\Project\Biohub_CellTracking\experiments\diag_014_train16_preilp_edge_export\artifacts\tracking_repo/predictions/unknown/unet_transformer_val/split_0/44b6_7a302da0.geff/edges/props/edge_prob/values/zarr.json
Output file downloaded to E:\Project\Biohub_CellTracking\experiments\diag_014_train16_preilp_edge_export\artifacts\tracking_repo/predictions/unknown/unet_transformer_val/split_0/44b6_7a302da0.geff/edges/props/edge_prob/zarr.json
Output file downloaded to E:\Project\Biohub_CellTracking\experiments\diag_014_train16_preilp_edge_export\artifacts\tracking_repo/predictions/unknown/unet_transformer_val/split_0/44b6_7a302da0.geff/edges/props/solution/values/c/0
Output file downloaded to E:\Project\Biohub_CellTracking\experiments\diag_014_train16_preilp_edge_export\artifacts\tracking_repo/predictions/unknown/unet_transformer_val/split_0/44b6_7a302da0.geff/edges/props/solution/values/zarr.json
Output file downloaded to E:\Project\Biohub_CellTracking\experiments\diag_014_train16_preilp_edge_export\artifacts\tracking_repo/predictions/unknown/unet_transformer_val/split_0/44b6_7a302da0.geff/edges/props/solution/zarr.json
Output file downloaded to E:\Project\Biohub_CellTracking\experiments\diag_014_train16_preilp_edge_export\artifacts\tracking_repo/predictions/unknown/unet_transformer_val/split_0/44b6_7a302da0.geff/edges/props/zarr.json
Output file downloaded to E:\Project\Biohub_CellTracking\experiments\diag_014_train16_preilp_edge_export\artifacts\tracking_repo/predictions/unknown/unet_transformer_val/split_0/44b6_7a302da0.geff/edges/zarr.json
Output file downloaded to E:\Project\Biohub_CellTracking\experiments\diag_014_train16_preilp_edge_export\artifacts\tracking_repo/predictions/unknown/unet_transformer_val/split_0/44b6_7a302da0.geff/nodes/ids/c/0
Output file downloaded to E:\Project\Biohub_CellTracking\experiments\diag_014_train16_preilp_edge_export\artifacts\tracking_repo/predictions/unknown/unet_transformer_val/split_0/44b6_7a302da0.geff/nodes/ids/zarr.json
Output file downloaded to E:\Project\Biohub_CellTracking\experiments\diag_014_train16_preilp_edge_export\artifacts\tracking_repo/predictions/unknown/unet_transformer_val/split_0/44b6_7a302da0.geff/nodes/props/solution/values/c/0
Output file downloaded to E:\Project\Biohub_CellTracking\experiments\diag_014_train16_preilp_edge_export\artifacts\tracking_repo/predictions/unknown/unet_transformer_val/split_0/44b6_7a302da0.geff/nodes/props/solution/values/zarr.json
Output file downloaded to E:\Project\Biohub_CellTracking\experiments\diag_014_train16_preilp_edge_export\artifacts\tracking_repo/predictions/unknown/unet_transformer_val/split_0/44b6_7a302da0.geff/nodes/props/solution/zarr.json
Output file downloaded to E:\Project\Biohub_CellTracking\experiments\diag_014_train16_preilp_edge_export\artifacts\tracking_repo/predictions/unknown/unet_transformer_val/split_0/44b6_7a302da0.geff/nodes/props/t/values/c/0
Output file downloaded to E:\Project\Biohub_CellTracking\experiments\diag_014_train16_preilp_edge_export\artifacts\tracking_repo/predictions/unknown/unet_transformer_val/split_0/44b6_7a302da0.geff/nodes/props/t/values/zarr.json
Output file downloaded to E:\Project\Biohub_CellTracking\experiments\diag_014_train16_preilp_edge_export\artifacts\tracking_repo/predictions/unknown/unet_transformer_val/split_0/44b6_7a302da0.geff/nodes/props/t/zarr.json
Output file downloaded to E:\Project\Biohub_CellTracking\experiments\diag_014_train16_preilp_edge_export\artifacts\tracking_repo/predictions/unknown/unet_transformer_val/split_0/44b6_7a302da0.geff/nodes/props/x/values/c/0
Output file downloaded to E:\Project\Biohub_CellTracking\experiments\diag_014_train16_preilp_edge_export\artifacts\tracking_repo/predictions/unknown/unet_transformer_val/split_0/44b6_7a302da0.geff/nodes/props/x/values/zarr.json
Output file downloaded to E:\Project\Biohub_CellTracking\experiments\diag_014_train16_preilp_edge_export\artifacts\tracking_repo/predictions/unknown/unet_transformer_val/split_0/44b6_7a302da0.geff/nodes/props/x/zarr.json
Output file downloaded to E:\Project\Biohub_CellTracking\experiments\diag_014_train16_preilp_edge_export\artifacts\tracking_repo/predictions/unknown/unet_transformer_val/split_0/44b6_7a302da0.geff/nodes/props/y/values/c/0
Output file downloaded to E:\Project\Biohub_CellTracking\experiments\diag_014_train16_preilp_edge_export\artifacts\tracking_repo/predictions/unknown/unet_transformer_val/split_0/44b6_7a302da0.geff/nodes/props/y/values/zarr.json
Output file downloaded to E:\Project\Biohub_CellTracking\experiments\diag_014_train16_preilp_edge_export\artifacts\tracking_repo/predictions/unknown/unet_transformer_val/split_0/44b6_7a302da0.geff/nodes/props/y/zarr.json
Output file downloaded to E:\Project\Biohub_CellTracking\experiments\diag_014_train16_preilp_edge_export\artifacts\tracking_repo/predictions/unknown/unet_transformer_val/split_0/44b6_7a302da0.geff/nodes/props/z/values/c/0
Output file downloaded to E:\Project\Biohub_CellTracking\experiments\diag_014_train16_preilp_edge_export\artifacts\tracking_repo/predictions/unknown/unet_transformer_val/split_0/44b6_7a302da0.geff/nodes/props/z/values/zarr.json
Output file downloaded to E:\Project\Biohub_CellTracking\experiments\diag_014_train16_preilp_edge_export\artifacts\tracking_repo/predictions/unknown/unet_transformer_val/split_0/44b6_7a302da0.geff/nodes/props/z/zarr.json
Output file downloaded to E:\Project\Biohub_CellTracking\experiments\diag_014_train16_preilp_edge_export\artifacts\tracking_repo/predictions/unknown/unet_transformer_val/split_0/44b6_7a302da0.geff/nodes/props/zarr.json
Output file downloaded to E:\Project\Biohub_CellTracking\experiments\diag_014_train16_preilp_edge_export\artifacts\tracking_repo/predictions/unknown/unet_transformer_val/split_0/44b6_7a302da0.geff/nodes/zarr.json
Output file downloaded to E:\Project\Biohub_CellTracking\experiments\diag_014_train16_preilp_edge_export\artifacts\tracking_repo/predictions/unknown/unet_transformer_val/split_0/44b6_7a302da0.geff/zarr.json
Output file downloaded to E:\Project\Biohub_CellTracking\experiments\diag_014_train16_preilp_edge_export\artifacts\tracking_repo/predictions/unknown/unet_transformer_val/split_0/44b6_7e557709.geff/edges/ids/c/0/0
Output file downloaded to E:\Project\Biohub_CellTracking\experiments\diag_014_train16_preilp_edge_export\artifacts\tracking_repo/predictions/unknown/unet_transformer_val/split_0/44b6_7e557709.geff/edges/ids/zarr.json
Output file downloaded to E:\Project\Biohub_CellTracking\experiments\diag_014_train16_preilp_edge_export\artifacts\tracking_repo/predictions/unknown/unet_transformer_val/split_0/44b6_7e557709.geff/edges/props/edge_dist/values/c/0
Output file downloaded to E:\Project\Biohub_CellTracking\experiments\diag_014_train16_preilp_edge_export\artifacts\tracking_repo/predictions/unknown/unet_transformer_val/split_0/44b6_7e557709.geff/edges/props/edge_dist/values/zarr.json
Output file downloaded to E:\Project\Biohub_CellTracking\experiments\diag_014_train16_preilp_edge_export\artifacts\tracking_repo/predictions/unknown/unet_transformer_val/split_0/44b6_7e557709.geff/edges/props/edge_dist/zarr.json
Output file downloaded to E:\Project\Biohub_CellTracking\experiments\diag_014_train16_preilp_edge_export\artifacts\tracking_repo/predictions/unknown/unet_transformer_val/split_0/44b6_7e557709.geff/edges/props/edge_prob/values/c/0
Output file downloaded to E:\Project\Biohub_CellTracking\experiments\diag_014_train16_preilp_edge_export\artifacts\tracking_repo/predictions/unknown/unet_transformer_val/split_0/44b6_7e557709.geff/edges/props/edge_prob/values/zarr.json
Output file downloaded to E:\Project\Biohub_CellTracking\experiments\diag_014_train16_preilp_edge_export\artifacts\tracking_repo/predictions/unknown/unet_transformer_val/split_0/44b6_7e557709.geff/edges/props/edge_prob/zarr.json
Output file downloaded to E:\Project\Biohub_CellTracking\experiments\diag_014_train16_preilp_edge_export\artifacts\tracking_repo/predictions/unknown/unet_transformer_val/split_0/44b6_7e557709.geff/edges/props/solution/values/c/0
Output file downloaded to E:\Project\Biohub_CellTracking\experiments\diag_014_train16_preilp_edge_export\artifacts\tracking_repo/predictions/unknown/unet_transformer_val/split_0/44b6_7e557709.geff/edges/props/solution/values/zarr.json
Output file downloaded to E:\Project\Biohub_CellTracking\experiments\diag_014_train16_preilp_edge_export\artifacts\tracking_repo/predictions/unknown/unet_transformer_val/split_0/44b6_7e557709.geff/edges/props/solution/zarr.json
Output file downloaded to E:\Project\Biohub_CellTracking\experiments\diag_014_train16_preilp_edge_export\artifacts\tracking_repo/predictions/unknown/unet_transformer_val/split_0/44b6_7e557709.geff/edges/props/zarr.json
Output file downloaded to E:\Project\Biohub_CellTracking\experiments\diag_014_train16_preilp_edge_export\artifacts\tracking_repo/predictions/unknown/unet_transformer_val/split_0/44b6_7e557709.geff/edges/zarr.json
Output file downloaded to E:\Project\Biohub_CellTracking\experiments\diag_014_train16_preilp_edge_export\artifacts\tracking_repo/predictions/unknown/unet_transformer_val/split_0/44b6_7e557709.geff/nodes/ids/c/0
Output file downloaded to E:\Project\Biohub_CellTracking\experiments\diag_014_train16_preilp_edge_export\artifacts\tracking_repo/predictions/unknown/unet_transformer_val/split_0/44b6_7e557709.geff/nodes/ids/zarr.json
Output file downloaded to E:\Project\Biohub_CellTracking\experiments\diag_014_train16_preilp_edge_export\artifacts\tracking_repo/predictions/unknown/unet_transformer_val/split_0/44b6_7e557709.geff/nodes/props/solution/values/c/0
Output file downloaded to E:\Project\Biohub_CellTracking\experiments\diag_014_train16_preilp_edge_export\artifacts\tracking_repo/predictions/unknown/unet_transformer_val/split_0/44b6_7e557709.geff/nodes/props/solution/values/zarr.json
Output file downloaded to E:\Project\Biohub_CellTracking\experiments\diag_014_train16_preilp_edge_export\artifacts\tracking_repo/predictions/unknown/unet_transformer_val/split_0/44b6_7e557709.geff/nodes/props/solution/zarr.json
Output file downloaded to E:\Project\Biohub_CellTracking\experiments\diag_014_train16_preilp_edge_export\artifacts\tracking_repo/predictions/unknown/unet_transformer_val/split_0/44b6_7e557709.geff/nodes/props/t/values/c/0
Output file downloaded to E:\Project\Biohub_CellTracking\experiments\diag_014_train16_preilp_edge_export\artifacts\tracking_repo/predictions/unknown/unet_transformer_val/split_0/44b6_7e557709.geff/nodes/props/t/values/zarr.json
Output file downloaded to E:\Project\Biohub_CellTracking\experiments\diag_014_train16_preilp_edge_export\artifacts\tracking_repo/predictions/unknown/unet_transformer_val/split_0/44b6_7e557709.geff/nodes/props/t/zarr.json
Output file downloaded to E:\Project\Biohub_CellTracking\experiments\diag_014_train16_preilp_edge_export\artifacts\tracking_repo/predictions/unknown/unet_transformer_val/split_0/44b6_7e557709.geff/nodes/props/x/values/c/0
Output file downloaded to E:\Project\Biohub_CellTracking\experiments\diag_014_train16_preilp_edge_export\artifacts\tracking_repo/predictions/unknown/unet_transformer_val/split_0/44b6_7e557709.geff/nodes/props/x/values/zarr.json
Output file downloaded to E:\Project\Biohub_CellTracking\experiments\diag_014_train16_preilp_edge_export\artifacts\tracking_repo/predictions/unknown/unet_transformer_val/split_0/44b6_7e557709.geff/nodes/props/x/zarr.json
Output file downloaded to E:\Project\Biohub_CellTracking\experiments\diag_014_train16_preilp_edge_export\artifacts\tracking_repo/predictions/unknown/unet_transformer_val/split_0/44b6_7e557709.geff/nodes/props/y/values/c/0
Output file downloaded to E:\Project\Biohub_CellTracking\experiments\diag_014_train16_preilp_edge_export\artifacts\tracking_repo/predictions/unknown/unet_transformer_val/split_0/44b6_7e557709.geff/nodes/props/y/values/zarr.json
Output file downloaded to E:\Project\Biohub_CellTracking\experiments\diag_014_train16_preilp_edge_export\artifacts\tracking_repo/predictions/unknown/unet_transformer_val/split_0/44b6_7e557709.geff/nodes/props/y/zarr.json
Output file downloaded to E:\Project\Biohub_CellTracking\experiments\diag_014_train16_preilp_edge_export\artifacts\tracking_repo/predictions/unknown/unet_transformer_val/split_0/44b6_7e557709.geff/nodes/props/z/values/c/0
Output file downloaded to E:\Project\Biohub_CellTracking\experiments\diag_014_train16_preilp_edge_export\artifacts\tracking_repo/predictions/unknown/unet_transformer_val/split_0/44b6_7e557709.geff/nodes/props/z/values/zarr.json
Output file downloaded to E:\Project\Biohub_CellTracking\experiments\diag_014_train16_preilp_edge_export\artifacts\tracking_repo/predictions/unknown/unet_transformer_val/split_0/44b6_7e557709.geff/nodes/props/z/zarr.json
Output file downloaded to E:\Project\Biohub_CellTracking\experiments\diag_014_train16_preilp_edge_export\artifacts\tracking_repo/predictions/unknown/unet_transformer_val/split_0/44b6_7e557709.geff/nodes/props/zarr.json
Output file downloaded to E:\Project\Biohub_CellTracking\experiments\diag_014_train16_preilp_edge_export\artifacts\tracking_repo/predictions/unknown/unet_transformer_val/split_0/44b6_7e557709.geff/nodes/zarr.json
Output file downloaded to E:\Project\Biohub_CellTracking\experiments\diag_014_train16_preilp_edge_export\artifacts\tracking_repo/predictions/unknown/unet_transformer_val/split_0/44b6_7e557709.geff/zarr.json
Output file downloaded to E:\Project\Biohub_CellTracking\experiments\diag_014_train16_preilp_edge_export\artifacts\tracking_repo/predictions/unknown/unet_transformer_val/split_0/44b6_aaf8b0ea.geff/edges/ids/c/0/0
Output file downloaded to E:\Project\Biohub_CellTracking\experiments\diag_014_train16_preilp_edge_export\artifacts\tracking_repo/predictions/unknown/unet_transformer_val/split_0/44b6_aaf8b0ea.geff/edges/ids/zarr.json
Output file downloaded to E:\Project\Biohub_CellTracking\experiments\diag_014_train16_preilp_edge_export\artifacts\tracking_repo/predictions/unknown/unet_transformer_val/split_0/44b6_aaf8b0ea.geff/edges/props/edge_dist/values/c/0
Output file downloaded to E:\Project\Biohub_CellTracking\experiments\diag_014_train16_preilp_edge_export\artifacts\tracking_repo/predictions/unknown/unet_transformer_val/split_0/44b6_aaf8b0ea.geff/edges/props/edge_dist/values/zarr.json
Output file downloaded to E:\Project\Biohub_CellTracking\experiments\diag_014_train16_preilp_edge_export\artifacts\tracking_repo/predictions/unknown/unet_transformer_val/split_0/44b6_aaf8b0ea.geff/edges/props/edge_dist/zarr.json
Output file downloaded to E:\Project\Biohub_CellTracking\experiments\diag_014_train16_preilp_edge_export\artifacts\tracking_repo/predictions/unknown/unet_transformer_val/split_0/44b6_aaf8b0ea.geff/edges/props/edge_prob/values/c/0
Output file downloaded to E:\Project\Biohub_CellTracking\experiments\diag_014_train16_preilp_edge_export\artifacts\tracking_repo/predictions/unknown/unet_transformer_val/split_0/44b6_aaf8b0ea.geff/edges/props/edge_prob/values/zarr.json
Output file downloaded to E:\Project\Biohub_CellTracking\experiments\diag_014_train16_preilp_edge_export\artifacts\tracking_repo/predictions/unknown/unet_transformer_val/split_0/44b6_aaf8b0ea.geff/edges/props/edge_prob/zarr.json
Output file downloaded to E:\Project\Biohub_CellTracking\experiments\diag_014_train16_preilp_edge_export\artifacts\tracking_repo/predictions/unknown/unet_transformer_val/split_0/44b6_aaf8b0ea.geff/edges/props/solution/values/c/0
Output file downloaded to E:\Project\Biohub_CellTracking\experiments\diag_014_train16_preilp_edge_export\artifacts\tracking_repo/predictions/unknown/unet_transformer_val/split_0/44b6_aaf8b0ea.geff/edges/props/solution/values/zarr.json
Output file downloaded to E:\Project\Biohub_CellTracking\experiments\diag_014_train16_preilp_edge_export\artifacts\tracking_repo/predictions/unknown/unet_transformer_val/split_0/44b6_aaf8b0ea.geff/edges/props/solution/zarr.json
Output file downloaded to E:\Project\Biohub_CellTracking\experiments\diag_014_train16_preilp_edge_export\artifacts\tracking_repo/predictions/unknown/unet_transformer_val/split_0/44b6_aaf8b0ea.geff/edges/props/zarr.json
Output file downloaded to E:\Project\Biohub_CellTracking\experiments\diag_014_train16_preilp_edge_export\artifacts\tracking_repo/predictions/unknown/unet_transformer_val/split_0/44b6_aaf8b0ea.geff/edges/zarr.json
Output file downloaded to E:\Project\Biohub_CellTracking\experiments\diag_014_train16_preilp_edge_export\artifacts\tracking_repo/predictions/unknown/unet_transformer_val/split_0/44b6_aaf8b0ea.geff/nodes/ids/c/0
Output file downloaded to E:\Project\Biohub_CellTracking\experiments\diag_014_train16_preilp_edge_export\artifacts\tracking_repo/predictions/unknown/unet_transformer_val/split_0/44b6_aaf8b0ea.geff/nodes/ids/zarr.json
Output file downloaded to E:\Project\Biohub_CellTracking\experiments\diag_014_train16_preilp_edge_export\artifacts\tracking_repo/predictions/unknown/unet_transformer_val/split_0/44b6_aaf8b0ea.geff/nodes/props/solution/values/c/0
Output file downloaded to E:\Project\Biohub_CellTracking\experiments\diag_014_train16_preilp_edge_export\artifacts\tracking_repo/predictions/unknown/unet_transformer_val/split_0/44b6_aaf8b0ea.geff/nodes/props/solution/values/zarr.json
Output file downloaded to E:\Project\Biohub_CellTracking\experiments\diag_014_train16_preilp_edge_export\artifacts\tracking_repo/predictions/unknown/unet_transformer_val/split_0/44b6_aaf8b0ea.geff/nodes/props/solution/zarr.json
Output file downloaded to E:\Project\Biohub_CellTracking\experiments\diag_014_train16_preilp_edge_export\artifacts\tracking_repo/predictions/unknown/unet_transformer_val/split_0/44b6_aaf8b0ea.geff/nodes/props/t/values/c/0
Output file downloaded to E:\Project\Biohub_CellTracking\experiments\diag_014_train16_preilp_edge_export\artifacts\tracking_repo/predictions/unknown/unet_transformer_val/split_0/44b6_aaf8b0ea.geff/nodes/props/t/values/zarr.json
Output file downloaded to E:\Project\Biohub_CellTracking\experiments\diag_014_train16_preilp_edge_export\artifacts\tracking_repo/predictions/unknown/unet_transformer_val/split_0/44b6_aaf8b0ea.geff/nodes/props/t/zarr.json
Output file downloaded to E:\Project\Biohub_CellTracking\experiments\diag_014_train16_preilp_edge_export\artifacts\tracking_repo/predictions/unknown/unet_transformer_val/split_0/44b6_aaf8b0ea.geff/nodes/props/x/values/c/0
Output file downloaded to E:\Project\Biohub_CellTracking\experiments\diag_014_train16_preilp_edge_export\artifacts\tracking_repo/predictions/unknown/unet_transformer_val/split_0/44b6_aaf8b0ea.geff/nodes/props/x/values/zarr.json
Output file downloaded to E:\Project\Biohub_CellTracking\experiments\diag_014_train16_preilp_edge_export\artifacts\tracking_repo/predictions/unknown/unet_transformer_val/split_0/44b6_aaf8b0ea.geff/nodes/props/x/zarr.json
Output file downloaded to E:\Project\Biohub_CellTracking\experiments\diag_014_train16_preilp_edge_export\artifacts\tracking_repo/predictions/unknown/unet_transformer_val/split_0/44b6_aaf8b0ea.geff/nodes/props/y/values/c/0
Output file downloaded to E:\Project\Biohub_CellTracking\experiments\diag_014_train16_preilp_edge_export\artifacts\tracking_repo/predictions/unknown/unet_transformer_val/split_0/44b6_aaf8b0ea.geff/nodes/props/y/values/zarr.json
Output file downloaded to E:\Project\Biohub_CellTracking\experiments\diag_014_train16_preilp_edge_export\artifacts\tracking_repo/predictions/unknown/unet_transformer_val/split_0/44b6_aaf8b0ea.geff/nodes/props/y/zarr.json
Output file downloaded to E:\Project\Biohub_CellTracking\experiments\diag_014_train16_preilp_edge_export\artifacts\tracking_repo/predictions/unknown/unet_transformer_val/split_0/44b6_aaf8b0ea.geff/nodes/props/z/values/c/0
Output file downloaded to E:\Project\Biohub_CellTracking\experiments\diag_014_train16_preilp_edge_export\artifacts\tracking_repo/predictions/unknown/unet_transformer_val/split_0/44b6_aaf8b0ea.geff/nodes/props/z/values/zarr.json
Output file downloaded to E:\Project\Biohub_CellTracking\experiments\diag_014_train16_preilp_edge_export\artifacts\tracking_repo/predictions/unknown/unet_transformer_val/split_0/44b6_aaf8b0ea.geff/nodes/props/z/zarr.json
Output file downloaded to E:\Project\Biohub_CellTracking\experiments\diag_014_train16_preilp_edge_export\artifacts\tracking_repo/predictions/unknown/unet_transformer_val/split_0/44b6_aaf8b0ea.geff/nodes/props/zarr.json
Output file downloaded to E:\Project\Biohub_CellTracking\experiments\diag_014_train16_preilp_edge_export\artifacts\tracking_repo/predictions/unknown/unet_transformer_val/split_0/44b6_aaf8b0ea.geff/nodes/zarr.json
Output file downloaded to E:\Project\Biohub_CellTracking\experiments\diag_014_train16_preilp_edge_export\artifacts\tracking_repo/predictions/unknown/unet_transformer_val/split_0/44b6_aaf8b0ea.geff/zarr.json
Output file downloaded to E:\Project\Biohub_CellTracking\experiments\diag_014_train16_preilp_edge_export\artifacts\tracking_repo/predictions/unknown/unet_transformer_val/split_0/44b6_c15fded2.geff/edges/ids/c/0/0
Output file downloaded to E:\Project\Biohub_CellTracking\experiments\diag_014_train16_preilp_edge_export\artifacts\tracking_repo/predictions/unknown/unet_transformer_val/split_0/44b6_c15fded2.geff/edges/ids/zarr.json
Output file downloaded to E:\Project\Biohub_CellTracking\experiments\diag_014_train16_preilp_edge_export\artifacts\tracking_repo/predictions/unknown/unet_transformer_val/split_0/44b6_c15fded2.geff/edges/props/edge_dist/values/c/0
Output file downloaded to E:\Project\Biohub_CellTracking\experiments\diag_014_train16_preilp_edge_export\artifacts\tracking_repo/predictions/unknown/unet_transformer_val/split_0/44b6_c15fded2.geff/edges/props/edge_dist/values/zarr.json
Output file downloaded to E:\Project\Biohub_CellTracking\experiments\diag_014_train16_preilp_edge_export\artifacts\tracking_repo/predictions/unknown/unet_transformer_val/split_0/44b6_c15fded2.geff/edges/props/edge_dist/zarr.json
Output file downloaded to E:\Project\Biohub_CellTracking\experiments\diag_014_train16_preilp_edge_export\artifacts\tracking_repo/predictions/unknown/unet_transformer_val/split_0/44b6_c15fded2.geff/edges/props/edge_prob/values/c/0
Output file downloaded to E:\Project\Biohub_CellTracking\experiments\diag_014_train16_preilp_edge_export\artifacts\tracking_repo/predictions/unknown/unet_transformer_val/split_0/44b6_c15fded2.geff/edges/props/edge_prob/values/zarr.json
Output file downloaded to E:\Project\Biohub_CellTracking\experiments\diag_014_train16_preilp_edge_export\artifacts\tracking_repo/predictions/unknown/unet_transformer_val/split_0/44b6_c15fded2.geff/edges/props/edge_prob/zarr.json
Output file downloaded to E:\Project\Biohub_CellTracking\experiments\diag_014_train16_preilp_edge_export\artifacts\tracking_repo/predictions/unknown/unet_transformer_val/split_0/44b6_c15fded2.geff/edges/props/solution/values/c/0
Output file downloaded to E:\Project\Biohub_CellTracking\experiments\diag_014_train16_preilp_edge_export\artifacts\tracking_repo/predictions/unknown/unet_transformer_val/split_0/44b6_c15fded2.geff/edges/props/solution/values/zarr.json
Output file downloaded to E:\Project\Biohub_CellTracking\experiments\diag_014_train16_preilp_edge_export\artifacts\tracking_repo/predictions/unknown/unet_transformer_val/split_0/44b6_c15fded2.geff/edges/props/solution/zarr.json
Output file downloaded to E:\Project\Biohub_CellTracking\experiments\diag_014_train16_preilp_edge_export\artifacts\tracking_repo/predictions/unknown/unet_transformer_val/split_0/44b6_c15fded2.geff/edges/props/zarr.json
Output file downloaded to E:\Project\Biohub_CellTracking\experiments\diag_014_train16_preilp_edge_export\artifacts\tracking_repo/predictions/unknown/unet_transformer_val/split_0/44b6_c15fded2.geff/edges/zarr.json
Output file downloaded to E:\Project\Biohub_CellTracking\experiments\diag_014_train16_preilp_edge_export\artifacts\tracking_repo/predictions/unknown/unet_transformer_val/split_0/44b6_c15fded2.geff/nodes/ids/c/0
Output file downloaded to E:\Project\Biohub_CellTracking\experiments\diag_014_train16_preilp_edge_export\artifacts\tracking_repo/predictions/unknown/unet_transformer_val/split_0/44b6_c15fded2.geff/nodes/ids/zarr.json
Output file downloaded to E:\Project\Biohub_CellTracking\experiments\diag_014_train16_preilp_edge_export\artifacts\tracking_repo/predictions/unknown/unet_transformer_val/split_0/44b6_c15fded2.geff/nodes/props/solution/values/c/0
Output file downloaded to E:\Project\Biohub_CellTracking\experiments\diag_014_train16_preilp_edge_export\artifacts\tracking_repo/predictions/unknown/unet_transformer_val/split_0/44b6_c15fded2.geff/nodes/props/solution/values/zarr.json
Output file downloaded to E:\Project\Biohub_CellTracking\experiments\diag_014_train16_preilp_edge_export\artifacts\tracking_repo/predictions/unknown/unet_transformer_val/split_0/44b6_c15fded2.geff/nodes/props/solution/zarr.json
Output file downloaded to E:\Project\Biohub_CellTracking\experiments\diag_014_train16_preilp_edge_export\artifacts\tracking_repo/predictions/unknown/unet_transformer_val/split_0/44b6_c15fded2.geff/nodes/props/t/values/c/0
Output file downloaded to E:\Project\Biohub_CellTracking\experiments\diag_014_train16_preilp_edge_export\artifacts\tracking_repo/predictions/unknown/unet_transformer_val/split_0/44b6_c15fded2.geff/nodes/props/t/values/zarr.json
Output file downloaded to E:\Project\Biohub_CellTracking\experiments\diag_014_train16_preilp_edge_export\artifacts\tracking_repo/predictions/unknown/unet_transformer_val/split_0/44b6_c15fded2.geff/nodes/props/t/zarr.json
Output file downloaded to E:\Project\Biohub_CellTracking\experiments\diag_014_train16_preilp_edge_export\artifacts\tracking_repo/predictions/unknown/unet_transformer_val/split_0/44b6_c15fded2.geff/nodes/props/x/values/c/0
Output file downloaded to E:\Project\Biohub_CellTracking\experiments\diag_014_train16_preilp_edge_export\artifacts\tracking_repo/predictions/unknown/unet_transformer_val/split_0/44b6_c15fded2.geff/nodes/props/x/values/zarr.json
Output file downloaded to E:\Project\Biohub_CellTracking\experiments\diag_014_train16_preilp_edge_export\artifacts\tracking_repo/predictions/unknown/unet_transformer_val/split_0/44b6_c15fded2.geff/nodes/props/x/zarr.json
Output file downloaded to E:\Project\Biohub_CellTracking\experiments\diag_014_train16_preilp_edge_export\artifacts\tracking_repo/predictions/unknown/unet_transformer_val/split_0/44b6_c15fded2.geff/nodes/props/y/values/c/0
Output file downloaded to E:\Project\Biohub_CellTracking\experiments\diag_014_train16_preilp_edge_export\artifacts\tracking_repo/predictions/unknown/unet_transformer_val/split_0/44b6_c15fded2.geff/nodes/props/y/values/zarr.json
Output file downloaded to E:\Project\Biohub_CellTracking\experiments\diag_014_train16_preilp_edge_export\artifacts\tracking_repo/predictions/unknown/unet_transformer_val/split_0/44b6_c15fded2.geff/nodes/props/y/zarr.json
Output file downloaded to E:\Project\Biohub_CellTracking\experiments\diag_014_train16_preilp_edge_export\artifacts\tracking_repo/predictions/unknown/unet_transformer_val/split_0/44b6_c15fded2.geff/nodes/props/z/values/c/0
Output file downloaded to E:\Project\Biohub_CellTracking\experiments\diag_014_train16_preilp_edge_export\artifacts\tracking_repo/predictions/unknown/unet_transformer_val/split_0/44b6_c15fded2.geff/nodes/props/z/values/zarr.json
Output file downloaded to E:\Project\Biohub_CellTracking\experiments\diag_014_train16_preilp_edge_export\artifacts\tracking_repo/predictions/unknown/unet_transformer_val/split_0/44b6_c15fded2.geff/nodes/props/z/zarr.json
Output file downloaded to E:\Project\Biohub_CellTracking\experiments\diag_014_train16_preilp_edge_export\artifacts\tracking_repo/predictions/unknown/unet_transformer_val/split_0/44b6_c15fded2.geff/nodes/props/zarr.json
Output file downloaded to E:\Project\Biohub_CellTracking\experiments\diag_014_train16_preilp_edge_export\artifacts\tracking_repo/predictions/unknown/unet_transformer_val/split_0/44b6_c15fded2.geff/nodes/zarr.json
Output file downloaded to E:\Project\Biohub_CellTracking\experiments\diag_014_train16_preilp_edge_export\artifacts\tracking_repo/predictions/unknown/unet_transformer_val/split_0/44b6_c15fded2.geff/zarr.json
Output file downloaded to E:\Project\Biohub_CellTracking\experiments\diag_014_train16_preilp_edge_export\artifacts\tracking_repo/predictions/unknown/unet_transformer_val/split_0/44b6_c50204e0.geff/edges/ids/c/0/0
Output file downloaded to E:\Project\Biohub_CellTracking\experiments\diag_014_train16_preilp_edge_export\artifacts\tracking_repo/predictions/unknown/unet_transformer_val/split_0/44b6_c50204e0.geff/edges/ids/zarr.json
Output file downloaded to E:\Project\Biohub_CellTracking\experiments\diag_014_train16_preilp_edge_export\artifacts\tracking_repo/predictions/unknown/unet_transformer_val/split_0/44b6_c50204e0.geff/edges/props/edge_dist/values/c/0
Output file downloaded to E:\Project\Biohub_CellTracking\experiments\diag_014_train16_preilp_edge_export\artifacts\tracking_repo/predictions/unknown/unet_transformer_val/split_0/44b6_c50204e0.geff/edges/props/edge_dist/values/zarr.json
Output file downloaded to E:\Project\Biohub_CellTracking\experiments\diag_014_train16_preilp_edge_export\artifacts\tracking_repo/predictions/unknown/unet_transformer_val/split_0/44b6_c50204e0.geff/edges/props/edge_dist/zarr.json
Output file downloaded to E:\Project\Biohub_CellTracking\experiments\diag_014_train16_preilp_edge_export\artifacts\tracking_repo/predictions/unknown/unet_transformer_val/split_0/44b6_c50204e0.geff/edges/props/edge_prob/values/c/0
Output file downloaded to E:\Project\Biohub_CellTracking\experiments\diag_014_train16_preilp_edge_export\artifacts\tracking_repo/predictions/unknown/unet_transformer_val/split_0/44b6_c50204e0.geff/edges/props/edge_prob/values/zarr.json
Output file downloaded to E:\Project\Biohub_CellTracking\experiments\diag_014_train16_preilp_edge_export\artifacts\tracking_repo/predictions/unknown/unet_transformer_val/split_0/44b6_c50204e0.geff/edges/props/edge_prob/zarr.json
Output file downloaded to E:\Project\Biohub_CellTracking\experiments\diag_014_train16_preilp_edge_export\artifacts\tracking_repo/predictions/unknown/unet_transformer_val/split_0/44b6_c50204e0.geff/edges/props/solution/values/c/0
Output file downloaded to E:\Project\Biohub_CellTracking\experiments\diag_014_train16_preilp_edge_export\artifacts\tracking_repo/predictions/unknown/unet_transformer_val/split_0/44b6_c50204e0.geff/edges/props/solution/values/zarr.json
Output file downloaded to E:\Project\Biohub_CellTracking\experiments\diag_014_train16_preilp_edge_export\artifacts\tracking_repo/predictions/unknown/unet_transformer_val/split_0/44b6_c50204e0.geff/edges/props/solution/zarr.json
Output file downloaded to E:\Project\Biohub_CellTracking\experiments\diag_014_train16_preilp_edge_export\artifacts\tracking_repo/predictions/unknown/unet_transformer_val/split_0/44b6_c50204e0.geff/edges/props/zarr.json
Output file downloaded to E:\Project\Biohub_CellTracking\experiments\diag_014_train16_preilp_edge_export\artifacts\tracking_repo/predictions/unknown/unet_transformer_val/split_0/44b6_c50204e0.geff/edges/zarr.json
Output file downloaded to E:\Project\Biohub_CellTracking\experiments\diag_014_train16_preilp_edge_export\artifacts\tracking_repo/predictions/unknown/unet_transformer_val/split_0/44b6_c50204e0.geff/nodes/ids/c/0
Output file downloaded to E:\Project\Biohub_CellTracking\experiments\diag_014_train16_preilp_edge_export\artifacts\tracking_repo/predictions/unknown/unet_transformer_val/split_0/44b6_c50204e0.geff/nodes/ids/zarr.json
Output file downloaded to E:\Project\Biohub_CellTracking\experiments\diag_014_train16_preilp_edge_export\artifacts\tracking_repo/predictions/unknown/unet_transformer_val/split_0/44b6_c50204e0.geff/nodes/props/solution/values/c/0
Output file downloaded to E:\Project\Biohub_CellTracking\experiments\diag_014_train16_preilp_edge_export\artifacts\tracking_repo/predictions/unknown/unet_transformer_val/split_0/44b6_c50204e0.geff/nodes/props/solution/values/zarr.json
Output file downloaded to E:\Project\Biohub_CellTracking\experiments\diag_014_train16_preilp_edge_export\artifacts\tracking_repo/predictions/unknown/unet_transformer_val/split_0/44b6_c50204e0.geff/nodes/props/solution/zarr.json
Output file downloaded to E:\Project\Biohub_CellTracking\experiments\diag_014_train16_preilp_edge_export\artifacts\tracking_repo/predictions/unknown/unet_transformer_val/split_0/44b6_c50204e0.geff/nodes/props/t/values/c/0
Output file downloaded to E:\Project\Biohub_CellTracking\experiments\diag_014_train16_preilp_edge_export\artifacts\tracking_repo/predictions/unknown/unet_transformer_val/split_0/44b6_c50204e0.geff/nodes/props/t/values/zarr.json
Output file downloaded to E:\Project\Biohub_CellTracking\experiments\diag_014_train16_preilp_edge_export\artifacts\tracking_repo/predictions/unknown/unet_transformer_val/split_0/44b6_c50204e0.geff/nodes/props/t/zarr.json
Output file downloaded to E:\Project\Biohub_CellTracking\experiments\diag_014_train16_preilp_edge_export\artifacts\tracking_repo/predictions/unknown/unet_transformer_val/split_0/44b6_c50204e0.geff/nodes/props/x/values/c/0
Output file downloaded to E:\Project\Biohub_CellTracking\experiments\diag_014_train16_preilp_edge_export\artifacts\tracking_repo/predictions/unknown/unet_transformer_val/split_0/44b6_c50204e0.geff/nodes/props/x/values/zarr.json
Output file downloaded to E:\Project\Biohub_CellTracking\experiments\diag_014_train16_preilp_edge_export\artifacts\tracking_repo/predictions/unknown/unet_transformer_val/split_0/44b6_c50204e0.geff/nodes/props/x/zarr.json
Output file downloaded to E:\Project\Biohub_CellTracking\experiments\diag_014_train16_preilp_edge_export\artifacts\tracking_repo/predictions/unknown/unet_transformer_val/split_0/44b6_c50204e0.geff/nodes/props/y/values/c/0
Output file downloaded to E:\Project\Biohub_CellTracking\experiments\diag_014_train16_preilp_edge_export\artifacts\tracking_repo/predictions/unknown/unet_transformer_val/split_0/44b6_c50204e0.geff/nodes/props/y/values/zarr.json
Output file downloaded to E:\Project\Biohub_CellTracking\experiments\diag_014_train16_preilp_edge_export\artifacts\tracking_repo/predictions/unknown/unet_transformer_val/split_0/44b6_c50204e0.geff/nodes/props/y/zarr.json
Output file downloaded to E:\Project\Biohub_CellTracking\experiments\diag_014_train16_preilp_edge_export\artifacts\tracking_repo/predictions/unknown/unet_transformer_val/split_0/44b6_c50204e0.geff/nodes/props/z/values/c/0
Output file downloaded to E:\Project\Biohub_CellTracking\experiments\diag_014_train16_preilp_edge_export\artifacts\tracking_repo/predictions/unknown/unet_transformer_val/split_0/44b6_c50204e0.geff/nodes/props/z/values/zarr.json
Output file downloaded to E:\Project\Biohub_CellTracking\experiments\diag_014_train16_preilp_edge_export\artifacts\tracking_repo/predictions/unknown/unet_transformer_val/split_0/44b6_c50204e0.geff/nodes/props/z/zarr.json
Output file downloaded to E:\Project\Biohub_CellTracking\experiments\diag_014_train16_preilp_edge_export\artifacts\tracking_repo/predictions/unknown/unet_transformer_val/split_0/44b6_c50204e0.geff/nodes/props/zarr.json
Output file downloaded to E:\Project\Biohub_CellTracking\experiments\diag_014_train16_preilp_edge_export\artifacts\tracking_repo/predictions/unknown/unet_transformer_val/split_0/44b6_c50204e0.geff/nodes/zarr.json
Output file downloaded to E:\Project\Biohub_CellTracking\experiments\diag_014_train16_preilp_edge_export\artifacts\tracking_repo/predictions/unknown/unet_transformer_val/split_0/44b6_c50204e0.geff/zarr.json
Output file downloaded to E:\Project\Biohub_CellTracking\experiments\diag_014_train16_preilp_edge_export\artifacts\tracking_repo/predictions/unknown/unet_transformer_val/split_0/6bba_0c7fa718.geff/edges/ids/c/0/0
Output file downloaded to E:\Project\Biohub_CellTracking\experiments\diag_014_train16_preilp_edge_export\artifacts\tracking_repo/predictions/unknown/unet_transformer_val/split_0/6bba_0c7fa718.geff/edges/ids/zarr.json
Output file downloaded to E:\Project\Biohub_CellTracking\experiments\diag_014_train16_preilp_edge_export\artifacts\tracking_repo/predictions/unknown/unet_transformer_val/split_0/6bba_0c7fa718.geff/edges/props/edge_dist/values/c/0
Output file downloaded to E:\Project\Biohub_CellTracking\experiments\diag_014_train16_preilp_edge_export\artifacts\tracking_repo/predictions/unknown/unet_transformer_val/split_0/6bba_0c7fa718.geff/edges/props/edge_dist/values/zarr.json
Output file downloaded to E:\Project\Biohub_CellTracking\experiments\diag_014_train16_preilp_edge_export\artifacts\tracking_repo/predictions/unknown/unet_transformer_val/split_0/6bba_0c7fa718.geff/edges/props/edge_dist/zarr.json
Output file downloaded to E:\Project\Biohub_CellTracking\experiments\diag_014_train16_preilp_edge_export\artifacts\tracking_repo/predictions/unknown/unet_transformer_val/split_0/6bba_0c7fa718.geff/edges/props/edge_prob/values/c/0
Output file downloaded to E:\Project\Biohub_CellTracking\experiments\diag_014_train16_preilp_edge_export\artifacts\tracking_repo/predictions/unknown/unet_transformer_val/split_0/6bba_0c7fa718.geff/edges/props/edge_prob/values/zarr.json
Output file downloaded to E:\Project\Biohub_CellTracking\experiments\diag_014_train16_preilp_edge_export\artifacts\tracking_repo/predictions/unknown/unet_transformer_val/split_0/6bba_0c7fa718.geff/edges/props/edge_prob/zarr.json
Output file downloaded to E:\Project\Biohub_CellTracking\experiments\diag_014_train16_preilp_edge_export\artifacts\tracking_repo/predictions/unknown/unet_transformer_val/split_0/6bba_0c7fa718.geff/edges/props/solution/values/c/0
Output file downloaded to E:\Project\Biohub_CellTracking\experiments\diag_014_train16_preilp_edge_export\artifacts\tracking_repo/predictions/unknown/unet_transformer_val/split_0/6bba_0c7fa718.geff/edges/props/solution/values/zarr.json
Output file downloaded to E:\Project\Biohub_CellTracking\experiments\diag_014_train16_preilp_edge_export\artifacts\tracking_repo/predictions/unknown/unet_transformer_val/split_0/6bba_0c7fa718.geff/edges/props/solution/zarr.json
Output file downloaded to E:\Project\Biohub_CellTracking\experiments\diag_014_train16_preilp_edge_export\artifacts\tracking_repo/predictions/unknown/unet_transformer_val/split_0/6bba_0c7fa718.geff/edges/props/zarr.json
Output file downloaded to E:\Project\Biohub_CellTracking\experiments\diag_014_train16_preilp_edge_export\artifacts\tracking_repo/predictions/unknown/unet_transformer_val/split_0/6bba_0c7fa718.geff/edges/zarr.json
Output file downloaded to E:\Project\Biohub_CellTracking\experiments\diag_014_train16_preilp_edge_export\artifacts\tracking_repo/predictions/unknown/unet_transformer_val/split_0/6bba_0c7fa718.geff/nodes/ids/c/0
Output file downloaded to E:\Project\Biohub_CellTracking\experiments\diag_014_train16_preilp_edge_export\artifacts\tracking_repo/predictions/unknown/unet_transformer_val/split_0/6bba_0c7fa718.geff/nodes/ids/zarr.json
Output file downloaded to E:\Project\Biohub_CellTracking\experiments\diag_014_train16_preilp_edge_export\artifacts\tracking_repo/predictions/unknown/unet_transformer_val/split_0/6bba_0c7fa718.geff/nodes/props/solution/values/c/0
Output file downloaded to E:\Project\Biohub_CellTracking\experiments\diag_014_train16_preilp_edge_export\artifacts\tracking_repo/predictions/unknown/unet_transformer_val/split_0/6bba_0c7fa718.geff/nodes/props/solution/values/zarr.json
Output file downloaded to E:\Project\Biohub_CellTracking\experiments\diag_014_train16_preilp_edge_export\artifacts\tracking_repo/predictions/unknown/unet_transformer_val/split_0/6bba_0c7fa718.geff/nodes/props/solution/zarr.json
Output file downloaded to E:\Project\Biohub_CellTracking\experiments\diag_014_train16_preilp_edge_export\artifacts\tracking_repo/predictions/unknown/unet_transformer_val/split_0/6bba_0c7fa718.geff/nodes/props/t/values/c/0
Output file downloaded to E:\Project\Biohub_CellTracking\experiments\diag_014_train16_preilp_edge_export\artifacts\tracking_repo/predictions/unknown/unet_transformer_val/split_0/6bba_0c7fa718.geff/nodes/props/t/values/zarr.json
Output file downloaded to E:\Project\Biohub_CellTracking\experiments\diag_014_train16_preilp_edge_export\artifacts\tracking_repo/predictions/unknown/unet_transformer_val/split_0/6bba_0c7fa718.geff/nodes/props/t/zarr.json
Output file downloaded to E:\Project\Biohub_CellTracking\experiments\diag_014_train16_preilp_edge_export\artifacts\tracking_repo/predictions/unknown/unet_transformer_val/split_0/6bba_0c7fa718.geff/nodes/props/x/values/c/0
Output file downloaded to E:\Project\Biohub_CellTracking\experiments\diag_014_train16_preilp_edge_export\artifacts\tracking_repo/predictions/unknown/unet_transformer_val/split_0/6bba_0c7fa718.geff/nodes/props/x/values/zarr.json
Output file downloaded to E:\Project\Biohub_CellTracking\experiments\diag_014_train16_preilp_edge_export\artifacts\tracking_repo/predictions/unknown/unet_transformer_val/split_0/6bba_0c7fa718.geff/nodes/props/x/zarr.json
Output file downloaded to E:\Project\Biohub_CellTracking\experiments\diag_014_train16_preilp_edge_export\artifacts\tracking_repo/predictions/unknown/unet_transformer_val/split_0/6bba_0c7fa718.geff/nodes/props/y/values/c/0
Output file downloaded to E:\Project\Biohub_CellTracking\experiments\diag_014_train16_preilp_edge_export\artifacts\tracking_repo/predictions/unknown/unet_transformer_val/split_0/6bba_0c7fa718.geff/nodes/props/y/values/zarr.json
Output file downloaded to E:\Project\Biohub_CellTracking\experiments\diag_014_train16_preilp_edge_export\artifacts\tracking_repo/predictions/unknown/unet_transformer_val/split_0/6bba_0c7fa718.geff/nodes/props/y/zarr.json
Output file downloaded to E:\Project\Biohub_CellTracking\experiments\diag_014_train16_preilp_edge_export\artifacts\tracking_repo/predictions/unknown/unet_transformer_val/split_0/6bba_0c7fa718.geff/nodes/props/z/values/c/0
Output file downloaded to E:\Project\Biohub_CellTracking\experiments\diag_014_train16_preilp_edge_export\artifacts\tracking_repo/predictions/unknown/unet_transformer_val/split_0/6bba_0c7fa718.geff/nodes/props/z/values/zarr.json
Output file downloaded to E:\Project\Biohub_CellTracking\experiments\diag_014_train16_preilp_edge_export\artifacts\tracking_repo/predictions/unknown/unet_transformer_val/split_0/6bba_0c7fa718.geff/nodes/props/z/zarr.json
Output file downloaded to E:\Project\Biohub_CellTracking\experiments\diag_014_train16_preilp_edge_export\artifacts\tracking_repo/predictions/unknown/unet_transformer_val/split_0/6bba_0c7fa718.geff/nodes/props/zarr.json
Output file downloaded to E:\Project\Biohub_CellTracking\experiments\diag_014_train16_preilp_edge_export\artifacts\tracking_repo/predictions/unknown/unet_transformer_val/split_0/6bba_0c7fa718.geff/nodes/zarr.json
Output file downloaded to E:\Project\Biohub_CellTracking\experiments\diag_014_train16_preilp_edge_export\artifacts\tracking_repo/predictions/unknown/unet_transformer_val/split_0/6bba_0c7fa718.geff/zarr.json
Output file downloaded to E:\Project\Biohub_CellTracking\experiments\diag_014_train16_preilp_edge_export\artifacts\tracking_repo/predictions/unknown/unet_transformer_val/split_0/6bba_283bf9f1.geff/edges/ids/c/0/0
Output file downloaded to E:\Project\Biohub_CellTracking\experiments\diag_014_train16_preilp_edge_export\artifacts\tracking_repo/predictions/unknown/unet_transformer_val/split_0/6bba_283bf9f1.geff/edges/ids/zarr.json
Output file downloaded to E:\Project\Biohub_CellTracking\experiments\diag_014_train16_preilp_edge_export\artifacts\tracking_repo/predictions/unknown/unet_transformer_val/split_0/6bba_283bf9f1.geff/edges/props/edge_dist/values/c/0
Output file downloaded to E:\Project\Biohub_CellTracking\experiments\diag_014_train16_preilp_edge_export\artifacts\tracking_repo/predictions/unknown/unet_transformer_val/split_0/6bba_283bf9f1.geff/edges/props/edge_dist/values/zarr.json
Output file downloaded to E:\Project\Biohub_CellTracking\experiments\diag_014_train16_preilp_edge_export\artifacts\tracking_repo/predictions/unknown/unet_transformer_val/split_0/6bba_283bf9f1.geff/edges/props/edge_dist/zarr.json
Output file downloaded to E:\Project\Biohub_CellTracking\experiments\diag_014_train16_preilp_edge_export\artifacts\tracking_repo/predictions/unknown/unet_transformer_val/split_0/6bba_283bf9f1.geff/edges/props/edge_prob/values/c/0
Output file downloaded to E:\Project\Biohub_CellTracking\experiments\diag_014_train16_preilp_edge_export\artifacts\tracking_repo/predictions/unknown/unet_transformer_val/split_0/6bba_283bf9f1.geff/edges/props/edge_prob/values/zarr.json
Output file downloaded to E:\Project\Biohub_CellTracking\experiments\diag_014_train16_preilp_edge_export\artifacts\tracking_repo/predictions/unknown/unet_transformer_val/split_0/6bba_283bf9f1.geff/edges/props/edge_prob/zarr.json
Output file downloaded to E:\Project\Biohub_CellTracking\experiments\diag_014_train16_preilp_edge_export\artifacts\tracking_repo/predictions/unknown/unet_transformer_val/split_0/6bba_283bf9f1.geff/edges/props/solution/values/c/0
Output file downloaded to E:\Project\Biohub_CellTracking\experiments\diag_014_train16_preilp_edge_export\artifacts\tracking_repo/predictions/unknown/unet_transformer_val/split_0/6bba_283bf9f1.geff/edges/props/solution/values/zarr.json
Output file downloaded to E:\Project\Biohub_CellTracking\experiments\diag_014_train16_preilp_edge_export\artifacts\tracking_repo/predictions/unknown/unet_transformer_val/split_0/6bba_283bf9f1.geff/edges/props/solution/zarr.json
Output file downloaded to E:\Project\Biohub_CellTracking\experiments\diag_014_train16_preilp_edge_export\artifacts\tracking_repo/predictions/unknown/unet_transformer_val/split_0/6bba_283bf9f1.geff/edges/props/zarr.json
Output file downloaded to E:\Project\Biohub_CellTracking\experiments\diag_014_train16_preilp_edge_export\artifacts\tracking_repo/predictions/unknown/unet_transformer_val/split_0/6bba_283bf9f1.geff/edges/zarr.json
Output file downloaded to E:\Project\Biohub_CellTracking\experiments\diag_014_train16_preilp_edge_export\artifacts\tracking_repo/predictions/unknown/unet_transformer_val/split_0/6bba_283bf9f1.geff/nodes/ids/c/0
Output file downloaded to E:\Project\Biohub_CellTracking\experiments\diag_014_train16_preilp_edge_export\artifacts\tracking_repo/predictions/unknown/unet_transformer_val/split_0/6bba_283bf9f1.geff/nodes/ids/zarr.json
Output file downloaded to E:\Project\Biohub_CellTracking\experiments\diag_014_train16_preilp_edge_export\artifacts\tracking_repo/predictions/unknown/unet_transformer_val/split_0/6bba_283bf9f1.geff/nodes/props/solution/values/c/0
Output file downloaded to E:\Project\Biohub_CellTracking\experiments\diag_014_train16_preilp_edge_export\artifacts\tracking_repo/predictions/unknown/unet_transformer_val/split_0/6bba_283bf9f1.geff/nodes/props/solution/values/zarr.json
Output file downloaded to E:\Project\Biohub_CellTracking\experiments\diag_014_train16_preilp_edge_export\artifacts\tracking_repo/predictions/unknown/unet_transformer_val/split_0/6bba_283bf9f1.geff/nodes/props/solution/zarr.json
Output file downloaded to E:\Project\Biohub_CellTracking\experiments\diag_014_train16_preilp_edge_export\artifacts\tracking_repo/predictions/unknown/unet_transformer_val/split_0/6bba_283bf9f1.geff/nodes/props/t/values/c/0
Output file downloaded to E:\Project\Biohub_CellTracking\experiments\diag_014_train16_preilp_edge_export\artifacts\tracking_repo/predictions/unknown/unet_transformer_val/split_0/6bba_283bf9f1.geff/nodes/props/t/values/zarr.json
Output file downloaded to E:\Project\Biohub_CellTracking\experiments\diag_014_train16_preilp_edge_export\artifacts\tracking_repo/predictions/unknown/unet_transformer_val/split_0/6bba_283bf9f1.geff/nodes/props/t/zarr.json
Output file downloaded to E:\Project\Biohub_CellTracking\experiments\diag_014_train16_preilp_edge_export\artifacts\tracking_repo/predictions/unknown/unet_transformer_val/split_0/6bba_283bf9f1.geff/nodes/props/x/values/c/0
Output file downloaded to E:\Project\Biohub_CellTracking\experiments\diag_014_train16_preilp_edge_export\artifacts\tracking_repo/predictions/unknown/unet_transformer_val/split_0/6bba_283bf9f1.geff/nodes/props/x/values/zarr.json
Output file downloaded to E:\Project\Biohub_CellTracking\experiments\diag_014_train16_preilp_edge_export\artifacts\tracking_repo/predictions/unknown/unet_transformer_val/split_0/6bba_283bf9f1.geff/nodes/props/x/zarr.json
Output file downloaded to E:\Project\Biohub_CellTracking\experiments\diag_014_train16_preilp_edge_export\artifacts\tracking_repo/predictions/unknown/unet_transformer_val/split_0/6bba_283bf9f1.geff/nodes/props/y/values/c/0
Output file downloaded to E:\Project\Biohub_CellTracking\experiments\diag_014_train16_preilp_edge_export\artifacts\tracking_repo/predictions/unknown/unet_transformer_val/split_0/6bba_283bf9f1.geff/nodes/props/y/values/zarr.json
Output file downloaded to E:\Project\Biohub_CellTracking\experiments\diag_014_train16_preilp_edge_export\artifacts\tracking_repo/predictions/unknown/unet_transformer_val/split_0/6bba_283bf9f1.geff/nodes/props/y/zarr.json
Output file downloaded to E:\Project\Biohub_CellTracking\experiments\diag_014_train16_preilp_edge_export\artifacts\tracking_repo/predictions/unknown/unet_transformer_val/split_0/6bba_283bf9f1.geff/nodes/props/z/values/c/0
Output file downloaded to E:\Project\Biohub_CellTracking\experiments\diag_014_train16_preilp_edge_export\artifacts\tracking_repo/predictions/unknown/unet_transformer_val/split_0/6bba_283bf9f1.geff/nodes/props/z/values/zarr.json
Output file downloaded to E:\Project\Biohub_CellTracking\experiments\diag_014_train16_preilp_edge_export\artifacts\tracking_repo/predictions/unknown/unet_transformer_val/split_0/6bba_283bf9f1.geff/nodes/props/z/zarr.json
Output file downloaded to E:\Project\Biohub_CellTracking\experiments\diag_014_train16_preilp_edge_export\artifacts\tracking_repo/predictions/unknown/unet_transformer_val/split_0/6bba_283bf9f1.geff/nodes/props/zarr.json
Output file downloaded to E:\Project\Biohub_CellTracking\experiments\diag_014_train16_preilp_edge_export\artifacts\tracking_repo/predictions/unknown/unet_transformer_val/split_0/6bba_283bf9f1.geff/nodes/zarr.json
Output file downloaded to E:\Project\Biohub_CellTracking\experiments\diag_014_train16_preilp_edge_export\artifacts\tracking_repo/predictions/unknown/unet_transformer_val/split_0/6bba_283bf9f1.geff/zarr.json
Output file downloaded to E:\Project\Biohub_CellTracking\experiments\diag_014_train16_preilp_edge_export\artifacts\tracking_repo/predictions/unknown/unet_transformer_val/split_0/6bba_337b1b3a.geff/edges/ids/c/0/0
Output file downloaded to E:\Project\Biohub_CellTracking\experiments\diag_014_train16_preilp_edge_export\artifacts\tracking_repo/predictions/unknown/unet_transformer_val/split_0/6bba_337b1b3a.geff/edges/ids/zarr.json
Output file downloaded to E:\Project\Biohub_CellTracking\experiments\diag_014_train16_preilp_edge_export\artifacts\tracking_repo/predictions/unknown/unet_transformer_val/split_0/6bba_337b1b3a.geff/edges/props/edge_dist/values/c/0
Output file downloaded to E:\Project\Biohub_CellTracking\experiments\diag_014_train16_preilp_edge_export\artifacts\tracking_repo/predictions/unknown/unet_transformer_val/split_0/6bba_337b1b3a.geff/edges/props/edge_dist/values/zarr.json
Output file downloaded to E:\Project\Biohub_CellTracking\experiments\diag_014_train16_preilp_edge_export\artifacts\tracking_repo/predictions/unknown/unet_transformer_val/split_0/6bba_337b1b3a.geff/edges/props/edge_dist/zarr.json
Output file downloaded to E:\Project\Biohub_CellTracking\experiments\diag_014_train16_preilp_edge_export\artifacts\tracking_repo/predictions/unknown/unet_transformer_val/split_0/6bba_337b1b3a.geff/edges/props/edge_prob/values/c/0
Output file downloaded to E:\Project\Biohub_CellTracking\experiments\diag_014_train16_preilp_edge_export\artifacts\tracking_repo/predictions/unknown/unet_transformer_val/split_0/6bba_337b1b3a.geff/edges/props/edge_prob/values/zarr.json
Output file downloaded to E:\Project\Biohub_CellTracking\experiments\diag_014_train16_preilp_edge_export\artifacts\tracking_repo/predictions/unknown/unet_transformer_val/split_0/6bba_337b1b3a.geff/edges/props/edge_prob/zarr.json
Output file downloaded to E:\Project\Biohub_CellTracking\experiments\diag_014_train16_preilp_edge_export\artifacts\tracking_repo/predictions/unknown/unet_transformer_val/split_0/6bba_337b1b3a.geff/edges/props/solution/values/c/0
Output file downloaded to E:\Project\Biohub_CellTracking\experiments\diag_014_train16_preilp_edge_export\artifacts\tracking_repo/predictions/unknown/unet_transformer_val/split_0/6bba_337b1b3a.geff/edges/props/solution/values/zarr.json
Output file downloaded to E:\Project\Biohub_CellTracking\experiments\diag_014_train16_preilp_edge_export\artifacts\tracking_repo/predictions/unknown/unet_transformer_val/split_0/6bba_337b1b3a.geff/edges/props/solution/zarr.json
Output file downloaded to E:\Project\Biohub_CellTracking\experiments\diag_014_train16_preilp_edge_export\artifacts\tracking_repo/predictions/unknown/unet_transformer_val/split_0/6bba_337b1b3a.geff/edges/props/zarr.json
Output file downloaded to E:\Project\Biohub_CellTracking\experiments\diag_014_train16_preilp_edge_export\artifacts\tracking_repo/predictions/unknown/unet_transformer_val/split_0/6bba_337b1b3a.geff/edges/zarr.json
Output file downloaded to E:\Project\Biohub_CellTracking\experiments\diag_014_train16_preilp_edge_export\artifacts\tracking_repo/predictions/unknown/unet_transformer_val/split_0/6bba_337b1b3a.geff/nodes/ids/c/0
Output file downloaded to E:\Project\Biohub_CellTracking\experiments\diag_014_train16_preilp_edge_export\artifacts\tracking_repo/predictions/unknown/unet_transformer_val/split_0/6bba_337b1b3a.geff/nodes/ids/zarr.json
Output file downloaded to E:\Project\Biohub_CellTracking\experiments\diag_014_train16_preilp_edge_export\artifacts\tracking_repo/predictions/unknown/unet_transformer_val/split_0/6bba_337b1b3a.geff/nodes/props/solution/values/c/0
Output file downloaded to E:\Project\Biohub_CellTracking\experiments\diag_014_train16_preilp_edge_export\artifacts\tracking_repo/predictions/unknown/unet_transformer_val/split_0/6bba_337b1b3a.geff/nodes/props/solution/values/zarr.json
Output file downloaded to E:\Project\Biohub_CellTracking\experiments\diag_014_train16_preilp_edge_export\artifacts\tracking_repo/predictions/unknown/unet_transformer_val/split_0/6bba_337b1b3a.geff/nodes/props/solution/zarr.json
Output file downloaded to E:\Project\Biohub_CellTracking\experiments\diag_014_train16_preilp_edge_export\artifacts\tracking_repo/predictions/unknown/unet_transformer_val/split_0/6bba_337b1b3a.geff/nodes/props/t/values/c/0
Output file downloaded to E:\Project\Biohub_CellTracking\experiments\diag_014_train16_preilp_edge_export\artifacts\tracking_repo/predictions/unknown/unet_transformer_val/split_0/6bba_337b1b3a.geff/nodes/props/t/values/zarr.json
Output file downloaded to E:\Project\Biohub_CellTracking\experiments\diag_014_train16_preilp_edge_export\artifacts\tracking_repo/predictions/unknown/unet_transformer_val/split_0/6bba_337b1b3a.geff/nodes/props/t/zarr.json
Output file downloaded to E:\Project\Biohub_CellTracking\experiments\diag_014_train16_preilp_edge_export\artifacts\tracking_repo/predictions/unknown/unet_transformer_val/split_0/6bba_337b1b3a.geff/nodes/props/x/values/c/0
Output file downloaded to E:\Project\Biohub_CellTracking\experiments\diag_014_train16_preilp_edge_export\artifacts\tracking_repo/predictions/unknown/unet_transformer_val/split_0/6bba_337b1b3a.geff/nodes/props/x/values/zarr.json
Output file downloaded to E:\Project\Biohub_CellTracking\experiments\diag_014_train16_preilp_edge_export\artifacts\tracking_repo/predictions/unknown/unet_transformer_val/split_0/6bba_337b1b3a.geff/nodes/props/x/zarr.json
Output file downloaded to E:\Project\Biohub_CellTracking\experiments\diag_014_train16_preilp_edge_export\artifacts\tracking_repo/predictions/unknown/unet_transformer_val/split_0/6bba_337b1b3a.geff/nodes/props/y/values/c/0
Output file downloaded to E:\Project\Biohub_CellTracking\experiments\diag_014_train16_preilp_edge_export\artifacts\tracking_repo/predictions/unknown/unet_transformer_val/split_0/6bba_337b1b3a.geff/nodes/props/y/values/zarr.json
Output file downloaded to E:\Project\Biohub_CellTracking\experiments\diag_014_train16_preilp_edge_export\artifacts\tracking_repo/predictions/unknown/unet_transformer_val/split_0/6bba_337b1b3a.geff/nodes/props/y/zarr.json
Output file downloaded to E:\Project\Biohub_CellTracking\experiments\diag_014_train16_preilp_edge_export\artifacts\tracking_repo/predictions/unknown/unet_transformer_val/split_0/6bba_337b1b3a.geff/nodes/props/z/values/c/0
Output file downloaded to E:\Project\Biohub_CellTracking\experiments\diag_014_train16_preilp_edge_export\artifacts\tracking_repo/predictions/unknown/unet_transformer_val/split_0/6bba_337b1b3a.geff/nodes/props/z/values/zarr.json
Output file downloaded to E:\Project\Biohub_CellTracking\experiments\diag_014_train16_preilp_edge_export\artifacts\tracking_repo/predictions/unknown/unet_transformer_val/split_0/6bba_337b1b3a.geff/nodes/props/z/zarr.json
Output file downloaded to E:\Project\Biohub_CellTracking\experiments\diag_014_train16_preilp_edge_export\artifacts\tracking_repo/predictions/unknown/unet_transformer_val/split_0/6bba_337b1b3a.geff/nodes/props/zarr.json
Output file downloaded to E:\Project\Biohub_CellTracking\experiments\diag_014_train16_preilp_edge_export\artifacts\tracking_repo/predictions/unknown/unet_transformer_val/split_0/6bba_337b1b3a.geff/nodes/zarr.json
Output file downloaded to E:\Project\Biohub_CellTracking\experiments\diag_014_train16_preilp_edge_export\artifacts\tracking_repo/predictions/unknown/unet_transformer_val/split_0/6bba_337b1b3a.geff/zarr.json
Output file downloaded to E:\Project\Biohub_CellTracking\experiments\diag_014_train16_preilp_edge_export\artifacts\tracking_repo/predictions/unknown/unet_transformer_val/split_0/6bba_372c8cb8.geff/edges/ids/c/0/0
Output file downloaded to E:\Project\Biohub_CellTracking\experiments\diag_014_train16_preilp_edge_export\artifacts\tracking_repo/predictions/unknown/unet_transformer_val/split_0/6bba_372c8cb8.geff/edges/ids/zarr.json
Output file downloaded to E:\Project\Biohub_CellTracking\experiments\diag_014_train16_preilp_edge_export\artifacts\tracking_repo/predictions/unknown/unet_transformer_val/split_0/6bba_372c8cb8.geff/edges/props/edge_dist/values/c/0
Output file downloaded to E:\Project\Biohub_CellTracking\experiments\diag_014_train16_preilp_edge_export\artifacts\tracking_repo/predictions/unknown/unet_transformer_val/split_0/6bba_372c8cb8.geff/edges/props/edge_dist/values/zarr.json
Output file downloaded to E:\Project\Biohub_CellTracking\experiments\diag_014_train16_preilp_edge_export\artifacts\tracking_repo/predictions/unknown/unet_transformer_val/split_0/6bba_372c8cb8.geff/edges/props/edge_dist/zarr.json
Output file downloaded to E:\Project\Biohub_CellTracking\experiments\diag_014_train16_preilp_edge_export\artifacts\tracking_repo/predictions/unknown/unet_transformer_val/split_0/6bba_372c8cb8.geff/edges/props/edge_prob/values/c/0
Output file downloaded to E:\Project\Biohub_CellTracking\experiments\diag_014_train16_preilp_edge_export\artifacts\tracking_repo/predictions/unknown/unet_transformer_val/split_0/6bba_372c8cb8.geff/edges/props/edge_prob/values/zarr.json
Output file downloaded to E:\Project\Biohub_CellTracking\experiments\diag_014_train16_preilp_edge_export\artifacts\tracking_repo/predictions/unknown/unet_transformer_val/split_0/6bba_372c8cb8.geff/edges/props/edge_prob/zarr.json
Output file downloaded to E:\Project\Biohub_CellTracking\experiments\diag_014_train16_preilp_edge_export\artifacts\tracking_repo/predictions/unknown/unet_transformer_val/split_0/6bba_372c8cb8.geff/edges/props/solution/values/c/0
Output file downloaded to E:\Project\Biohub_CellTracking\experiments\diag_014_train16_preilp_edge_export\artifacts\tracking_repo/predictions/unknown/unet_transformer_val/split_0/6bba_372c8cb8.geff/edges/props/solution/values/zarr.json
Output file downloaded to E:\Project\Biohub_CellTracking\experiments\diag_014_train16_preilp_edge_export\artifacts\tracking_repo/predictions/unknown/unet_transformer_val/split_0/6bba_372c8cb8.geff/edges/props/solution/zarr.json
Output file downloaded to E:\Project\Biohub_CellTracking\experiments\diag_014_train16_preilp_edge_export\artifacts\tracking_repo/predictions/unknown/unet_transformer_val/split_0/6bba_372c8cb8.geff/edges/props/zarr.json
Output file downloaded to E:\Project\Biohub_CellTracking\experiments\diag_014_train16_preilp_edge_export\artifacts\tracking_repo/predictions/unknown/unet_transformer_val/split_0/6bba_372c8cb8.geff/edges/zarr.json
Output file downloaded to E:\Project\Biohub_CellTracking\experiments\diag_014_train16_preilp_edge_export\artifacts\tracking_repo/predictions/unknown/unet_transformer_val/split_0/6bba_372c8cb8.geff/nodes/ids/c/0
Output file downloaded to E:\Project\Biohub_CellTracking\experiments\diag_014_train16_preilp_edge_export\artifacts\tracking_repo/predictions/unknown/unet_transformer_val/split_0/6bba_372c8cb8.geff/nodes/ids/zarr.json
Output file downloaded to E:\Project\Biohub_CellTracking\experiments\diag_014_train16_preilp_edge_export\artifacts\tracking_repo/predictions/unknown/unet_transformer_val/split_0/6bba_372c8cb8.geff/nodes/props/solution/values/c/0
Output file downloaded to E:\Project\Biohub_CellTracking\experiments\diag_014_train16_preilp_edge_export\artifacts\tracking_repo/predictions/unknown/unet_transformer_val/split_0/6bba_372c8cb8.geff/nodes/props/solution/values/zarr.json
Output file downloaded to E:\Project\Biohub_CellTracking\experiments\diag_014_train16_preilp_edge_export\artifacts\tracking_repo/predictions/unknown/unet_transformer_val/split_0/6bba_372c8cb8.geff/nodes/props/solution/zarr.json
Output file downloaded to E:\Project\Biohub_CellTracking\experiments\diag_014_train16_preilp_edge_export\artifacts\tracking_repo/predictions/unknown/unet_transformer_val/split_0/6bba_372c8cb8.geff/nodes/props/t/values/c/0
Output file downloaded to E:\Project\Biohub_CellTracking\experiments\diag_014_train16_preilp_edge_export\artifacts\tracking_repo/predictions/unknown/unet_transformer_val/split_0/6bba_372c8cb8.geff/nodes/props/t/values/zarr.json
Output file downloaded to E:\Project\Biohub_CellTracking\experiments\diag_014_train16_preilp_edge_export\artifacts\tracking_repo/predictions/unknown/unet_transformer_val/split_0/6bba_372c8cb8.geff/nodes/props/t/zarr.json
Output file downloaded to E:\Project\Biohub_CellTracking\experiments\diag_014_train16_preilp_edge_export\artifacts\tracking_repo/predictions/unknown/unet_transformer_val/split_0/6bba_372c8cb8.geff/nodes/props/x/values/c/0
Output file downloaded to E:\Project\Biohub_CellTracking\experiments\diag_014_train16_preilp_edge_export\artifacts\tracking_repo/predictions/unknown/unet_transformer_val/split_0/6bba_372c8cb8.geff/nodes/props/x/values/zarr.json
Output file downloaded to E:\Project\Biohub_CellTracking\experiments\diag_014_train16_preilp_edge_export\artifacts\tracking_repo/predictions/unknown/unet_transformer_val/split_0/6bba_372c8cb8.geff/nodes/props/x/zarr.json
Output file downloaded to E:\Project\Biohub_CellTracking\experiments\diag_014_train16_preilp_edge_export\artifacts\tracking_repo/predictions/unknown/unet_transformer_val/split_0/6bba_372c8cb8.geff/nodes/props/y/values/c/0
Output file downloaded to E:\Project\Biohub_CellTracking\experiments\diag_014_train16_preilp_edge_export\artifacts\tracking_repo/predictions/unknown/unet_transformer_val/split_0/6bba_372c8cb8.geff/nodes/props/y/values/zarr.json
Output file downloaded to E:\Project\Biohub_CellTracking\experiments\diag_014_train16_preilp_edge_export\artifacts\tracking_repo/predictions/unknown/unet_transformer_val/split_0/6bba_372c8cb8.geff/nodes/props/y/zarr.json
Output file downloaded to E:\Project\Biohub_CellTracking\experiments\diag_014_train16_preilp_edge_export\artifacts\tracking_repo/predictions/unknown/unet_transformer_val/split_0/6bba_372c8cb8.geff/nodes/props/z/values/c/0
Output file downloaded to E:\Project\Biohub_CellTracking\experiments\diag_014_train16_preilp_edge_export\artifacts\tracking_repo/predictions/unknown/unet_transformer_val/split_0/6bba_372c8cb8.geff/nodes/props/z/values/zarr.json
Output file downloaded to E:\Project\Biohub_CellTracking\experiments\diag_014_train16_preilp_edge_export\artifacts\tracking_repo/predictions/unknown/unet_transformer_val/split_0/6bba_372c8cb8.geff/nodes/props/z/zarr.json
Output file downloaded to E:\Project\Biohub_CellTracking\experiments\diag_014_train16_preilp_edge_export\artifacts\tracking_repo/predictions/unknown/unet_transformer_val/split_0/6bba_372c8cb8.geff/nodes/props/zarr.json
Output file downloaded to E:\Project\Biohub_CellTracking\experiments\diag_014_train16_preilp_edge_export\artifacts\tracking_repo/predictions/unknown/unet_transformer_val/split_0/6bba_372c8cb8.geff/nodes/zarr.json
Output file downloaded to E:\Project\Biohub_CellTracking\experiments\diag_014_train16_preilp_edge_export\artifacts\tracking_repo/predictions/unknown/unet_transformer_val/split_0/6bba_372c8cb8.geff/zarr.json
Output file downloaded to E:\Project\Biohub_CellTracking\experiments\diag_014_train16_preilp_edge_export\artifacts\tracking_repo/predictions/unknown/unet_transformer_val/split_0/6bba_55c70843.geff/edges/ids/c/0/0
Output file downloaded to E:\Project\Biohub_CellTracking\experiments\diag_014_train16_preilp_edge_export\artifacts\tracking_repo/predictions/unknown/unet_transformer_val/split_0/6bba_55c70843.geff/edges/ids/zarr.json
Output file downloaded to E:\Project\Biohub_CellTracking\experiments\diag_014_train16_preilp_edge_export\artifacts\tracking_repo/predictions/unknown/unet_transformer_val/split_0/6bba_55c70843.geff/edges/props/edge_dist/values/c/0
Output file downloaded to E:\Project\Biohub_CellTracking\experiments\diag_014_train16_preilp_edge_export\artifacts\tracking_repo/predictions/unknown/unet_transformer_val/split_0/6bba_55c70843.geff/edges/props/edge_dist/values/zarr.json
Output file downloaded to E:\Project\Biohub_CellTracking\experiments\diag_014_train16_preilp_edge_export\artifacts\tracking_repo/predictions/unknown/unet_transformer_val/split_0/6bba_55c70843.geff/edges/props/edge_dist/zarr.json
Output file downloaded to E:\Project\Biohub_CellTracking\experiments\diag_014_train16_preilp_edge_export\artifacts\tracking_repo/predictions/unknown/unet_transformer_val/split_0/6bba_55c70843.geff/edges/props/edge_prob/values/c/0
Output file downloaded to E:\Project\Biohub_CellTracking\experiments\diag_014_train16_preilp_edge_export\artifacts\tracking_repo/predictions/unknown/unet_transformer_val/split_0/6bba_55c70843.geff/edges/props/edge_prob/values/zarr.json
Output file downloaded to E:\Project\Biohub_CellTracking\experiments\diag_014_train16_preilp_edge_export\artifacts\tracking_repo/predictions/unknown/unet_transformer_val/split_0/6bba_55c70843.geff/edges/props/edge_prob/zarr.json
Output file downloaded to E:\Project\Biohub_CellTracking\experiments\diag_014_train16_preilp_edge_export\artifacts\tracking_repo/predictions/unknown/unet_transformer_val/split_0/6bba_55c70843.geff/edges/props/solution/values/c/0
Output file downloaded to E:\Project\Biohub_CellTracking\experiments\diag_014_train16_preilp_edge_export\artifacts\tracking_repo/predictions/unknown/unet_transformer_val/split_0/6bba_55c70843.geff/edges/props/solution/values/zarr.json
Output file downloaded to E:\Project\Biohub_CellTracking\experiments\diag_014_train16_preilp_edge_export\artifacts\tracking_repo/predictions/unknown/unet_transformer_val/split_0/6bba_55c70843.geff/edges/props/solution/zarr.json
Output file downloaded to E:\Project\Biohub_CellTracking\experiments\diag_014_train16_preilp_edge_export\artifacts\tracking_repo/predictions/unknown/unet_transformer_val/split_0/6bba_55c70843.geff/edges/props/zarr.json
Output file downloaded to E:\Project\Biohub_CellTracking\experiments\diag_014_train16_preilp_edge_export\artifacts\tracking_repo/predictions/unknown/unet_transformer_val/split_0/6bba_55c70843.geff/edges/zarr.json
Output file downloaded to E:\Project\Biohub_CellTracking\experiments\diag_014_train16_preilp_edge_export\artifacts\tracking_repo/predictions/unknown/unet_transformer_val/split_0/6bba_55c70843.geff/nodes/ids/c/0
Output file downloaded to E:\Project\Biohub_CellTracking\experiments\diag_014_train16_preilp_edge_export\artifacts\tracking_repo/predictions/unknown/unet_transformer_val/split_0/6bba_55c70843.geff/nodes/ids/zarr.json
Output file downloaded to E:\Project\Biohub_CellTracking\experiments\diag_014_train16_preilp_edge_export\artifacts\tracking_repo/predictions/unknown/unet_transformer_val/split_0/6bba_55c70843.geff/nodes/props/solution/values/c/0
Output file downloaded to E:\Project\Biohub_CellTracking\experiments\diag_014_train16_preilp_edge_export\artifacts\tracking_repo/predictions/unknown/unet_transformer_val/split_0/6bba_55c70843.geff/nodes/props/solution/values/zarr.json
Output file downloaded to E:\Project\Biohub_CellTracking\experiments\diag_014_train16_preilp_edge_export\artifacts\tracking_repo/predictions/unknown/unet_transformer_val/split_0/6bba_55c70843.geff/nodes/props/solution/zarr.json
Output file downloaded to E:\Project\Biohub_CellTracking\experiments\diag_014_train16_preilp_edge_export\artifacts\tracking_repo/predictions/unknown/unet_transformer_val/split_0/6bba_55c70843.geff/nodes/props/t/values/c/0
Output file downloaded to E:\Project\Biohub_CellTracking\experiments\diag_014_train16_preilp_edge_export\artifacts\tracking_repo/predictions/unknown/unet_transformer_val/split_0/6bba_55c70843.geff/nodes/props/t/values/zarr.json
Output file downloaded to E:\Project\Biohub_CellTracking\experiments\diag_014_train16_preilp_edge_export\artifacts\tracking_repo/predictions/unknown/unet_transformer_val/split_0/6bba_55c70843.geff/nodes/props/t/zarr.json
Output file downloaded to E:\Project\Biohub_CellTracking\experiments\diag_014_train16_preilp_edge_export\artifacts\tracking_repo/predictions/unknown/unet_transformer_val/split_0/6bba_55c70843.geff/nodes/props/x/values/c/0
Output file downloaded to E:\Project\Biohub_CellTracking\experiments\diag_014_train16_preilp_edge_export\artifacts\tracking_repo/predictions/unknown/unet_transformer_val/split_0/6bba_55c70843.geff/nodes/props/x/values/zarr.json
Output file downloaded to E:\Project\Biohub_CellTracking\experiments\diag_014_train16_preilp_edge_export\artifacts\tracking_repo/predictions/unknown/unet_transformer_val/split_0/6bba_55c70843.geff/nodes/props/x/zarr.json
Output file downloaded to E:\Project\Biohub_CellTracking\experiments\diag_014_train16_preilp_edge_export\artifacts\tracking_repo/predictions/unknown/unet_transformer_val/split_0/6bba_55c70843.geff/nodes/props/y/values/c/0
Output file downloaded to E:\Project\Biohub_CellTracking\experiments\diag_014_train16_preilp_edge_export\artifacts\tracking_repo/predictions/unknown/unet_transformer_val/split_0/6bba_55c70843.geff/nodes/props/y/values/zarr.json
Output file downloaded to E:\Project\Biohub_CellTracking\experiments\diag_014_train16_preilp_edge_export\artifacts\tracking_repo/predictions/unknown/unet_transformer_val/split_0/6bba_55c70843.geff/nodes/props/y/zarr.json
Output file downloaded to E:\Project\Biohub_CellTracking\experiments\diag_014_train16_preilp_edge_export\artifacts\tracking_repo/predictions/unknown/unet_transformer_val/split_0/6bba_55c70843.geff/nodes/props/z/values/c/0
Output file downloaded to E:\Project\Biohub_CellTracking\experiments\diag_014_train16_preilp_edge_export\artifacts\tracking_repo/predictions/unknown/unet_transformer_val/split_0/6bba_55c70843.geff/nodes/props/z/values/zarr.json
Output file downloaded to E:\Project\Biohub_CellTracking\experiments\diag_014_train16_preilp_edge_export\artifacts\tracking_repo/predictions/unknown/unet_transformer_val/split_0/6bba_55c70843.geff/nodes/props/z/zarr.json
Output file downloaded to E:\Project\Biohub_CellTracking\experiments\diag_014_train16_preilp_edge_export\artifacts\tracking_repo/predictions/unknown/unet_transformer_val/split_0/6bba_55c70843.geff/nodes/props/zarr.json
Output file downloaded to E:\Project\Biohub_CellTracking\experiments\diag_014_train16_preilp_edge_export\artifacts\tracking_repo/predictions/unknown/unet_transformer_val/split_0/6bba_55c70843.geff/nodes/zarr.json
Output file downloaded to E:\Project\Biohub_CellTracking\experiments\diag_014_train16_preilp_edge_export\artifacts\tracking_repo/predictions/unknown/unet_transformer_val/split_0/6bba_55c70843.geff/zarr.json
Output file downloaded to E:\Project\Biohub_CellTracking\experiments\diag_014_train16_preilp_edge_export\artifacts\tracking_repo/predictions/unknown/unet_transformer_val/split_0/6bba_80d12824.geff/edges/ids/c/0/0
Output file downloaded to E:\Project\Biohub_CellTracking\experiments\diag_014_train16_preilp_edge_export\artifacts\tracking_repo/predictions/unknown/unet_transformer_val/split_0/6bba_80d12824.geff/edges/ids/zarr.json
Output file downloaded to E:\Project\Biohub_CellTracking\experiments\diag_014_train16_preilp_edge_export\artifacts\tracking_repo/predictions/unknown/unet_transformer_val/split_0/6bba_80d12824.geff/edges/props/edge_dist/values/c/0
Output file downloaded to E:\Project\Biohub_CellTracking\experiments\diag_014_train16_preilp_edge_export\artifacts\tracking_repo/predictions/unknown/unet_transformer_val/split_0/6bba_80d12824.geff/edges/props/edge_dist/values/zarr.json
Output file downloaded to E:\Project\Biohub_CellTracking\experiments\diag_014_train16_preilp_edge_export\artifacts\tracking_repo/predictions/unknown/unet_transformer_val/split_0/6bba_80d12824.geff/edges/props/edge_dist/zarr.json
Output file downloaded to E:\Project\Biohub_CellTracking\experiments\diag_014_train16_preilp_edge_export\artifacts\tracking_repo/predictions/unknown/unet_transformer_val/split_0/6bba_80d12824.geff/edges/props/edge_prob/values/c/0
Output file downloaded to E:\Project\Biohub_CellTracking\experiments\diag_014_train16_preilp_edge_export\artifacts\tracking_repo/predictions/unknown/unet_transformer_val/split_0/6bba_80d12824.geff/edges/props/edge_prob/values/zarr.json
Output file downloaded to E:\Project\Biohub_CellTracking\experiments\diag_014_train16_preilp_edge_export\artifacts\tracking_repo/predictions/unknown/unet_transformer_val/split_0/6bba_80d12824.geff/edges/props/edge_prob/zarr.json
Output file downloaded to E:\Project\Biohub_CellTracking\experiments\diag_014_train16_preilp_edge_export\artifacts\tracking_repo/predictions/unknown/unet_transformer_val/split_0/6bba_80d12824.geff/edges/props/solution/values/c/0
Output file downloaded to E:\Project\Biohub_CellTracking\experiments\diag_014_train16_preilp_edge_export\artifacts\tracking_repo/predictions/unknown/unet_transformer_val/split_0/6bba_80d12824.geff/edges/props/solution/values/zarr.json
Output file downloaded to E:\Project\Biohub_CellTracking\experiments\diag_014_train16_preilp_edge_export\artifacts\tracking_repo/predictions/unknown/unet_transformer_val/split_0/6bba_80d12824.geff/edges/props/solution/zarr.json
Output file downloaded to E:\Project\Biohub_CellTracking\experiments\diag_014_train16_preilp_edge_export\artifacts\tracking_repo/predictions/unknown/unet_transformer_val/split_0/6bba_80d12824.geff/edges/props/zarr.json
Output file downloaded to E:\Project\Biohub_CellTracking\experiments\diag_014_train16_preilp_edge_export\artifacts\tracking_repo/predictions/unknown/unet_transformer_val/split_0/6bba_80d12824.geff/edges/zarr.json
Output file downloaded to E:\Project\Biohub_CellTracking\experiments\diag_014_train16_preilp_edge_export\artifacts\tracking_repo/predictions/unknown/unet_transformer_val/split_0/6bba_80d12824.geff/nodes/ids/c/0
Output file downloaded to E:\Project\Biohub_CellTracking\experiments\diag_014_train16_preilp_edge_export\artifacts\tracking_repo/predictions/unknown/unet_transformer_val/split_0/6bba_80d12824.geff/nodes/ids/zarr.json
Output file downloaded to E:\Project\Biohub_CellTracking\experiments\diag_014_train16_preilp_edge_export\artifacts\tracking_repo/predictions/unknown/unet_transformer_val/split_0/6bba_80d12824.geff/nodes/props/solution/values/c/0
Output file downloaded to E:\Project\Biohub_CellTracking\experiments\diag_014_train16_preilp_edge_export\artifacts\tracking_repo/predictions/unknown/unet_transformer_val/split_0/6bba_80d12824.geff/nodes/props/solution/values/zarr.json
Output file downloaded to E:\Project\Biohub_CellTracking\experiments\diag_014_train16_preilp_edge_export\artifacts\tracking_repo/predictions/unknown/unet_transformer_val/split_0/6bba_80d12824.geff/nodes/props/solution/zarr.json
Output file downloaded to E:\Project\Biohub_CellTracking\experiments\diag_014_train16_preilp_edge_export\artifacts\tracking_repo/predictions/unknown/unet_transformer_val/split_0/6bba_80d12824.geff/nodes/props/t/values/c/0
Output file downloaded to E:\Project\Biohub_CellTracking\experiments\diag_014_train16_preilp_edge_export\artifacts\tracking_repo/predictions/unknown/unet_transformer_val/split_0/6bba_80d12824.geff/nodes/props/t/values/zarr.json
Output file downloaded to E:\Project\Biohub_CellTracking\experiments\diag_014_train16_preilp_edge_export\artifacts\tracking_repo/predictions/unknown/unet_transformer_val/split_0/6bba_80d12824.geff/nodes/props/t/zarr.json
Output file downloaded to E:\Project\Biohub_CellTracking\experiments\diag_014_train16_preilp_edge_export\artifacts\tracking_repo/predictions/unknown/unet_transformer_val/split_0/6bba_80d12824.geff/nodes/props/x/values/c/0
Output file downloaded to E:\Project\Biohub_CellTracking\experiments\diag_014_train16_preilp_edge_export\artifacts\tracking_repo/predictions/unknown/unet_transformer_val/split_0/6bba_80d12824.geff/nodes/props/x/values/zarr.json
Output file downloaded to E:\Project\Biohub_CellTracking\experiments\diag_014_train16_preilp_edge_export\artifacts\tracking_repo/predictions/unknown/unet_transformer_val/split_0/6bba_80d12824.geff/nodes/props/x/zarr.json
Output file downloaded to E:\Project\Biohub_CellTracking\experiments\diag_014_train16_preilp_edge_export\artifacts\tracking_repo/predictions/unknown/unet_transformer_val/split_0/6bba_80d12824.geff/nodes/props/y/values/c/0
Output file downloaded to E:\Project\Biohub_CellTracking\experiments\diag_014_train16_preilp_edge_export\artifacts\tracking_repo/predictions/unknown/unet_transformer_val/split_0/6bba_80d12824.geff/nodes/props/y/values/zarr.json
Output file downloaded to E:\Project\Biohub_CellTracking\experiments\diag_014_train16_preilp_edge_export\artifacts\tracking_repo/predictions/unknown/unet_transformer_val/split_0/6bba_80d12824.geff/nodes/props/y/zarr.json
Output file downloaded to E:\Project\Biohub_CellTracking\experiments\diag_014_train16_preilp_edge_export\artifacts\tracking_repo/predictions/unknown/unet_transformer_val/split_0/6bba_80d12824.geff/nodes/props/z/values/c/0
Output file downloaded to E:\Project\Biohub_CellTracking\experiments\diag_014_train16_preilp_edge_export\artifacts\tracking_repo/predictions/unknown/unet_transformer_val/split_0/6bba_80d12824.geff/nodes/props/z/values/zarr.json
Output file downloaded to E:\Project\Biohub_CellTracking\experiments\diag_014_train16_preilp_edge_export\artifacts\tracking_repo/predictions/unknown/unet_transformer_val/split_0/6bba_80d12824.geff/nodes/props/z/zarr.json
Output file downloaded to E:\Project\Biohub_CellTracking\experiments\diag_014_train16_preilp_edge_export\artifacts\tracking_repo/predictions/unknown/unet_transformer_val/split_0/6bba_80d12824.geff/nodes/props/zarr.json
Output file downloaded to E:\Project\Biohub_CellTracking\experiments\diag_014_train16_preilp_edge_export\artifacts\tracking_repo/predictions/unknown/unet_transformer_val/split_0/6bba_80d12824.geff/nodes/zarr.json
Output file downloaded to E:\Project\Biohub_CellTracking\experiments\diag_014_train16_preilp_edge_export\artifacts\tracking_repo/predictions/unknown/unet_transformer_val/split_0/6bba_80d12824.geff/zarr.json
Output file downloaded to E:\Project\Biohub_CellTracking\experiments\diag_014_train16_preilp_edge_export\artifacts\tracking_repo/predictions/unknown/unet_transformer_val/split_0/6bba_ef7b4f7e.geff/edges/ids/c/0/0
Output file downloaded to E:\Project\Biohub_CellTracking\experiments\diag_014_train16_preilp_edge_export\artifacts\tracking_repo/predictions/unknown/unet_transformer_val/split_0/6bba_ef7b4f7e.geff/edges/ids/zarr.json
Output file downloaded to E:\Project\Biohub_CellTracking\experiments\diag_014_train16_preilp_edge_export\artifacts\tracking_repo/predictions/unknown/unet_transformer_val/split_0/6bba_ef7b4f7e.geff/edges/props/edge_dist/values/c/0
Output file downloaded to E:\Project\Biohub_CellTracking\experiments\diag_014_train16_preilp_edge_export\artifacts\tracking_repo/predictions/unknown/unet_transformer_val/split_0/6bba_ef7b4f7e.geff/edges/props/edge_dist/values/zarr.json
Output file downloaded to E:\Project\Biohub_CellTracking\experiments\diag_014_train16_preilp_edge_export\artifacts\tracking_repo/predictions/unknown/unet_transformer_val/split_0/6bba_ef7b4f7e.geff/edges/props/edge_dist/zarr.json
Output file downloaded to E:\Project\Biohub_CellTracking\experiments\diag_014_train16_preilp_edge_export\artifacts\tracking_repo/predictions/unknown/unet_transformer_val/split_0/6bba_ef7b4f7e.geff/edges/props/edge_prob/values/c/0
Output file downloaded to E:\Project\Biohub_CellTracking\experiments\diag_014_train16_preilp_edge_export\artifacts\tracking_repo/predictions/unknown/unet_transformer_val/split_0/6bba_ef7b4f7e.geff/edges/props/edge_prob/values/zarr.json
Output file downloaded to E:\Project\Biohub_CellTracking\experiments\diag_014_train16_preilp_edge_export\artifacts\tracking_repo/predictions/unknown/unet_transformer_val/split_0/6bba_ef7b4f7e.geff/edges/props/edge_prob/zarr.json
Output file downloaded to E:\Project\Biohub_CellTracking\experiments\diag_014_train16_preilp_edge_export\artifacts\tracking_repo/predictions/unknown/unet_transformer_val/split_0/6bba_ef7b4f7e.geff/edges/props/solution/values/c/0
Output file downloaded to E:\Project\Biohub_CellTracking\experiments\diag_014_train16_preilp_edge_export\artifacts\tracking_repo/predictions/unknown/unet_transformer_val/split_0/6bba_ef7b4f7e.geff/edges/props/solution/values/zarr.json
Output file downloaded to E:\Project\Biohub_CellTracking\experiments\diag_014_train16_preilp_edge_export\artifacts\tracking_repo/predictions/unknown/unet_transformer_val/split_0/6bba_ef7b4f7e.geff/edges/props/solution/zarr.json
Output file downloaded to E:\Project\Biohub_CellTracking\experiments\diag_014_train16_preilp_edge_export\artifacts\tracking_repo/predictions/unknown/unet_transformer_val/split_0/6bba_ef7b4f7e.geff/edges/props/zarr.json
Output file downloaded to E:\Project\Biohub_CellTracking\experiments\diag_014_train16_preilp_edge_export\artifacts\tracking_repo/predictions/unknown/unet_transformer_val/split_0/6bba_ef7b4f7e.geff/edges/zarr.json
Output file downloaded to E:\Project\Biohub_CellTracking\experiments\diag_014_train16_preilp_edge_export\artifacts\tracking_repo/predictions/unknown/unet_transformer_val/split_0/6bba_ef7b4f7e.geff/nodes/ids/c/0
Output file downloaded to E:\Project\Biohub_CellTracking\experiments\diag_014_train16_preilp_edge_export\artifacts\tracking_repo/predictions/unknown/unet_transformer_val/split_0/6bba_ef7b4f7e.geff/nodes/ids/zarr.json
Output file downloaded to E:\Project\Biohub_CellTracking\experiments\diag_014_train16_preilp_edge_export\artifacts\tracking_repo/predictions/unknown/unet_transformer_val/split_0/6bba_ef7b4f7e.geff/nodes/props/solution/values/c/0
Output file downloaded to E:\Project\Biohub_CellTracking\experiments\diag_014_train16_preilp_edge_export\artifacts\tracking_repo/predictions/unknown/unet_transformer_val/split_0/6bba_ef7b4f7e.geff/nodes/props/solution/values/zarr.json
Output file downloaded to E:\Project\Biohub_CellTracking\experiments\diag_014_train16_preilp_edge_export\artifacts\tracking_repo/predictions/unknown/unet_transformer_val/split_0/6bba_ef7b4f7e.geff/nodes/props/solution/zarr.json
Output file downloaded to E:\Project\Biohub_CellTracking\experiments\diag_014_train16_preilp_edge_export\artifacts\tracking_repo/predictions/unknown/unet_transformer_val/split_0/6bba_ef7b4f7e.geff/nodes/props/t/values/c/0
Output file downloaded to E:\Project\Biohub_CellTracking\experiments\diag_014_train16_preilp_edge_export\artifacts\tracking_repo/predictions/unknown/unet_transformer_val/split_0/6bba_ef7b4f7e.geff/nodes/props/t/values/zarr.json
Output file downloaded to E:\Project\Biohub_CellTracking\experiments\diag_014_train16_preilp_edge_export\artifacts\tracking_repo/predictions/unknown/unet_transformer_val/split_0/6bba_ef7b4f7e.geff/nodes/props/t/zarr.json
Output file downloaded to E:\Project\Biohub_CellTracking\experiments\diag_014_train16_preilp_edge_export\artifacts\tracking_repo/predictions/unknown/unet_transformer_val/split_0/6bba_ef7b4f7e.geff/nodes/props/x/values/c/0
Output file downloaded to E:\Project\Biohub_CellTracking\experiments\diag_014_train16_preilp_edge_export\artifacts\tracking_repo/predictions/unknown/unet_transformer_val/split_0/6bba_ef7b4f7e.geff/nodes/props/x/values/zarr.json
Output file downloaded to E:\Project\Biohub_CellTracking\experiments\diag_014_train16_preilp_edge_export\artifacts\tracking_repo/predictions/unknown/unet_transformer_val/split_0/6bba_ef7b4f7e.geff/nodes/props/x/zarr.json
Output file downloaded to E:\Project\Biohub_CellTracking\experiments\diag_014_train16_preilp_edge_export\artifacts\tracking_repo/predictions/unknown/unet_transformer_val/split_0/6bba_ef7b4f7e.geff/nodes/props/y/values/c/0
Output file downloaded to E:\Project\Biohub_CellTracking\experiments\diag_014_train16_preilp_edge_export\artifacts\tracking_repo/predictions/unknown/unet_transformer_val/split_0/6bba_ef7b4f7e.geff/nodes/props/y/values/zarr.json
Output file downloaded to E:\Project\Biohub_CellTracking\experiments\diag_014_train16_preilp_edge_export\artifacts\tracking_repo/predictions/unknown/unet_transformer_val/split_0/6bba_ef7b4f7e.geff/nodes/props/y/zarr.json
Output file downloaded to E:\Project\Biohub_CellTracking\experiments\diag_014_train16_preilp_edge_export\artifacts\tracking_repo/predictions/unknown/unet_transformer_val/split_0/6bba_ef7b4f7e.geff/nodes/props/z/values/c/0
Output file downloaded to E:\Project\Biohub_CellTracking\experiments\diag_014_train16_preilp_edge_export\artifacts\tracking_repo/predictions/unknown/unet_transformer_val/split_0/6bba_ef7b4f7e.geff/nodes/props/z/values/zarr.json
Output file downloaded to E:\Project\Biohub_CellTracking\experiments\diag_014_train16_preilp_edge_export\artifacts\tracking_repo/predictions/unknown/unet_transformer_val/split_0/6bba_ef7b4f7e.geff/nodes/props/z/zarr.json
Output file downloaded to E:\Project\Biohub_CellTracking\experiments\diag_014_train16_preilp_edge_export\artifacts\tracking_repo/predictions/unknown/unet_transformer_val/split_0/6bba_ef7b4f7e.geff/nodes/props/zarr.json
Output file downloaded to E:\Project\Biohub_CellTracking\experiments\diag_014_train16_preilp_edge_export\artifacts\tracking_repo/predictions/unknown/unet_transformer_val/split_0/6bba_ef7b4f7e.geff/nodes/zarr.json
Output file downloaded to E:\Project\Biohub_CellTracking\experiments\diag_014_train16_preilp_edge_export\artifacts\tracking_repo/predictions/unknown/unet_transformer_val/split_0/6bba_ef7b4f7e.geff/zarr.json
Output file downloaded to E:\Project\Biohub_CellTracking\experiments\diag_014_train16_preilp_edge_export\artifacts\tracking_repo/predictions/unknown/unet_transformer_val/split_0/6bba_fe670320.geff/edges/ids/c/0/0
Output file downloaded to E:\Project\Biohub_CellTracking\experiments\diag_014_train16_preilp_edge_export\artifacts\tracking_repo/predictions/unknown/unet_transformer_val/split_0/6bba_fe670320.geff/edges/ids/zarr.json
Output file downloaded to E:\Project\Biohub_CellTracking\experiments\diag_014_train16_preilp_edge_export\artifacts\tracking_repo/predictions/unknown/unet_transformer_val/split_0/6bba_fe670320.geff/edges/props/edge_dist/values/c/0
Output file downloaded to E:\Project\Biohub_CellTracking\experiments\diag_014_train16_preilp_edge_export\artifacts\tracking_repo/predictions/unknown/unet_transformer_val/split_0/6bba_fe670320.geff/edges/props/edge_dist/values/zarr.json
Output file downloaded to E:\Project\Biohub_CellTracking\experiments\diag_014_train16_preilp_edge_export\artifacts\tracking_repo/predictions/unknown/unet_transformer_val/split_0/6bba_fe670320.geff/edges/props/edge_dist/zarr.json
Output file downloaded to E:\Project\Biohub_CellTracking\experiments\diag_014_train16_preilp_edge_export\artifacts\tracking_repo/predictions/unknown/unet_transformer_val/split_0/6bba_fe670320.geff/edges/props/edge_prob/values/c/0
Output file downloaded to E:\Project\Biohub_CellTracking\experiments\diag_014_train16_preilp_edge_export\artifacts\tracking_repo/predictions/unknown/unet_transformer_val/split_0/6bba_fe670320.geff/edges/props/edge_prob/values/zarr.json
Output file downloaded to E:\Project\Biohub_CellTracking\experiments\diag_014_train16_preilp_edge_export\artifacts\tracking_repo/predictions/unknown/unet_transformer_val/split_0/6bba_fe670320.geff/edges/props/edge_prob/zarr.json
Output file downloaded to E:\Project\Biohub_CellTracking\experiments\diag_014_train16_preilp_edge_export\artifacts\tracking_repo/predictions/unknown/unet_transformer_val/split_0/6bba_fe670320.geff/edges/props/solution/values/c/0
Output file downloaded to E:\Project\Biohub_CellTracking\experiments\diag_014_train16_preilp_edge_export\artifacts\tracking_repo/predictions/unknown/unet_transformer_val/split_0/6bba_fe670320.geff/edges/props/solution/values/zarr.json
Output file downloaded to E:\Project\Biohub_CellTracking\experiments\diag_014_train16_preilp_edge_export\artifacts\tracking_repo/predictions/unknown/unet_transformer_val/split_0/6bba_fe670320.geff/edges/props/solution/zarr.json
Output file downloaded to E:\Project\Biohub_CellTracking\experiments\diag_014_train16_preilp_edge_export\artifacts\tracking_repo/predictions/unknown/unet_transformer_val/split_0/6bba_fe670320.geff/edges/props/zarr.json
Output file downloaded to E:\Project\Biohub_CellTracking\experiments\diag_014_train16_preilp_edge_export\artifacts\tracking_repo/predictions/unknown/unet_transformer_val/split_0/6bba_fe670320.geff/edges/zarr.json
Output file downloaded to E:\Project\Biohub_CellTracking\experiments\diag_014_train16_preilp_edge_export\artifacts\tracking_repo/predictions/unknown/unet_transformer_val/split_0/6bba_fe670320.geff/nodes/ids/c/0
Output file downloaded to E:\Project\Biohub_CellTracking\experiments\diag_014_train16_preilp_edge_export\artifacts\tracking_repo/predictions/unknown/unet_transformer_val/split_0/6bba_fe670320.geff/nodes/ids/zarr.json
Output file downloaded to E:\Project\Biohub_CellTracking\experiments\diag_014_train16_preilp_edge_export\artifacts\tracking_repo/predictions/unknown/unet_transformer_val/split_0/6bba_fe670320.geff/nodes/props/solution/values/c/0
Output file downloaded to E:\Project\Biohub_CellTracking\experiments\diag_014_train16_preilp_edge_export\artifacts\tracking_repo/predictions/unknown/unet_transformer_val/split_0/6bba_fe670320.geff/nodes/props/solution/values/zarr.json
Output file downloaded to E:\Project\Biohub_CellTracking\experiments\diag_014_train16_preilp_edge_export\artifacts\tracking_repo/predictions/unknown/unet_transformer_val/split_0/6bba_fe670320.geff/nodes/props/solution/zarr.json
Output file downloaded to E:\Project\Biohub_CellTracking\experiments\diag_014_train16_preilp_edge_export\artifacts\tracking_repo/predictions/unknown/unet_transformer_val/split_0/6bba_fe670320.geff/nodes/props/t/values/c/0
Output file downloaded to E:\Project\Biohub_CellTracking\experiments\diag_014_train16_preilp_edge_export\artifacts\tracking_repo/predictions/unknown/unet_transformer_val/split_0/6bba_fe670320.geff/nodes/props/t/values/zarr.json
Output file downloaded to E:\Project\Biohub_CellTracking\experiments\diag_014_train16_preilp_edge_export\artifacts\tracking_repo/predictions/unknown/unet_transformer_val/split_0/6bba_fe670320.geff/nodes/props/t/zarr.json
Output file downloaded to E:\Project\Biohub_CellTracking\experiments\diag_014_train16_preilp_edge_export\artifacts\tracking_repo/predictions/unknown/unet_transformer_val/split_0/6bba_fe670320.geff/nodes/props/x/values/c/0
Output file downloaded to E:\Project\Biohub_CellTracking\experiments\diag_014_train16_preilp_edge_export\artifacts\tracking_repo/predictions/unknown/unet_transformer_val/split_0/6bba_fe670320.geff/nodes/props/x/values/zarr.json
Output file downloaded to E:\Project\Biohub_CellTracking\experiments\diag_014_train16_preilp_edge_export\artifacts\tracking_repo/predictions/unknown/unet_transformer_val/split_0/6bba_fe670320.geff/nodes/props/x/zarr.json
Output file downloaded to E:\Project\Biohub_CellTracking\experiments\diag_014_train16_preilp_edge_export\artifacts\tracking_repo/predictions/unknown/unet_transformer_val/split_0/6bba_fe670320.geff/nodes/props/y/values/c/0
Output file downloaded to E:\Project\Biohub_CellTracking\experiments\diag_014_train16_preilp_edge_export\artifacts\tracking_repo/predictions/unknown/unet_transformer_val/split_0/6bba_fe670320.geff/nodes/props/y/values/zarr.json
Output file downloaded to E:\Project\Biohub_CellTracking\experiments\diag_014_train16_preilp_edge_export\artifacts\tracking_repo/predictions/unknown/unet_transformer_val/split_0/6bba_fe670320.geff/nodes/props/y/zarr.json
Output file downloaded to E:\Project\Biohub_CellTracking\experiments\diag_014_train16_preilp_edge_export\artifacts\tracking_repo/predictions/unknown/unet_transformer_val/split_0/6bba_fe670320.geff/nodes/props/z/values/c/0
Output file downloaded to E:\Project\Biohub_CellTracking\experiments\diag_014_train16_preilp_edge_export\artifacts\tracking_repo/predictions/unknown/unet_transformer_val/split_0/6bba_fe670320.geff/nodes/props/z/values/zarr.json
Output file downloaded to E:\Project\Biohub_CellTracking\experiments\diag_014_train16_preilp_edge_export\artifacts\tracking_repo/predictions/unknown/unet_transformer_val/split_0/6bba_fe670320.geff/nodes/props/z/zarr.json
Output file downloaded to E:\Project\Biohub_CellTracking\experiments\diag_014_train16_preilp_edge_export\artifacts\tracking_repo/predictions/unknown/unet_transformer_val/split_0/6bba_fe670320.geff/nodes/props/zarr.json
Output file downloaded to E:\Project\Biohub_CellTracking\experiments\diag_014_train16_preilp_edge_export\artifacts\tracking_repo/predictions/unknown/unet_transformer_val/split_0/6bba_fe670320.geff/nodes/zarr.json
Output file downloaded to E:\Project\Biohub_CellTracking\experiments\diag_014_train16_preilp_edge_export\artifacts\tracking_repo/predictions/unknown/unet_transformer_val/split_0/6bba_fe670320.geff/zarr.json
Output file downloaded to E:\Project\Biohub_CellTracking\experiments\diag_014_train16_preilp_edge_export\artifacts\tracking_repo/scripts/__pycache__/augmentations.cpython-312.pyc
Output file downloaded to E:\Project\Biohub_CellTracking\experiments\diag_014_train16_preilp_edge_export\artifacts\tracking_repo/scripts/__pycache__/dataspec.cpython-312.pyc
Output file downloaded to E:\Project\Biohub_CellTracking\experiments\diag_014_train16_preilp_edge_export\artifacts\tracking_repo/scripts/__pycache__/evaluate.cpython-312.pyc
Output file downloaded to E:\Project\Biohub_CellTracking\experiments\diag_014_train16_preilp_edge_export\artifacts\tracking_repo/scripts/__pycache__/train_unet_transformer.cpython-312.pyc
Output file downloaded to E:\Project\Biohub_CellTracking\experiments\diag_014_train16_preilp_edge_export\artifacts\tracking_repo/scripts/augmentations.py
Output file downloaded to E:\Project\Biohub_CellTracking\experiments\diag_014_train16_preilp_edge_export\artifacts\tracking_repo/scripts/dataspec.py
Output file downloaded to E:\Project\Biohub_CellTracking\experiments\diag_014_train16_preilp_edge_export\artifacts\tracking_repo/scripts/evaluate.py
Output file downloaded to E:\Project\Biohub_CellTracking\experiments\diag_014_train16_preilp_edge_export\artifacts\tracking_repo/scripts/predict_unet_transformer.py
Output file downloaded to E:\Project\Biohub_CellTracking\experiments\diag_014_train16_preilp_edge_export\artifacts\tracking_repo/scripts/train_unet_transformer.py
Output file downloaded to E:\Project\Biohub_CellTracking\experiments\diag_014_train16_preilp_edge_export\artifacts\tracking_repo/src/biohub_tracking/__init__.py
Output file downloaded to E:\Project\Biohub_CellTracking\experiments\diag_014_train16_preilp_edge_export\artifacts\tracking_repo/src/biohub_tracking/__pycache__/__init__.cpython-312.pyc
Output file downloaded to E:\Project\Biohub_CellTracking\experiments\diag_014_train16_preilp_edge_export\artifacts\tracking_repo/src/biohub_tracking/__pycache__/io.cpython-312.pyc
Output file downloaded to E:\Project\Biohub_CellTracking\experiments\diag_014_train16_preilp_edge_export\artifacts\tracking_repo/src/biohub_tracking/__pycache__/metrics.cpython-312.pyc
Output file downloaded to E:\Project\Biohub_CellTracking\experiments\diag_014_train16_preilp_edge_export\artifacts\tracking_repo/src/biohub_tracking/division_metrics.py
Output file downloaded to E:\Project\Biohub_CellTracking\experiments\diag_014_train16_preilp_edge_export\artifacts\tracking_repo/src/biohub_tracking/img_proc.py
Output file downloaded to E:\Project\Biohub_CellTracking\experiments\diag_014_train16_preilp_edge_export\artifacts\tracking_repo/src/biohub_tracking/io.py
Output file downloaded to E:\Project\Biohub_CellTracking\experiments\diag_014_train16_preilp_edge_export\artifacts\tracking_repo/src/biohub_tracking/metrics.py
Output file downloaded to E:\Project\Biohub_CellTracking\experiments\diag_014_train16_preilp_edge_export\artifacts\tracking_repo/src/biohub_tracking/models/__init__.py
Output file downloaded to E:\Project\Biohub_CellTracking\experiments\diag_014_train16_preilp_edge_export\artifacts\tracking_repo/src/biohub_tracking/models/__pycache__/__init__.cpython-312.pyc
Output file downloaded to E:\Project\Biohub_CellTracking\experiments\diag_014_train16_preilp_edge_export\artifacts\tracking_repo/src/biohub_tracking/models/__pycache__/simple_node_transformer.cpython-312.pyc
Output file downloaded to E:\Project\Biohub_CellTracking\experiments\diag_014_train16_preilp_edge_export\artifacts\tracking_repo/src/biohub_tracking/models/__pycache__/temporal_unet.cpython-312.pyc
Output file downloaded to E:\Project\Biohub_CellTracking\experiments\diag_014_train16_preilp_edge_export\artifacts\tracking_repo/src/biohub_tracking/models/simple_node_transformer.py
Output file downloaded to E:\Project\Biohub_CellTracking\experiments\diag_014_train16_preilp_edge_export\artifacts\tracking_repo/src/biohub_tracking/models/temporal_unet.py
Output file downloaded to E:\Project\Biohub_CellTracking\experiments\diag_014_train16_preilp_edge_export\artifacts\validator_results.csv
Output file downloaded to E:\Project\Biohub_CellTracking\experiments\diag_014_train16_preilp_edge_export\artifacts\validator_safe_division_causal_audit.jsonl
Kernel log downloaded to E:\Project\Biohub_CellTracking\experiments\diag_014_train16_preilp_edge_export\artifacts\biohub-diag014-preilp-edge-export.log 

STDERR

[2026-09-02T14:40:55+00:00] command=["E:\\Project\\Biohub_CellTracking\\.venv\\Scripts\\kaggle.EXE", "kernels", "output", "lingxd/biohub-diag014-preilp-edge-export", "-p", "E:\\Project\\Biohub_CellTracking\\experiments\\diag_014_train16_preilp_edge_export\\artifacts", "--page-size", "200"]
exit_code=0
STDOUT
bidirectional_production_runtime_integrity.json: Skipping, found more recently modified local copy (use --force to force download)
deepcenter_safe_div_score_audit.json: Skipping, found more recently modified local copy (use --force to force download)
deepcenter_safe_div_scores_24.jsonl: Skipping, found more recently modified local copy (use --force to force download)
detector_coordinates_harmonic_association_production_0_2.jsonl: Skipping, found more recently modified local copy (use --force to force download)
detector_coordinates_harmonic_association_production_1_2.jsonl: Skipping, found more recently modified local copy (use --force to force download)
detector_coordinates_harmonic_association_production_single.jsonl: Skipping, found more recently modified local copy (use --force to force download)
dual_seed_frame_retention_guard_report.json: Skipping, found more recently modified local copy (use --force to force download)
metrics.json: Skipping, found more recently modified local copy (use --force to force download)
44b6_0113de3b.jsonl.gz: Skipping, found more recently modified local copy (use --force to force download)
44b6_0b24845f.jsonl.gz: Skipping, found more recently modified local copy (use --force to force download)
44b6_1d530831.jsonl.gz: Skipping, found more recently modified local copy (use --force to force download)
44b6_2a2eff9f.jsonl.gz: Skipping, found more recently modified local copy (use --force to force download)
44b6_551a5dba.jsonl.gz: Skipping, found more recently modified local copy (use --force to force download)
44b6_7a302da0.jsonl.gz: Skipping, found more recently modified local copy (use --force to force download)
44b6_7e557709.jsonl.gz: Skipping, found more recently modified local copy (use --force to force download)
44b6_aaf8b0ea.jsonl.gz: Skipping, found more recently modified local copy (use --force to force download)
44b6_c15fded2.jsonl.gz: Skipping, found more recently modified local copy (use --force to force download)
44b6_c50204e0.jsonl.gz: Skipping, found more recently modified local copy (use --force to force download)
6bba_05b6850b.jsonl.gz: Skipping, found more recently modified local copy (use --force to force download)
6bba_05db0fb1.jsonl.gz: Skipping, found more recently modified local copy (use --force to force download)
6bba_0c7fa718.jsonl.gz: Skipping, found more recently modified local copy (use --force to force download)
6bba_283bf9f1.jsonl.gz: Skipping, found more recently modified local copy (use --force to force download)
6bba_337b1b3a.jsonl.gz: Skipping, found more recently modified local copy (use --force to force download)
6bba_372c8cb8.jsonl.gz: Skipping, found more recently modified local copy (use --force to force download)
6bba_55c70843.jsonl.gz: Skipping, found more recently modified local copy (use --force to force download)
6bba_80d12824.jsonl.gz: Skipping, found more recently modified local copy (use --force to force download)
6bba_ef7b4f7e.jsonl.gz: Skipping, found more recently modified local copy (use --force to force download)
6bba_fe670320.jsonl.gz: Skipping, found more recently modified local copy (use --force to force download)
preilp_edge_audit_summary_0_2.jsonl: Skipping, found more recently modified local copy (use --force to force download)
preilp_edge_audit_summary_1_2.jsonl: Skipping, found more recently modified local copy (use --force to force download)
preilp_edge_audit_summary_single.jsonl: Skipping, found more recently modified local copy (use --force to force download)
retention_guard_0_2.jsonl: Skipping, found more recently modified local copy (use --force to force download)
retention_guard_1_2.jsonl: Skipping, found more recently modified local copy (use --force to force download)
retention_guard_single.jsonl: Skipping, found more recently modified local copy (use --force to force download)
run_stats.csv: Skipping, found more recently modified local copy (use --force to force download)
SNAPSHOT_MANIFEST.json: Skipping, found more recently modified local copy (use --force to force download)
checkpoint_last.pth: Skipping, found more recently modified local copy (use --force to force download)
config.json: Skipping, found more recently modified local copy (use --force to force download)
edge_predictor_best.pth: Skipping, found more recently modified local copy (use --force to force download)
history.csv: Skipping, found more recently modified local copy (use --force to force download)
split_manifest.json: Skipping, found more recently modified local copy (use --force to force download)
training_config.json: Skipping, found more recently modified local copy (use --force to force download)
submission.csv: Skipping, found more recently modified local copy (use --force to force download)
kaggle_test_splits_50ep.json: Skipping, found more recently modified local copy (use --force to force download)
kaggle_val_splits.json: Skipping, found more recently modified local copy (use --force to force download)
0: Skipping, found more recently modified local copy (use --force to force download)
zarr.json: Skipping, found more recently modified local copy (use --force to force download)
0: Skipping, found more recently modified local copy (use --force to force download)
zarr.json: Skipping, found more recently modified local copy (use --force to force download)
zarr.json: Skipping, found more recently modified local copy (use --force to force download)
0: Skipping, found more recently modified local copy (use --force to force download)
zarr.json: Skipping, found more recently modified local copy (use --force to force download)
zarr.json: Skipping, found more recently modified local copy (use --force to force download)
0: Skipping, found more recently modified local copy (use --force to force download)
zarr.json: Skipping, found more recently modified local copy (use --force to force download)
zarr.json: Skipping, found more recently modified local copy (use --force to force download)
zarr.json: Skipping, found more recently modified local copy (use --force to force download)
zarr.json: Skipping, found more recently modified local copy (use --force to force download)
0: Skipping, found more recently modified local copy (use --force to force download)
zarr.json: Skipping, found more recently modified local copy (use --force to force download)
0: Skipping, found more recently modified local copy (use --force to force download)
zarr.json: Skipping, found more recently modified local copy (use --force to force download)
zarr.json: Skipping, found more recently modified local copy (use --force to force download)
0: Skipping, found more recently modified local copy (use --force to force download)
zarr.json: Skipping, found more recently modified local copy (use --force to force download)
zarr.json: Skipping, found more recently modified local copy (use --force to force download)
0: Skipping, found more recently modified local copy (use --force to force download)
zarr.json: Skipping, found more recently modified local copy (use --force to force download)
zarr.json: Skipping, found more recently modified local copy (use --force to force download)
0: Skipping, found more recently modified local copy (use --force to force download)
zarr.json: Skipping, found more recently modified local copy (use --force to force download)
zarr.json: Skipping, found more recently modified local copy (use --force to force download)
0: Skipping, found more recently modified local copy (use --force to force download)
zarr.json: Skipping, found more recently modified local copy (use --force to force download)
zarr.json: Skipping, found more recently modified local copy (use --force to force download)
zarr.json: Skipping, found more recently modified local copy (use --force to force download)
zarr.json: Skipping, found more recently modified local copy (use --force to force download)
zarr.json: Skipping, found more recently modified local copy (use --force to force download)
0: Skipping, found more recently modified local copy (use --force to force download)
zarr.json: Skipping, found more recently modified local copy (use --force to force download)
0: Skipping, found more recently modified local copy (use --force to force download)
zarr.json: Skipping, found more recently modified local copy (use --force to force download)
zarr.json: Skipping, found more recently modified local copy (use --force to force download)
0: Skipping, found more recently modified local copy (use --force to force download)
zarr.json: Skipping, found more recently modified local copy (use --force to force download)
zarr.json: Skipping, found more recently modified local copy (use --force to force download)
0: Skipping, found more recently modified local copy (use --force to force download)
zarr.json: Skipping, found more recently modified local copy (use --force to force download)
zarr.json: Skipping, found more recently modified local copy (use --force to force download)
zarr.json: Skipping, found more recently modified local copy (use --force to force download)
zarr.json: Skipping, found more recently modified local copy (use --force to force download)
0: Skipping, found more recently modified local copy (use --force to force download)
zarr.json: Skipping, found more recently modified local copy (use --force to force download)
0: Skipping, found more recently modified local copy (use --force to force download)
zarr.json: Skipping, found more recently modified local copy (use --force to force download)
zarr.json: Skipping, found more recently modified local copy (use --force to force download)
0: Skipping, found more recently modified local copy (use --force to force download)
zarr.json: Skipping, found more recently modified local copy (use --force to force download)
zarr.json: Skipping, found more recently modified local copy (use --force to force download)
0: Skipping, found more recently modified local copy (use --force to force download)
zarr.json: Skipping, found more recently modified local copy (use --force to force download)
zarr.json: Skipping, found more recently modified local copy (use --force to force download)
0: Skipping, found more recently modified local copy (use --force to force download)
zarr.json: Skipping, found more recently modified local copy (use --force to force download)
zarr.json: Skipping, found more recently modified local copy (use --force to force download)
0: Skipping, found more recently modified local copy (use --force to force download)
zarr.json: Skipping, found more recently modified local copy (use --force to force download)
zarr.json: Skipping, found more recently modified local copy (use --force to force download)
zarr.json: Skipping, found more recently modified local copy (use --force to force download)
zarr.json: Skipping, found more recently modified local copy (use --force to force download)
zarr.json: Skipping, found more recently modified local copy (use --force to force download)
0: Skipping, found more recently modified local copy (use --force to force download)
zarr.json: Skipping, found more recently modified local copy (use --force to force download)
0: Skipping, found more recently modified local copy (use --force to force download)
zarr.json: Skipping, found more recently modified local copy (use --force to force download)
zarr.json: Skipping, found more recently modified local copy (use --force to force download)
0: Skipping, found more recently modified local copy (use --force to force download)
zarr.json: Skipping, found more recently modified local copy (use --force to force download)
zarr.json: Skipping, found more recently modified local copy (use --force to force download)
0: Skipping, found more recently modified local copy (use --force to force download)
zarr.json: Skipping, found more recently modified local copy (use --force to force download)
zarr.json: Skipping, found more recently modified local copy (use --force to force download)
zarr.json: Skipping, found more recently modified local copy (use --force to force download)
zarr.json: Skipping, found more recently modified local copy (use --force to force download)
0: Skipping, found more recently modified local copy (use --force to force download)
zarr.json: Skipping, found more recently modified local copy (use --force to force download)
0: Skipping, found more recently modified local copy (use --force to force download)
zarr.json: Skipping, found more recently modified local copy (use --force to force download)
zarr.json: Skipping, found more recently modified local copy (use --force to force download)
0: Skipping, found more recently modified local copy (use --force to force download)
zarr.json: Skipping, found more recently modified local copy (use --force to force download)
zarr.json: Skipping, found more recently modified local copy (use --force to force download)
0: Skipping, found more recently modified local copy (use --force to force download)
zarr.json: Skipping, found more recently modified local copy (use --force to force download)
zarr.json: Skipping, found more recently modified local copy (use --force to force download)
0: Skipping, found more recently modified local copy (use --force to force download)
zarr.json: Skipping, found more recently modified local copy (use --force to force download)
zarr.json: Skipping, found more recently modified local copy (use --force to force download)
0: Skipping, found more recently modified local copy (use --force to force download)
zarr.json: Skipping, found more recently modified local copy (use --force to force download)
zarr.json: Skipping, found more recently modified local copy (use --force to force download)
zarr.json: Skipping, found more recently modified local copy (use --force to force download)
zarr.json: Skipping, found more recently modified local copy (use --force to force download)
zarr.json: Skipping, found more recently modified local copy (use --force to force download)
0: Skipping, found more recently modified local copy (use --force to force download)
zarr.json: Skipping, found more recently modified local copy (use --force to force download)
0: Skipping, found more recently modified local copy (use --force to force download)
zarr.json: Skipping, found more recently modified local copy (use --force to force download)
zarr.json: Skipping, found more recently modified local copy (use --force to force download)
0: Skipping, found more recently modified local copy (use --force to force download)
zarr.json: Skipping, found more recently modified local copy (use --force to force download)
zarr.json: Skipping, found more recently modified local copy (use --force to force download)
0: Skipping, found more recently modified local copy (use --force to force download)
zarr.json: Skipping, found more recently modified local copy (use --force to force download)
zarr.json: Skipping, found more recently modified local copy (use --force to force download)
zarr.json: Skipping, found more recently modified local copy (use --force to force download)
zarr.json: Skipping, found more recently modified local copy (use --force to force download)
0: Skipping, found more recently modified local copy (use --force to force download)
zarr.json: Skipping, found more recently modified local copy (use --force to force download)
0: Skipping, found more recently modified local copy (use --force to force download)
zarr.json: Skipping, found more recently modified local copy (use --force to force download)
zarr.json: Skipping, found more recently modified local copy (use --force to force download)
0: Skipping, found more recently modified local copy (use --force to force download)
zarr.json: Skipping, found more recently modified local copy (use --force to force download)
zarr.json: Skipping, found more recently modified local copy (use --force to force download)
0: Skipping, found more recently modified local copy (use --force to force download)
zarr.json: Skipping, found more recently modified local copy (use --force to force download)
zarr.json: Skipping, found more recently modified local copy (use --force to force download)
0: Skipping, found more recently modified local copy (use --force to force download)
zarr.json: Skipping, found more recently modified local copy (use --force to force download)
zarr.json: Skipping, found more recently modified local copy (use --force to force download)
0: Skipping, found more recently modified local copy (use --force to force download)
zarr.json: Skipping, found more recently modified local copy (use --force to force download)
zarr.json: Skipping, found more recently modified local copy (use --force to force download)
zarr.json: Skipping, found more recently modified local copy (use --force to force download)
zarr.json: Skipping, found more recently modified local copy (use --force to force download)
zarr.json: Skipping, found more recently modified local copy (use --force to force download)
0: Skipping, found more recently modified local copy (use --force to force download)
zarr.json: Skipping, found more recently modified local copy (use --force to force download)
0: Skipping, found more recently modified local copy (use --force to force download)
zarr.json: Skipping, found more recently modified local copy (use --force to force download)
zarr.json: Skipping, found more recently modified local copy (use --force to force download)
0: Skipping, found more recently modified local copy (use --force to force download)
zarr.json: Skipping, found more recently modified local copy (use --force to force download)
zarr.json: Skipping, found more recently modified local copy (use --force to force download)
0: Skipping, found more recently modified local copy (use --force to force download)
zarr.json: Skipping, found more recently modified local copy (use --force to force download)
zarr.json: Skipping, found more recently modified local copy (use --force to force download)
zarr.json: Skipping, found more recently modified local copy (use --force to force download)
zarr.json: Skipping, found more recently modified local copy (use --force to force download)
0: Skipping, found more recently modified local copy (use --force to force download)
zarr.json: Skipping, found more recently modified local copy (use --force to force download)
0: Skipping, found more recently modified local copy (use --force to force download)
zarr.json: Skipping, found more recently modified local copy (use --force to force download)
zarr.json: Skipping, found more recently modified local copy (use --force to force download)
0: Skipping, found more recently modified local copy (use --force to force download)
zarr.json: Skipping, found more recently modified local copy (use --force to force download)
zarr.json: Skipping, found more recently modified local copy (use --force to force download)
0: Skipping, found more recently modified local copy (use --force to force download)
zarr.json: Skipping, found more recently modified local copy (use --force to force download)
zarr.json: Skipping, found more recently modified local copy (use --force to force download)
0: Skipping, found more recently modified local copy (use --force to force download)
zarr.json: Skipping, found more recently modified local copy (use --force to force download)
zarr.json: Skipping, found more recently modified local copy (use --force to force download)
0: Skipping, found more recently modified local copy (use --force to force download)
zarr.json: Skipping, found more recently modified local copy (use --force to force download)
zarr.json: Skipping, found more recently modified local copy (use --force to force download)
zarr.json: Skipping, found more recently modified local copy (use --force to force download)
zarr.json: Skipping, found more recently modified local copy (use --force to force download)
zarr.json: Skipping, found more recently modified local copy (use --force to force download)
0: Skipping, found more recently modified local copy (use --force to force download)
zarr.json: Skipping, found more recently modified local copy (use --force to force download)
0: Skipping, found more recently modified local copy (use --force to force download)
zarr.json: Skipping, found more recently modified local copy (use --force to force download)
zarr.json: Skipping, found more recently modified local copy (use --force to force download)
0: Skipping, found more recently modified local copy (use --force to force download)
zarr.json: Skipping, found more recently modified local copy (use --force to force download)
zarr.json: Skipping, found more recently modified local copy (use --force to force download)
0: Skipping, found more recently modified local copy (use --force to force download)
zarr.json: Skipping, found more recently modified local copy (use --force to force download)
zarr.json: Skipping, found more recently modified local copy (use --force to force download)
zarr.json: Skipping, found more recently modified local copy (use --force to force download)
zarr.json: Skipping, found more recently modified local copy (use --force to force download)
0: Skipping, found more recently modified local copy (use --force to force download)
zarr.json: Skipping, found more recently modified local copy (use --force to force download)
0: Skipping, found more recently modified local copy (use --force to force download)
zarr.json: Skipping, found more recently modified local copy (use --force to force download)
zarr.json: Skipping, found more recently modified local copy (use --force to force download)
0: Skipping, found more recently modified local copy (use --force to force download)
zarr.json: Skipping, found more recently modified local copy (use --force to force download)
zarr.json: Skipping, found more recently modified local copy (use --force to force download)
0: Skipping, found more recently modified local copy (use --force to force download)
zarr.json: Skipping, found more recently modified local copy (use --force to force download)
zarr.json: Skipping, found more recently modified local copy (use --force to force download)
0: Skipping, found more recently modified local copy (use --force to force download)
zarr.json: Skipping, found more recently modified local copy (use --force to force download)
zarr.json: Skipping, found more recently modified local copy (use --force to force download)
0: Skipping, found more recently modified local copy (use --force to force download)
zarr.json: Skipping, found more recently modified local copy (use --force to force download)
zarr.json: Skipping, found more recently modified local copy (use --force to force download)
zarr.json: Skipping, found more recently modified local copy (use --force to force download)
zarr.json: Skipping, found more recently modified local copy (use --force to force download)
zarr.json: Skipping, found more recently modified local copy (use --force to force download)
0: Skipping, found more recently modified local copy (use --force to force download)
zarr.json: Skipping, found more recently modified local copy (use --force to force download)
0: Skipping, found more recently modified local copy (use --force to force download)
zarr.json: Skipping, found more recently modified local copy (use --force to force download)
zarr.json: Skipping, found more recently modified local copy (use --force to force download)
0: Skipping, found more recently modified local copy (use --force to force download)
zarr.json: Skipping, found more recently modified local copy (use --force to force download)
zarr.json: Skipping, found more recently modified local copy (use --force to force download)
0: Skipping, found more recently modified local copy (use --force to force download)
zarr.json: Skipping, found more recently modified local copy (use --force to force download)
zarr.json: Skipping, found more recently modified local copy (use --force to force download)
zarr.json: Skipping, found more recently modified local copy (use --force to force download)
zarr.json: Skipping, found more recently modified local copy (use --force to force download)
0: Skipping, found more recently modified local copy (use --force to force download)
zarr.json: Skipping, found more recently modified local copy (use --force to force download)
0: Skipping, found more recently modified local copy (use --force to force download)
zarr.json: Skipping, found more recently modified local copy (use --force to force download)
zarr.json: Skipping, found more recently modified local copy (use --force to force download)
0: Skipping, found more recently modified local copy (use --force to force download)
zarr.json: Skipping, found more recently modified local copy (use --force to force download)
zarr.json: Skipping, found more recently modified local copy (use --force to force download)
0: Skipping, found more recently modified local copy (use --force to force download)
zarr.json: Skipping, found more recently modified local copy (use --force to force download)
zarr.json: Skipping, found more recently modified local copy (use --force to force download)
0: Skipping, found more recently modified local copy (use --force to force download)
zarr.json: Skipping, found more recently modified local copy (use --force to force download)
zarr.json: Skipping, found more recently modified local copy (use --force to force download)
0: Skipping, found more recently modified local copy (use --force to force download)
zarr.json: Skipping, found more recently modified local copy (use --force to force download)
zarr.json: Skipping, found more recently modified local copy (use --force to force download)
zarr.json: Skipping, found more recently modified local copy (use --force to force download)
zarr.json: Skipping, found more recently modified local copy (use --force to force download)
zarr.json: Skipping, found more recently modified local copy (use --force to force download)
0: Skipping, found more recently modified local copy (use --force to force download)
zarr.json: Skipping, found more recently modified local copy (use --force to force download)
0: Skipping, found more recently modified local copy (use --force to force download)
zarr.json: Skipping, found more recently modified local copy (use --force to force download)
zarr.json: Skipping, found more recently modified local copy (use --force to force download)
0: Skipping, found more recently modified local copy (use --force to force download)
zarr.json: Skipping, found more recently modified local copy (use --force to force download)
zarr.json: Skipping, found more recently modified local copy (use --force to force download)
0: Skipping, found more recently modified local copy (use --force to force download)
zarr.json: Skipping, found more recently modified local copy (use --force to force download)
zarr.json: Skipping, found more recently modified local copy (use --force to force download)
zarr.json: Skipping, found more recently modified local copy (use --force to force download)
zarr.json: Skipping, found more recently modified local copy (use --force to force download)
0: Skipping, found more recently modified local copy (use --force to force download)
zarr.json: Skipping, found more recently modified local copy (use --force to force download)
0: Skipping, found more recently modified local copy (use --force to force download)
zarr.json: Skipping, found more recently modified local copy (use --force to force download)
zarr.json: Skipping, found more recently modified local copy (use --force to force download)
0: Skipping, found more recently modified local copy (use --force to force download)
zarr.json: Skipping, found more recently modified local copy (use --force to force download)
zarr.json: Skipping, found more recently modified local copy (use --force to force download)
0: Skipping, found more recently modified local copy (use --force to force download)
zarr.json: Skipping, found more recently modified local copy (use --force to force download)
zarr.json: Skipping, found more recently modified local copy (use --force to force download)
0: Skipping, found more recently modified local copy (use --force to force download)
zarr.json: Skipping, found more recently modified local copy (use --force to force download)
zarr.json: Skipping, found more recently modified local copy (use --force to force download)
0: Skipping, found more recently modified local copy (use --force to force download)
zarr.json: Skipping, found more recently modified local copy (use --force to force download)
zarr.json: Skipping, found more recently modified local copy (use --force to force download)
zarr.json: Skipping, found more recently modified local copy (use --force to force download)
zarr.json: Skipping, found more recently modified local copy (use --force to force download)
zarr.json: Skipping, found more recently modified local copy (use --force to force download)
0: Skipping, found more recently modified local copy (use --force to force download)
zarr.json: Skipping, found more recently modified local copy (use --force to force download)
0: Skipping, found more recently modified local copy (use --force to force download)
zarr.json: Skipping, found more recently modified local copy (use --force to force download)
zarr.json: Skipping, found more recently modified local copy (use --force to force download)
0: Skipping, found more recently modified local copy (use --force to force download)
zarr.json: Skipping, found more recently modified local copy (use --force to force download)
zarr.json: Skipping, found more recently modified local copy (use --force to force download)
0: Skipping, found more recently modified local copy (use --force to force download)
zarr.json: Skipping, found more recently modified local copy (use --force to force download)
zarr.json: Skipping, found more recently modified local copy (use --force to force download)
zarr.json: Skipping, found more recently modified local copy (use --force to force download)
zarr.json: Skipping, found more recently modified local copy (use --force to force download)
0: Skipping, found more recently modified local copy (use --force to force download)
zarr.json: Skipping, found more recently modified local copy (use --force to force download)
0: Skipping, found more recently modified local copy (use --force to force download)
zarr.json: Skipping, found more recently modified local copy (use --force to force download)
zarr.json: Skipping, found more recently modified local copy (use --force to force download)
0: Skipping, found more recently modified local copy (use --force to force download)
zarr.json: Skipping, found more recently modified local copy (use --force to force download)
zarr.json: Skipping, found more recently modified local copy (use --force to force download)
0: Skipping, found more recently modified local copy (use --force to force download)
zarr.json: Skipping, found more recently modified local copy (use --force to force download)
zarr.json: Skipping, found more recently modified local copy (use --force to force download)
0: Skipping, found more recently modified local copy (use --force to force download)
zarr.json: Skipping, found more recently modified local copy (use --force to force download)
zarr.json: Skipping, found more recently modified local copy (use --force to force download)
0: Skipping, found more recently modified local copy (use --force to force download)
zarr.json: Skipping, found more recently modified local copy (use --force to force download)
zarr.json: Skipping, found more recently modified local copy (use --force to force download)
zarr.json: Skipping, found more recently modified local copy (use --force to force download)
zarr.json: Skipping, found more recently modified local copy (use --force to force download)
zarr.json: Skipping, found more recently modified local copy (use --force to force download)
0: Skipping, found more recently modified local copy (use --force to force download)
zarr.json: Skipping, found more recently modified local copy (use --force to force download)
0: Skipping, found more recently modified local copy (use --force to force download)
zarr.json: Skipping, found more recently modified local copy (use --force to force download)
zarr.json: Skipping, found more recently modified local copy (use --force to force download)
0: Skipping, found more recently modified local copy (use --force to force download)
zarr.json: Skipping, found more recently modified local copy (use --force to force download)
zarr.json: Skipping, found more recently modified local copy (use --force to force download)
0: Skipping, found more recently modified local copy (use --force to force download)
zarr.json: Skipping, found more recently modified local copy (use --force to force download)
zarr.json: Skipping, found more recently modified local copy (use --force to force download)
zarr.json: Skipping, found more recently modified local copy (use --force to force download)
zarr.json: Skipping, found more recently modified local copy (use --force to force download)
0: Skipping, found more recently modified local copy (use --force to force download)
zarr.json: Skipping, found more recently modified local copy (use --force to force download)
0: Skipping, found more recently modified local copy (use --force to force download)
zarr.json: Skipping, found more recently modified local copy (use --force to force download)
zarr.json: Skipping, found more recently modified local copy (use --force to force download)
0: Skipping, found more recently modified local copy (use --force to force download)
zarr.json: Skipping, found more recently modified local copy (use --force to force download)
zarr.json: Skipping, found more recently modified local copy (use --force to force download)
0: Skipping, found more recently modified local copy (use --force to force download)
zarr.json: Skipping, found more recently modified local copy (use --force to force download)
zarr.json: Skipping, found more recently modified local copy (use --force to force download)
0: Skipping, found more recently modified local copy (use --force to force download)
zarr.json: Skipping, found more recently modified local copy (use --force to force download)
zarr.json: Skipping, found more recently modified local copy (use --force to force download)
0: Skipping, found more recently modified local copy (use --force to force download)
zarr.json: Skipping, found more recently modified local copy (use --force to force download)
zarr.json: Skipping, found more recently modified local copy (use --force to force download)
zarr.json: Skipping, found more recently modified local copy (use --force to force download)
zarr.json: Skipping, found more recently modified local copy (use --force to force download)
zarr.json: Skipping, found more recently modified local copy (use --force to force download)
0: Skipping, found more recently modified local copy (use --force to force download)
zarr.json: Skipping, found more recently modified local copy (use --force to force download)
0: Skipping, found more recently modified local copy (use --force to force download)
zarr.json: Skipping, found more recently modified local copy (use --force to force download)
zarr.json: Skipping, found more recently modified local copy (use --force to force download)
0: Skipping, found more recently modified local copy (use --force to force download)
zarr.json: Skipping, found more recently modified local copy (use --force to force download)
zarr.json: Skipping, found more recently modified local copy (use --force to force download)
0: Skipping, found more recently modified local copy (use --force to force download)
zarr.json: Skipping, found more recently modified local copy (use --force to force download)
zarr.json: Skipping, found more recently modified local copy (use --force to force download)
zarr.json: Skipping, found more recently modified local copy (use --force to force download)
zarr.json: Skipping, found more recently modified local copy (use --force to force download)
0: Skipping, found more recently modified local copy (use --force to force download)
zarr.json: Skipping, found more recently modified local copy (use --force to force download)
0: Skipping, found more recently modified local copy (use --force to force download)
zarr.json: Skipping, found more recently modified local copy (use --force to force download)
zarr.json: Skipping, found more recently modified local copy (use --force to force download)
0: Skipping, found more recently modified local copy (use --force to force download)
zarr.json: Skipping, found more recently modified local copy (use --force to force download)
zarr.json: Skipping, found more recently modified local copy (use --force to force download)
0: Skipping, found more recently modified local copy (use --force to force download)
zarr.json: Skipping, found more recently modified local copy (use --force to force download)
zarr.json: Skipping, found more recently modified local copy (use --force to force download)
0: Skipping, found more recently modified local copy (use --force to force download)
zarr.json: Skipping, found more recently modified local copy (use --force to force download)
zarr.json: Skipping, found more recently modified local copy (use --force to force download)
0: Skipping, found more recently modified local copy (use --force to force download)
zarr.json: Skipping, found more recently modified local copy (use --force to force download)
zarr.json: Skipping, found more recently modified local copy (use --force to force download)
zarr.json: Skipping, found more recently modified local copy (use --force to force download)
zarr.json: Skipping, found more recently modified local copy (use --force to force download)
zarr.json: Skipping, found more recently modified local copy (use --force to force download)
0: Skipping, found more recently modified local copy (use --force to force download)
zarr.json: Skipping, found more recently modified local copy (use --force to force download)
0: Skipping, found more recently modified local copy (use --force to force download)
zarr.json: Skipping, found more recently modified local copy (use --force to force download)
zarr.json: Skipping, found more recently modified local copy (use --force to force download)
0: Skipping, found more recently modified local copy (use --force to force download)
zarr.json: Skipping, found more recently modified local copy (use --force to force download)
zarr.json: Skipping, found more recently modified local copy (use --force to force download)
0: Skipping, found more recently modified local copy (use --force to force download)
zarr.json: Skipping, found more recently modified local copy (use --force to force download)
zarr.json: Skipping, found more recently modified local copy (use --force to force download)
zarr.json: Skipping, found more recently modified local copy (use --force to force download)
zarr.json: Skipping, found more recently modified local copy (use --force to force download)
0: Skipping, found more recently modified local copy (use --force to force download)
zarr.json: Skipping, found more recently modified local copy (use --force to force download)
0: Skipping, found more recently modified local copy (use --force to force download)
zarr.json: Skipping, found more recently modified local copy (use --force to force download)
zarr.json: Skipping, found more recently modified local copy (use --force to force download)
0: Skipping, found more recently modified local copy (use --force to force download)
zarr.json: Skipping, found more recently modified local copy (use --force to force download)
zarr.json: Skipping, found more recently modified local copy (use --force to force download)
0: Skipping, found more recently modified local copy (use --force to force download)
zarr.json: Skipping, found more recently modified local copy (use --force to force download)
zarr.json: Skipping, found more recently modified local copy (use --force to force download)
0: Skipping, found more recently modified local copy (use --force to force download)
zarr.json: Skipping, found more recently modified local copy (use --force to force download)
zarr.json: Skipping, found more recently modified local copy (use --force to force download)
0: Skipping, found more recently modified local copy (use --force to force download)
zarr.json: Skipping, found more recently modified local copy (use --force to force download)
zarr.json: Skipping, found more recently modified local copy (use --force to force download)
zarr.json: Skipping, found more recently modified local copy (use --force to force download)
zarr.json: Skipping, found more recently modified local copy (use --force to force download)
zarr.json: Skipping, found more recently modified local copy (use --force to force download)
0: Skipping, found more recently modified local copy (use --force to force download)
zarr.json: Skipping, found more recently modified local copy (use --force to force download)
0: Skipping, found more recently modified local copy (use --force to force download)
zarr.json: Skipping, found more recently modified local copy (use --force to force download)
zarr.json: Skipping, found more recently modified local copy (use --force to force download)
0: Skipping, found more recently modified local copy (use --force to force download)
zarr.json: Skipping, found more recently modified local copy (use --force to force download)
zarr.json: Skipping, found more recently modified local copy (use --force to force download)
0: Skipping, found more recently modified local copy (use --force to force download)
zarr.json: Skipping, found more recently modified local copy (use --force to force download)
zarr.json: Skipping, found more recently modified local copy (use --force to force download)
zarr.json: Skipping, found more recently modified local copy (use --force to force download)
zarr.json: Skipping, found more recently modified local copy (use --force to force download)
0: Skipping, found more recently modified local copy (use --force to force download)
zarr.json: Skipping, found more recently modified local copy (use --force to force download)
0: Skipping, found more recently modified local copy (use --force to force download)
zarr.json: Skipping, found more recently modified local copy (use --force to force download)
zarr.json: Skipping, found more recently modified local copy (use --force to force download)
0: Skipping, found more recently modified local copy (use --force to force download)
zarr.json: Skipping, found more recently modified local copy (use --force to force download)
zarr.json: Skipping, found more recently modified local copy (use --force to force download)
0: Skipping, found more recently modified local copy (use --force to force download)
zarr.json: Skipping, found more recently modified local copy (use --force to force download)
zarr.json: Skipping, found more recently modified local copy (use --force to force download)
0: Skipping, found more recently modified local copy (use --force to force download)
zarr.json: Skipping, found more recently modified local copy (use --force to force download)
zarr.json: Skipping, found more recently modified local copy (use --force to force download)
0: Skipping, found more recently modified local copy (use --force to force download)
zarr.json: Skipping, found more recently modified local copy (use --force to force download)
zarr.json: Skipping, found more recently modified local copy (use --force to force download)
zarr.json: Skipping, found more recently modified local copy (use --force to force download)
zarr.json: Skipping, found more recently modified local copy (use --force to force download)
zarr.json: Skipping, found more recently modified local copy (use --force to force download)
0: Skipping, found more recently modified local copy (use --force to force download)
zarr.json: Skipping, found more recently modified local copy (use --force to force download)
0: Skipping, found more recently modified local copy (use --force to force download)
zarr.json: Skipping, found more recently modified local copy (use --force to force download)
zarr.json: Skipping, found more recently modified local copy (use --force to force download)
0: Skipping, found more recently modified local copy (use --force to force download)
zarr.json: Skipping, found more recently modified local copy (use --force to force download)
zarr.json: Skipping, found more recently modified local copy (use --force to force download)
0: Skipping, found more recently modified local copy (use --force to force download)
zarr.json: Skipping, found more recently modified local copy (use --force to force download)
zarr.json: Skipping, found more recently modified local copy (use --force to force download)
zarr.json: Skipping, found more recently modified local copy (use --force to force download)
zarr.json: Skipping, found more recently modified local copy (use --force to force download)
0: Skipping, found more recently modified local copy (use --force to force download)
zarr.json: Skipping, found more recently modified local copy (use --force to force download)
0: Skipping, found more recently modified local copy (use --force to force download)
zarr.json: Skipping, found more recently modified local copy (use --force to force download)
zarr.json: Skipping, found more recently modified local copy (use --force to force download)
0: Skipping, found more recently modified local copy (use --force to force download)
zarr.json: Skipping, found more recently modified local copy (use --force to force download)
zarr.json: Skipping, found more recently modified local copy (use --force to force download)
0: Skipping, found more recently modified local copy (use --force to force download)
zarr.json: Skipping, found more recently modified local copy (use --force to force download)
zarr.json: Skipping, found more recently modified local copy (use --force to force download)
0: Skipping, found more recently modified local copy (use --force to force download)
zarr.json: Skipping, found more recently modified local copy (use --force to force download)
zarr.json: Skipping, found more recently modified local copy (use --force to force download)
0: Skipping, found more recently modified local copy (use --force to force download)
zarr.json: Skipping, found more recently modified local copy (use --force to force download)
zarr.json: Skipping, found more recently modified local copy (use --force to force download)
zarr.json: Skipping, found more recently modified local copy (use --force to force download)
zarr.json: Skipping, found more recently modified local copy (use --force to force download)
zarr.json: Skipping, found more recently modified local copy (use --force to force download)
0: Skipping, found more recently modified local copy (use --force to force download)
zarr.json: Skipping, found more recently modified local copy (use --force to force download)
0: Skipping, found more recently modified local copy (use --force to force download)
zarr.json: Skipping, found more recently modified local copy (use --force to force download)
zarr.json: Skipping, found more recently modified local copy (use --force to force download)
0: Skipping, found more recently modified local copy (use --force to force download)
zarr.json: Skipping, found more recently modified local copy (use --force to force download)
zarr.json: Skipping, found more recently modified local copy (use --force to force download)
0: Skipping, found more recently modified local copy (use --force to force download)
zarr.json: Skipping, found more recently modified local copy (use --force to force download)
zarr.json: Skipping, found more recently modified local copy (use --force to force download)
zarr.json: Skipping, found more recently modified local copy (use --force to force download)
zarr.json: Skipping, found more recently modified local copy (use --force to force download)
0: Skipping, found more recently modified local copy (use --force to force download)
zarr.json: Skipping, found more recently modified local copy (use --force to force download)
0: Skipping, found more recently modified local copy (use --force to force download)
zarr.json: Skipping, found more recently modified local copy (use --force to force download)
zarr.json: Skipping, found more recently modified local copy (use --force to force download)
0: Skipping, found more recently modified local copy (use --force to force download)
zarr.json: Skipping, found more recently modified local copy (use --force to force download)
zarr.json: Skipping, found more recently modified local copy (use --force to force download)
0: Skipping, found more recently modified local copy (use --force to force download)
zarr.json: Skipping, found more recently modified local copy (use --force to force download)
zarr.json: Skipping, found more recently modified local copy (use --force to force download)
0: Skipping, found more recently modified local copy (use --force to force download)
zarr.json: Skipping, found more recently modified local copy (use --force to force download)
zarr.json: Skipping, found more recently modified local copy (use --force to force download)
0: Skipping, found more recently modified local copy (use --force to force download)
zarr.json: Skipping, found more recently modified local copy (use --force to force download)
zarr.json: Skipping, found more recently modified local copy (use --force to force download)
zarr.json: Skipping, found more recently modified local copy (use --force to force download)
zarr.json: Skipping, found more recently modified local copy (use --force to force download)
zarr.json: Skipping, found more recently modified local copy (use --force to force download)
0: Skipping, found more recently modified local copy (use --force to force download)
zarr.json: Skipping, found more recently modified local copy (use --force to force download)
0: Skipping, found more recently modified local copy (use --force to force download)
zarr.json: Skipping, found more recently modified local copy (use --force to force download)
zarr.json: Skipping, found more recently modified local copy (use --force to force download)
0: Skipping, found more recently modified local copy (use --force to force download)
zarr.json: Skipping, found more recently modified local copy (use --force to force download)
zarr.json: Skipping, found more recently modified local copy (use --force to force download)
0: Skipping, found more recently modified local copy (use --force to force download)
zarr.json: Skipping, found more recently modified local copy (use --force to force download)
zarr.json: Skipping, found more recently modified local copy (use --force to force download)
zarr.json: Skipping, found more recently modified local copy (use --force to force download)
zarr.json: Skipping, found more recently modified local copy (use --force to force download)
0: Skipping, found more recently modified local copy (use --force to force download)
zarr.json: Skipping, found more recently modified local copy (use --force to force download)
0: Skipping, found more recently modified local copy (use --force to force download)
zarr.json: Skipping, found more recently modified local copy (use --force to force download)
zarr.json: Skipping, found more recently modified local copy (use --force to force download)
0: Skipping, found more recently modified local copy (use --force to force download)
zarr.json: Skipping, found more recently modified local copy (use --force to force download)
zarr.json: Skipping, found more recently modified local copy (use --force to force download)
0: Skipping, found more recently modified local copy (use --force to force download)
zarr.json: Skipping, found more recently modified local copy (use --force to force download)
zarr.json: Skipping, found more recently modified local copy (use --force to force download)
0: Skipping, found more recently modified local copy (use --force to force download)
zarr.json: Skipping, found more recently modified local copy (use --force to force download)
zarr.json: Skipping, found more recently modified local copy (use --force to force download)
0: Skipping, found more recently modified local copy (use --force to force download)
zarr.json: Skipping, found more recently modified local copy (use --force to force download)
zarr.json: Skipping, found more recently modified local copy (use --force to force download)
zarr.json: Skipping, found more recently modified local copy (use --force to force download)
zarr.json: Skipping, found more recently modified local copy (use --force to force download)
zarr.json: Skipping, found more recently modified local copy (use --force to force download)
0: Skipping, found more recently modified local copy (use --force to force download)
zarr.json: Skipping, found more recently modified local copy (use --force to force download)
0: Skipping, found more recently modified local copy (use --force to force download)
zarr.json: Skipping, found more recently modified local copy (use --force to force download)
zarr.json: Skipping, found more recently modified local copy (use --force to force download)
0: Skipping, found more recently modified local copy (use --force to force download)
zarr.json: Skipping, found more recently modified local copy (use --force to force download)
zarr.json: Skipping, found more recently modified local copy (use --force to force download)
0: Skipping, found more recently modified local copy (use --force to force download)
zarr.json: Skipping, found more recently modified local copy (use --force to force download)
zarr.json: Skipping, found more recently modified local copy (use --force to force download)
zarr.json: Skipping, found more recently modified local copy (use --force to force download)
zarr.json: Skipping, found more recently modified local copy (use --force to force download)
0: Skipping, found more recently modified local copy (use --force to force download)
zarr.json: Skipping, found more recently modified local copy (use --force to force download)
0: Skipping, found more recently modified local copy (use --force to force download)
zarr.json: Skipping, found more recently modified local copy (use --force to force download)
zarr.json: Skipping, found more recently modified local copy (use --force to force download)
0: Skipping, found more recently modified local copy (use --force to force download)
zarr.json: Skipping, found more recently modified local copy (use --force to force download)
zarr.json: Skipping, found more recently modified local copy (use --force to force download)
0: Skipping, found more recently modified local copy (use --force to force download)
zarr.json: Skipping, found more recently modified local copy (use --force to force download)
zarr.json: Skipping, found more recently modified local copy (use --force to force download)
0: Skipping, found more recently modified local copy (use --force to force download)
zarr.json: Skipping, found more recently modified local copy (use --force to force download)
zarr.json: Skipping, found more recently modified local copy (use --force to force download)
0: Skipping, found more recently modified local copy (use --force to force download)
zarr.json: Skipping, found more recently modified local copy (use --force to force download)
zarr.json: Skipping, found more recently modified local copy (use --force to force download)
zarr.json: Skipping, found more recently modified local copy (use --force to force download)
zarr.json: Skipping, found more recently modified local copy (use --force to force download)
zarr.json: Skipping, found more recently modified local copy (use --force to force download)
0: Skipping, found more recently modified local copy (use --force to force download)
zarr.json: Skipping, found more recently modified local copy (use --force to force download)
0: Skipping, found more recently modified local copy (use --force to force download)
zarr.json: Skipping, found more recently modified local copy (use --force to force download)
zarr.json: Skipping, found more recently modified local copy (use --force to force download)
0: Skipping, found more recently modified local copy (use --force to force download)
zarr.json: Skipping, found more recently modified local copy (use --force to force download)
zarr.json: Skipping, found more recently modified local copy (use --force to force download)
0: Skipping, found more recently modified local copy (use --force to force download)
zarr.json: Skipping, found more recently modified local copy (use --force to force download)
zarr.json: Skipping, found more recently modified local copy (use --force to force download)
zarr.json: Skipping, found more recently modified local copy (use --force to force download)
zarr.json: Skipping, found more recently modified local copy (use --force to force download)
0: Skipping, found more recently modified local copy (use --force to force download)
zarr.json: Skipping, found more recently modified local copy (use --force to force download)
0: Skipping, found more recently modified local copy (use --force to force download)
zarr.json: Skipping, found more recently modified local copy (use --force to force download)
zarr.json: Skipping, found more recently modified local copy (use --force to force download)
0: Skipping, found more recently modified local copy (use --force to force download)
zarr.json: Skipping, found more recently modified local copy (use --force to force download)
zarr.json: Skipping, found more recently modified local copy (use --force to force download)
0: Skipping, found more recently modified local copy (use --force to force download)
zarr.json: Skipping, found more recently modified local copy (use --force to force download)
zarr.json: Skipping, found more recently modified local copy (use --force to force download)
0: Skipping, found more recently modified local copy (use --force to force download)
zarr.json: Skipping, found more recently modified local copy (use --force to force download)
zarr.json: Skipping, found more recently modified local copy (use --force to force download)
0: Skipping, found more recently modified local copy (use --force to force download)
zarr.json: Skipping, found more recently modified local copy (use --force to force download)
zarr.json: Skipping, found more recently modified local copy (use --force to force download)
zarr.json: Skipping, found more recently modified local copy (use --force to force download)
zarr.json: Skipping, found more recently modified local copy (use --force to force download)
zarr.json: Skipping, found more recently modified local copy (use --force to force download)
0: Skipping, found more recently modified local copy (use --force to force download)
zarr.json: Skipping, found more recently modified local copy (use --force to force download)
0: Skipping, found more recently modified local copy (use --force to force download)
zarr.json: Skipping, found more recently modified local copy (use --force to force download)
zarr.json: Skipping, found more recently modified local copy (use --force to force download)
0: Skipping, found more recently modified local copy (use --force to force download)
zarr.json: Skipping, found more recently modified local copy (use --force to force download)
zarr.json: Skipping, found more recently modified local copy (use --force to force download)
0: Skipping, found more recently modified local copy (use --force to force download)
zarr.json: Skipping, found more recently modified local copy (use --force to force download)
zarr.json: Skipping, found more recently modified local copy (use --force to force download)
zarr.json: Skipping, found more recently modified local copy (use --force to force download)
zarr.json: Skipping, found more recently modified local copy (use --force to force download)
0: Skipping, found more recently modified local copy (use --force to force download)
zarr.json: Skipping, found more recently modified local copy (use --force to force download)
0: Skipping, found more recently modified local copy (use --force to force download)
zarr.json: Skipping, found more recently modified local copy (use --force to force download)
zarr.json: Skipping, found more recently modified local copy (use --force to force download)
0: Skipping, found more recently modified local copy (use --force to force download)
zarr.json: Skipping, found more recently modified local copy (use --force to force download)
zarr.json: Skipping, found more recently modified local copy (use --force to force download)
0: Skipping, found more recently modified local copy (use --force to force download)
zarr.json: Skipping, found more recently modified local copy (use --force to force download)
zarr.json: Skipping, found more recently modified local copy (use --force to force download)
0: Skipping, found more recently modified local copy (use --force to force download)
zarr.json: Skipping, found more recently modified local copy (use --force to force download)
zarr.json: Skipping, found more recently modified local copy (use --force to force download)
0: Skipping, found more recently modified local copy (use --force to force download)
zarr.json: Skipping, found more recently modified local copy (use --force to force download)
zarr.json: Skipping, found more recently modified local copy (use --force to force download)
zarr.json: Skipping, found more recently modified local copy (use --force to force download)
zarr.json: Skipping, found more recently modified local copy (use --force to force download)
zarr.json: Skipping, found more recently modified local copy (use --force to force download)
0: Skipping, found more recently modified local copy (use --force to force download)
zarr.json: Skipping, found more recently modified local copy (use --force to force download)
0: Skipping, found more recently modified local copy (use --force to force download)
zarr.json: Skipping, found more recently modified local copy (use --force to force download)
zarr.json: Skipping, found more recently modified local copy (use --force to force download)
0: Skipping, found more recently modified local copy (use --force to force download)
zarr.json: Skipping, found more recently modified local copy (use --force to force download)
zarr.json: Skipping, found more recently modified local copy (use --force to force download)
0: Skipping, found more recently modified local copy (use --force to force download)
zarr.json: Skipping, found more recently modified local copy (use --force to force download)
zarr.json: Skipping, found more recently modified local copy (use --force to force download)
zarr.json: Skipping, found more recently modified local copy (use --force to force download)
zarr.json: Skipping, found more recently modified local copy (use --force to force download)
0: Skipping, found more recently modified local copy (use --force to force download)
zarr.json: Skipping, found more recently modified local copy (use --force to force download)
0: Skipping, found more recently modified local copy (use --force to force download)
zarr.json: Skipping, found more recently modified local copy (use --force to force download)
zarr.json: Skipping, found more recently modified local copy (use --force to force download)
0: Skipping, found more recently modified local copy (use --force to force download)
zarr.json: Skipping, found more recently modified local copy (use --force to force download)
zarr.json: Skipping, found more recently modified local copy (use --force to force download)
0: Skipping, found more recently modified local copy (use --force to force download)
zarr.json: Skipping, found more recently modified local copy (use --force to force download)
zarr.json: Skipping, found more recently modified local copy (use --force to force download)
0: Skipping, found more recently modified local copy (use --force to force download)
zarr.json: Skipping, found more recently modified local copy (use --force to force download)
zarr.json: Skipping, found more recently modified local copy (use --force to force download)
0: Skipping, found more recently modified local copy (use --force to force download)
zarr.json: Skipping, found more recently modified local copy (use --force to force download)
zarr.json: Skipping, found more recently modified local copy (use --force to force download)
zarr.json: Skipping, found more recently modified local copy (use --force to force download)
zarr.json: Skipping, found more recently modified local copy (use --force to force download)
zarr.json: Skipping, found more recently modified local copy (use --force to force download)
augmentations.cpython-312.pyc: Skipping, found more recently modified local copy (use --force to force download)
dataspec.cpython-312.pyc: Skipping, found more recently modified local copy (use --force to force download)
evaluate.cpython-312.pyc: Skipping, found more recently modified local copy (use --force to force download)
train_unet_transformer.cpython-312.pyc: Skipping, found more recently modified local copy (use --force to force download)
augmentations.py: Skipping, found more recently modified local copy (use --force to force download)
dataspec.py: Skipping, found more recently modified local copy (use --force to force download)
evaluate.py: Skipping, found more recently modified local copy (use --force to force download)
predict_unet_transformer.py: Skipping, found more recently modified local copy (use --force to force download)
train_unet_transformer.py: Skipping, found more recently modified local copy (use --force to force download)
__init__.py: Skipping, found more recently modified local copy (use --force to force download)
__init__.cpython-312.pyc: Skipping, found more recently modified local copy (use --force to force download)
io.cpython-312.pyc: Skipping, found more recently modified local copy (use --force to force download)
metrics.cpython-312.pyc: Skipping, found more recently modified local copy (use --force to force download)
division_metrics.py: Skipping, found more recently modified local copy (use --force to force download)
img_proc.py: Skipping, found more recently modified local copy (use --force to force download)
io.py: Skipping, found more recently modified local copy (use --force to force download)
metrics.py: Skipping, found more recently modified local copy (use --force to force download)
__init__.py: Skipping, found more recently modified local copy (use --force to force download)
__init__.cpython-312.pyc: Skipping, found more recently modified local copy (use --force to force download)
simple_node_transformer.cpython-312.pyc: Skipping, found more recently modified local copy (use --force to force download)
temporal_unet.cpython-312.pyc: Skipping, found more recently modified local copy (use --force to force download)
simple_node_transformer.py: Skipping, found more recently modified local copy (use --force to force download)
temporal_unet.py: Skipping, found more recently modified local copy (use --force to force download)
validator_results.csv: Skipping, found more recently modified local copy (use --force to force download)
validator_safe_division_causal_audit.jsonl: Skipping, found more recently modified local copy (use --force to force download)
Kernel log downloaded to E:\Project\Biohub_CellTracking\experiments\diag_014_train16_preilp_edge_export\artifacts\biohub-diag014-preilp-edge-export.log 

STDERR

