[2026-09-10T01:53:58+00:00] command=["E:\\Project\\Biohub_CellTracking\\.venv\\Scripts\\kaggle.EXE", "kernels", "output", "lingxd/biohub-exp050-public0944-tta-off", "-p", "E:\\Project\\Biohub_CellTracking\\experiments\\exp_050_public_0944_tta_off\\artifacts", "--page-size", "200"]
exit_code=0
STDOUT
Output file downloaded to E:\Project\Biohub_CellTracking\experiments\exp_050_public_0944_tta_off\artifacts\bidirectional_production_runtime_integrity.json
Output file downloaded to E:\Project\Biohub_CellTracking\experiments\exp_050_public_0944_tta_off\artifacts\detector_coordinates_harmonic_association_production_0_2.jsonl
Output file downloaded to E:\Project\Biohub_CellTracking\experiments\exp_050_public_0944_tta_off\artifacts\detector_coordinates_harmonic_association_production_1_2.jsonl
Output file downloaded to E:\Project\Biohub_CellTracking\experiments\exp_050_public_0944_tta_off\artifacts\detector_coordinates_harmonic_association_production_single.jsonl
Output file downloaded to E:\Project\Biohub_CellTracking\experiments\exp_050_public_0944_tta_off\artifacts\dual_seed_frame_retention_guard_report.json
Output file downloaded to E:\Project\Biohub_CellTracking\experiments\exp_050_public_0944_tta_off\artifacts\edge_tta_execution_187.jsonl
Output file downloaded to E:\Project\Biohub_CellTracking\experiments\exp_050_public_0944_tta_off\artifacts\edge_tta_execution_188.jsonl
Output file downloaded to E:\Project\Biohub_CellTracking\experiments\exp_050_public_0944_tta_off\artifacts\edge_tta_execution_77.jsonl
Output file downloaded to E:\Project\Biohub_CellTracking\experiments\exp_050_public_0944_tta_off\artifacts\edge_tta_execution_78.jsonl
Output file downloaded to E:\Project\Biohub_CellTracking\experiments\exp_050_public_0944_tta_off\artifacts\executed_predict_unet_transformer.py
Output file downloaded to E:\Project\Biohub_CellTracking\experiments\exp_050_public_0944_tta_off\artifacts\final_validation_graphs/44b6_1d530831.json.gz
Output file downloaded to E:\Project\Biohub_CellTracking\experiments\exp_050_public_0944_tta_off\artifacts\final_validation_graphs/44b6_2a2eff9f.json.gz
Output file downloaded to E:\Project\Biohub_CellTracking\experiments\exp_050_public_0944_tta_off\artifacts\final_validation_graphs/44b6_551a5dba.json.gz
Output file downloaded to E:\Project\Biohub_CellTracking\experiments\exp_050_public_0944_tta_off\artifacts\final_validation_graphs/44b6_7a302da0.json.gz
Output file downloaded to E:\Project\Biohub_CellTracking\experiments\exp_050_public_0944_tta_off\artifacts\final_validation_graphs/44b6_7e557709.json.gz
Output file downloaded to E:\Project\Biohub_CellTracking\experiments\exp_050_public_0944_tta_off\artifacts\final_validation_graphs/44b6_aaf8b0ea.json.gz
Output file downloaded to E:\Project\Biohub_CellTracking\experiments\exp_050_public_0944_tta_off\artifacts\final_validation_graphs/44b6_c15fded2.json.gz
Output file downloaded to E:\Project\Biohub_CellTracking\experiments\exp_050_public_0944_tta_off\artifacts\final_validation_graphs/44b6_c50204e0.json.gz
Output file downloaded to E:\Project\Biohub_CellTracking\experiments\exp_050_public_0944_tta_off\artifacts\final_validation_graphs/6bba_0c7fa718.json.gz
Output file downloaded to E:\Project\Biohub_CellTracking\experiments\exp_050_public_0944_tta_off\artifacts\final_validation_graphs/6bba_283bf9f1.json.gz
Output file downloaded to E:\Project\Biohub_CellTracking\experiments\exp_050_public_0944_tta_off\artifacts\final_validation_graphs/6bba_337b1b3a.json.gz
Output file downloaded to E:\Project\Biohub_CellTracking\experiments\exp_050_public_0944_tta_off\artifacts\final_validation_graphs/6bba_372c8cb8.json.gz
Output file downloaded to E:\Project\Biohub_CellTracking\experiments\exp_050_public_0944_tta_off\artifacts\final_validation_graphs/6bba_55c70843.json.gz
Output file downloaded to E:\Project\Biohub_CellTracking\experiments\exp_050_public_0944_tta_off\artifacts\final_validation_graphs/6bba_80d12824.json.gz
Output file downloaded to E:\Project\Biohub_CellTracking\experiments\exp_050_public_0944_tta_off\artifacts\final_validation_graphs/6bba_ef7b4f7e.json.gz
Output file downloaded to E:\Project\Biohub_CellTracking\experiments\exp_050_public_0944_tta_off\artifacts\final_validation_graphs/6bba_fe670320.json.gz
Output file downloaded to E:\Project\Biohub_CellTracking\experiments\exp_050_public_0944_tta_off\artifacts\inference_identity.json
Output file downloaded to E:\Project\Biohub_CellTracking\experiments\exp_050_public_0944_tta_off\artifacts\metrics.json
Output file downloaded to E:\Project\Biohub_CellTracking\experiments\exp_050_public_0944_tta_off\artifacts\retention_guard_0_2.jsonl
Output file downloaded to E:\Project\Biohub_CellTracking\experiments\exp_050_public_0944_tta_off\artifacts\retention_guard_1_2.jsonl
Output file downloaded to E:\Project\Biohub_CellTracking\experiments\exp_050_public_0944_tta_off\artifacts\retention_guard_single.jsonl
Output file downloaded to E:\Project\Biohub_CellTracking\experiments\exp_050_public_0944_tta_off\artifacts\run_stats.csv
Output file downloaded to E:\Project\Biohub_CellTracking\experiments\exp_050_public_0944_tta_off\artifacts\secondary_seed_weights/unet_transformer/split_0/SNAPSHOT_MANIFEST.json
Output file downloaded to E:\Project\Biohub_CellTracking\experiments\exp_050_public_0944_tta_off\artifacts\secondary_seed_weights/unet_transformer/split_0/checkpoint_last.pth
Output file downloaded to E:\Project\Biohub_CellTracking\experiments\exp_050_public_0944_tta_off\artifacts\secondary_seed_weights/unet_transformer/split_0/config.json
Output file downloaded to E:\Project\Biohub_CellTracking\experiments\exp_050_public_0944_tta_off\artifacts\secondary_seed_weights/unet_transformer/split_0/edge_predictor_best.pth
Output file downloaded to E:\Project\Biohub_CellTracking\experiments\exp_050_public_0944_tta_off\artifacts\secondary_seed_weights/unet_transformer/split_0/history.csv
Output file downloaded to E:\Project\Biohub_CellTracking\experiments\exp_050_public_0944_tta_off\artifacts\secondary_seed_weights/unet_transformer/split_0/split_manifest.json
Output file downloaded to E:\Project\Biohub_CellTracking\experiments\exp_050_public_0944_tta_off\artifacts\secondary_seed_weights/unet_transformer/split_0/training_config.json
Output file downloaded to E:\Project\Biohub_CellTracking\experiments\exp_050_public_0944_tta_off\artifacts\submission.csv
Output file downloaded to E:\Project\Biohub_CellTracking\experiments\exp_050_public_0944_tta_off\artifacts\tracking_repo/kaggle_test_splits_50ep.json
Output file downloaded to E:\Project\Biohub_CellTracking\experiments\exp_050_public_0944_tta_off\artifacts\tracking_repo/kaggle_val_splits.json
Output file downloaded to E:\Project\Biohub_CellTracking\experiments\exp_050_public_0944_tta_off\artifacts\tracking_repo/predictions/unknown/unet_transformer/split_0/44b6_0113de3b.geff/edges/ids/c/0/0
Output file downloaded to E:\Project\Biohub_CellTracking\experiments\exp_050_public_0944_tta_off\artifacts\tracking_repo/predictions/unknown/unet_transformer/split_0/44b6_0113de3b.geff/edges/ids/zarr.json
Output file downloaded to E:\Project\Biohub_CellTracking\experiments\exp_050_public_0944_tta_off\artifacts\tracking_repo/predictions/unknown/unet_transformer/split_0/44b6_0113de3b.geff/edges/props/edge_dist/values/c/0
Output file downloaded to E:\Project\Biohub_CellTracking\experiments\exp_050_public_0944_tta_off\artifacts\tracking_repo/predictions/unknown/unet_transformer/split_0/44b6_0113de3b.geff/edges/props/edge_dist/values/zarr.json
Output file downloaded to E:\Project\Biohub_CellTracking\experiments\exp_050_public_0944_tta_off\artifacts\tracking_repo/predictions/unknown/unet_transformer/split_0/44b6_0113de3b.geff/edges/props/edge_dist/zarr.json
Output file downloaded to E:\Project\Biohub_CellTracking\experiments\exp_050_public_0944_tta_off\artifacts\tracking_repo/predictions/unknown/unet_transformer/split_0/44b6_0113de3b.geff/edges/props/edge_prob/values/c/0
Output file downloaded to E:\Project\Biohub_CellTracking\experiments\exp_050_public_0944_tta_off\artifacts\tracking_repo/predictions/unknown/unet_transformer/split_0/44b6_0113de3b.geff/edges/props/edge_prob/values/zarr.json
Output file downloaded to E:\Project\Biohub_CellTracking\experiments\exp_050_public_0944_tta_off\artifacts\tracking_repo/predictions/unknown/unet_transformer/split_0/44b6_0113de3b.geff/edges/props/edge_prob/zarr.json
Output file downloaded to E:\Project\Biohub_CellTracking\experiments\exp_050_public_0944_tta_off\artifacts\tracking_repo/predictions/unknown/unet_transformer/split_0/44b6_0113de3b.geff/edges/props/solution/values/c/0
Output file downloaded to E:\Project\Biohub_CellTracking\experiments\exp_050_public_0944_tta_off\artifacts\tracking_repo/predictions/unknown/unet_transformer/split_0/44b6_0113de3b.geff/edges/props/solution/values/zarr.json
Output file downloaded to E:\Project\Biohub_CellTracking\experiments\exp_050_public_0944_tta_off\artifacts\tracking_repo/predictions/unknown/unet_transformer/split_0/44b6_0113de3b.geff/edges/props/solution/zarr.json
Output file downloaded to E:\Project\Biohub_CellTracking\experiments\exp_050_public_0944_tta_off\artifacts\tracking_repo/predictions/unknown/unet_transformer/split_0/44b6_0113de3b.geff/edges/props/zarr.json
Output file downloaded to E:\Project\Biohub_CellTracking\experiments\exp_050_public_0944_tta_off\artifacts\tracking_repo/predictions/unknown/unet_transformer/split_0/44b6_0113de3b.geff/edges/zarr.json
Output file downloaded to E:\Project\Biohub_CellTracking\experiments\exp_050_public_0944_tta_off\artifacts\tracking_repo/predictions/unknown/unet_transformer/split_0/44b6_0113de3b.geff/nodes/ids/c/0
Output file downloaded to E:\Project\Biohub_CellTracking\experiments\exp_050_public_0944_tta_off\artifacts\tracking_repo/predictions/unknown/unet_transformer/split_0/44b6_0113de3b.geff/nodes/ids/zarr.json
Output file downloaded to E:\Project\Biohub_CellTracking\experiments\exp_050_public_0944_tta_off\artifacts\tracking_repo/predictions/unknown/unet_transformer/split_0/44b6_0113de3b.geff/nodes/props/solution/values/c/0
Output file downloaded to E:\Project\Biohub_CellTracking\experiments\exp_050_public_0944_tta_off\artifacts\tracking_repo/predictions/unknown/unet_transformer/split_0/44b6_0113de3b.geff/nodes/props/solution/values/zarr.json
Output file downloaded to E:\Project\Biohub_CellTracking\experiments\exp_050_public_0944_tta_off\artifacts\tracking_repo/predictions/unknown/unet_transformer/split_0/44b6_0113de3b.geff/nodes/props/solution/zarr.json
Output file downloaded to E:\Project\Biohub_CellTracking\experiments\exp_050_public_0944_tta_off\artifacts\tracking_repo/predictions/unknown/unet_transformer/split_0/44b6_0113de3b.geff/nodes/props/t/values/c/0
Output file downloaded to E:\Project\Biohub_CellTracking\experiments\exp_050_public_0944_tta_off\artifacts\tracking_repo/predictions/unknown/unet_transformer/split_0/44b6_0113de3b.geff/nodes/props/t/values/zarr.json
Output file downloaded to E:\Project\Biohub_CellTracking\experiments\exp_050_public_0944_tta_off\artifacts\tracking_repo/predictions/unknown/unet_transformer/split_0/44b6_0113de3b.geff/nodes/props/t/zarr.json
Output file downloaded to E:\Project\Biohub_CellTracking\experiments\exp_050_public_0944_tta_off\artifacts\tracking_repo/predictions/unknown/unet_transformer/split_0/44b6_0113de3b.geff/nodes/props/x/values/c/0
Output file downloaded to E:\Project\Biohub_CellTracking\experiments\exp_050_public_0944_tta_off\artifacts\tracking_repo/predictions/unknown/unet_transformer/split_0/44b6_0113de3b.geff/nodes/props/x/values/zarr.json
Output file downloaded to E:\Project\Biohub_CellTracking\experiments\exp_050_public_0944_tta_off\artifacts\tracking_repo/predictions/unknown/unet_transformer/split_0/44b6_0113de3b.geff/nodes/props/x/zarr.json
Output file downloaded to E:\Project\Biohub_CellTracking\experiments\exp_050_public_0944_tta_off\artifacts\tracking_repo/predictions/unknown/unet_transformer/split_0/44b6_0113de3b.geff/nodes/props/y/values/c/0
Output file downloaded to E:\Project\Biohub_CellTracking\experiments\exp_050_public_0944_tta_off\artifacts\tracking_repo/predictions/unknown/unet_transformer/split_0/44b6_0113de3b.geff/nodes/props/y/values/zarr.json
Output file downloaded to E:\Project\Biohub_CellTracking\experiments\exp_050_public_0944_tta_off\artifacts\tracking_repo/predictions/unknown/unet_transformer/split_0/44b6_0113de3b.geff/nodes/props/y/zarr.json
Output file downloaded to E:\Project\Biohub_CellTracking\experiments\exp_050_public_0944_tta_off\artifacts\tracking_repo/predictions/unknown/unet_transformer/split_0/44b6_0113de3b.geff/nodes/props/z/values/c/0
Output file downloaded to E:\Project\Biohub_CellTracking\experiments\exp_050_public_0944_tta_off\artifacts\tracking_repo/predictions/unknown/unet_transformer/split_0/44b6_0113de3b.geff/nodes/props/z/values/zarr.json
Output file downloaded to E:\Project\Biohub_CellTracking\experiments\exp_050_public_0944_tta_off\artifacts\tracking_repo/predictions/unknown/unet_transformer/split_0/44b6_0113de3b.geff/nodes/props/z/zarr.json
Output file downloaded to E:\Project\Biohub_CellTracking\experiments\exp_050_public_0944_tta_off\artifacts\tracking_repo/predictions/unknown/unet_transformer/split_0/44b6_0113de3b.geff/nodes/props/zarr.json
Output file downloaded to E:\Project\Biohub_CellTracking\experiments\exp_050_public_0944_tta_off\artifacts\tracking_repo/predictions/unknown/unet_transformer/split_0/44b6_0113de3b.geff/nodes/zarr.json
Output file downloaded to E:\Project\Biohub_CellTracking\experiments\exp_050_public_0944_tta_off\artifacts\tracking_repo/predictions/unknown/unet_transformer/split_0/44b6_0113de3b.geff/zarr.json
Output file downloaded to E:\Project\Biohub_CellTracking\experiments\exp_050_public_0944_tta_off\artifacts\tracking_repo/predictions/unknown/unet_transformer/split_0/44b6_0b24845f.geff/edges/ids/c/0/0
Output file downloaded to E:\Project\Biohub_CellTracking\experiments\exp_050_public_0944_tta_off\artifacts\tracking_repo/predictions/unknown/unet_transformer/split_0/44b6_0b24845f.geff/edges/ids/zarr.json
Output file downloaded to E:\Project\Biohub_CellTracking\experiments\exp_050_public_0944_tta_off\artifacts\tracking_repo/predictions/unknown/unet_transformer/split_0/44b6_0b24845f.geff/edges/props/edge_dist/values/c/0
Output file downloaded to E:\Project\Biohub_CellTracking\experiments\exp_050_public_0944_tta_off\artifacts\tracking_repo/predictions/unknown/unet_transformer/split_0/44b6_0b24845f.geff/edges/props/edge_dist/values/zarr.json
Output file downloaded to E:\Project\Biohub_CellTracking\experiments\exp_050_public_0944_tta_off\artifacts\tracking_repo/predictions/unknown/unet_transformer/split_0/44b6_0b24845f.geff/edges/props/edge_dist/zarr.json
Output file downloaded to E:\Project\Biohub_CellTracking\experiments\exp_050_public_0944_tta_off\artifacts\tracking_repo/predictions/unknown/unet_transformer/split_0/44b6_0b24845f.geff/edges/props/edge_prob/values/c/0
Output file downloaded to E:\Project\Biohub_CellTracking\experiments\exp_050_public_0944_tta_off\artifacts\tracking_repo/predictions/unknown/unet_transformer/split_0/44b6_0b24845f.geff/edges/props/edge_prob/values/zarr.json
Output file downloaded to E:\Project\Biohub_CellTracking\experiments\exp_050_public_0944_tta_off\artifacts\tracking_repo/predictions/unknown/unet_transformer/split_0/44b6_0b24845f.geff/edges/props/edge_prob/zarr.json
Output file downloaded to E:\Project\Biohub_CellTracking\experiments\exp_050_public_0944_tta_off\artifacts\tracking_repo/predictions/unknown/unet_transformer/split_0/44b6_0b24845f.geff/edges/props/solution/values/c/0
Output file downloaded to E:\Project\Biohub_CellTracking\experiments\exp_050_public_0944_tta_off\artifacts\tracking_repo/predictions/unknown/unet_transformer/split_0/44b6_0b24845f.geff/edges/props/solution/values/zarr.json
Output file downloaded to E:\Project\Biohub_CellTracking\experiments\exp_050_public_0944_tta_off\artifacts\tracking_repo/predictions/unknown/unet_transformer/split_0/44b6_0b24845f.geff/edges/props/solution/zarr.json
Output file downloaded to E:\Project\Biohub_CellTracking\experiments\exp_050_public_0944_tta_off\artifacts\tracking_repo/predictions/unknown/unet_transformer/split_0/44b6_0b24845f.geff/edges/props/zarr.json
Output file downloaded to E:\Project\Biohub_CellTracking\experiments\exp_050_public_0944_tta_off\artifacts\tracking_repo/predictions/unknown/unet_transformer/split_0/44b6_0b24845f.geff/edges/zarr.json
Output file downloaded to E:\Project\Biohub_CellTracking\experiments\exp_050_public_0944_tta_off\artifacts\tracking_repo/predictions/unknown/unet_transformer/split_0/44b6_0b24845f.geff/nodes/ids/c/0
Output file downloaded to E:\Project\Biohub_CellTracking\experiments\exp_050_public_0944_tta_off\artifacts\tracking_repo/predictions/unknown/unet_transformer/split_0/44b6_0b24845f.geff/nodes/ids/zarr.json
Output file downloaded to E:\Project\Biohub_CellTracking\experiments\exp_050_public_0944_tta_off\artifacts\tracking_repo/predictions/unknown/unet_transformer/split_0/44b6_0b24845f.geff/nodes/props/solution/values/c/0
Output file downloaded to E:\Project\Biohub_CellTracking\experiments\exp_050_public_0944_tta_off\artifacts\tracking_repo/predictions/unknown/unet_transformer/split_0/44b6_0b24845f.geff/nodes/props/solution/values/zarr.json
Output file downloaded to E:\Project\Biohub_CellTracking\experiments\exp_050_public_0944_tta_off\artifacts\tracking_repo/predictions/unknown/unet_transformer/split_0/44b6_0b24845f.geff/nodes/props/solution/zarr.json
Output file downloaded to E:\Project\Biohub_CellTracking\experiments\exp_050_public_0944_tta_off\artifacts\tracking_repo/predictions/unknown/unet_transformer/split_0/44b6_0b24845f.geff/nodes/props/t/values/c/0
Output file downloaded to E:\Project\Biohub_CellTracking\experiments\exp_050_public_0944_tta_off\artifacts\tracking_repo/predictions/unknown/unet_transformer/split_0/44b6_0b24845f.geff/nodes/props/t/values/zarr.json
Output file downloaded to E:\Project\Biohub_CellTracking\experiments\exp_050_public_0944_tta_off\artifacts\tracking_repo/predictions/unknown/unet_transformer/split_0/44b6_0b24845f.geff/nodes/props/t/zarr.json
Output file downloaded to E:\Project\Biohub_CellTracking\experiments\exp_050_public_0944_tta_off\artifacts\tracking_repo/predictions/unknown/unet_transformer/split_0/44b6_0b24845f.geff/nodes/props/x/values/c/0
Output file downloaded to E:\Project\Biohub_CellTracking\experiments\exp_050_public_0944_tta_off\artifacts\tracking_repo/predictions/unknown/unet_transformer/split_0/44b6_0b24845f.geff/nodes/props/x/values/zarr.json
Output file downloaded to E:\Project\Biohub_CellTracking\experiments\exp_050_public_0944_tta_off\artifacts\tracking_repo/predictions/unknown/unet_transformer/split_0/44b6_0b24845f.geff/nodes/props/x/zarr.json
Output file downloaded to E:\Project\Biohub_CellTracking\experiments\exp_050_public_0944_tta_off\artifacts\tracking_repo/predictions/unknown/unet_transformer/split_0/44b6_0b24845f.geff/nodes/props/y/values/c/0
Output file downloaded to E:\Project\Biohub_CellTracking\experiments\exp_050_public_0944_tta_off\artifacts\tracking_repo/predictions/unknown/unet_transformer/split_0/44b6_0b24845f.geff/nodes/props/y/values/zarr.json
Output file downloaded to E:\Project\Biohub_CellTracking\experiments\exp_050_public_0944_tta_off\artifacts\tracking_repo/predictions/unknown/unet_transformer/split_0/44b6_0b24845f.geff/nodes/props/y/zarr.json
Output file downloaded to E:\Project\Biohub_CellTracking\experiments\exp_050_public_0944_tta_off\artifacts\tracking_repo/predictions/unknown/unet_transformer/split_0/44b6_0b24845f.geff/nodes/props/z/values/c/0
Output file downloaded to E:\Project\Biohub_CellTracking\experiments\exp_050_public_0944_tta_off\artifacts\tracking_repo/predictions/unknown/unet_transformer/split_0/44b6_0b24845f.geff/nodes/props/z/values/zarr.json
Output file downloaded to E:\Project\Biohub_CellTracking\experiments\exp_050_public_0944_tta_off\artifacts\tracking_repo/predictions/unknown/unet_transformer/split_0/44b6_0b24845f.geff/nodes/props/z/zarr.json
Output file downloaded to E:\Project\Biohub_CellTracking\experiments\exp_050_public_0944_tta_off\artifacts\tracking_repo/predictions/unknown/unet_transformer/split_0/44b6_0b24845f.geff/nodes/props/zarr.json
Output file downloaded to E:\Project\Biohub_CellTracking\experiments\exp_050_public_0944_tta_off\artifacts\tracking_repo/predictions/unknown/unet_transformer/split_0/44b6_0b24845f.geff/nodes/zarr.json
Output file downloaded to E:\Project\Biohub_CellTracking\experiments\exp_050_public_0944_tta_off\artifacts\tracking_repo/predictions/unknown/unet_transformer/split_0/44b6_0b24845f.geff/zarr.json
Output file downloaded to E:\Project\Biohub_CellTracking\experiments\exp_050_public_0944_tta_off\artifacts\tracking_repo/predictions/unknown/unet_transformer/split_0/6bba_05b6850b.geff/edges/ids/c/0/0
Output file downloaded to E:\Project\Biohub_CellTracking\experiments\exp_050_public_0944_tta_off\artifacts\tracking_repo/predictions/unknown/unet_transformer/split_0/6bba_05b6850b.geff/edges/ids/zarr.json
Output file downloaded to E:\Project\Biohub_CellTracking\experiments\exp_050_public_0944_tta_off\artifacts\tracking_repo/predictions/unknown/unet_transformer/split_0/6bba_05b6850b.geff/edges/props/edge_dist/values/c/0
Output file downloaded to E:\Project\Biohub_CellTracking\experiments\exp_050_public_0944_tta_off\artifacts\tracking_repo/predictions/unknown/unet_transformer/split_0/6bba_05b6850b.geff/edges/props/edge_dist/values/zarr.json
Output file downloaded to E:\Project\Biohub_CellTracking\experiments\exp_050_public_0944_tta_off\artifacts\tracking_repo/predictions/unknown/unet_transformer/split_0/6bba_05b6850b.geff/edges/props/edge_dist/zarr.json
Output file downloaded to E:\Project\Biohub_CellTracking\experiments\exp_050_public_0944_tta_off\artifacts\tracking_repo/predictions/unknown/unet_transformer/split_0/6bba_05b6850b.geff/edges/props/edge_prob/values/c/0
Output file downloaded to E:\Project\Biohub_CellTracking\experiments\exp_050_public_0944_tta_off\artifacts\tracking_repo/predictions/unknown/unet_transformer/split_0/6bba_05b6850b.geff/edges/props/edge_prob/values/zarr.json
Output file downloaded to E:\Project\Biohub_CellTracking\experiments\exp_050_public_0944_tta_off\artifacts\tracking_repo/predictions/unknown/unet_transformer/split_0/6bba_05b6850b.geff/edges/props/edge_prob/zarr.json
Output file downloaded to E:\Project\Biohub_CellTracking\experiments\exp_050_public_0944_tta_off\artifacts\tracking_repo/predictions/unknown/unet_transformer/split_0/6bba_05b6850b.geff/edges/props/solution/values/c/0
Output file downloaded to E:\Project\Biohub_CellTracking\experiments\exp_050_public_0944_tta_off\artifacts\tracking_repo/predictions/unknown/unet_transformer/split_0/6bba_05b6850b.geff/edges/props/solution/values/zarr.json
Output file downloaded to E:\Project\Biohub_CellTracking\experiments\exp_050_public_0944_tta_off\artifacts\tracking_repo/predictions/unknown/unet_transformer/split_0/6bba_05b6850b.geff/edges/props/solution/zarr.json
Output file downloaded to E:\Project\Biohub_CellTracking\experiments\exp_050_public_0944_tta_off\artifacts\tracking_repo/predictions/unknown/unet_transformer/split_0/6bba_05b6850b.geff/edges/props/zarr.json
Output file downloaded to E:\Project\Biohub_CellTracking\experiments\exp_050_public_0944_tta_off\artifacts\tracking_repo/predictions/unknown/unet_transformer/split_0/6bba_05b6850b.geff/edges/zarr.json
Output file downloaded to E:\Project\Biohub_CellTracking\experiments\exp_050_public_0944_tta_off\artifacts\tracking_repo/predictions/unknown/unet_transformer/split_0/6bba_05b6850b.geff/nodes/ids/c/0
Output file downloaded to E:\Project\Biohub_CellTracking\experiments\exp_050_public_0944_tta_off\artifacts\tracking_repo/predictions/unknown/unet_transformer/split_0/6bba_05b6850b.geff/nodes/ids/zarr.json
Output file downloaded to E:\Project\Biohub_CellTracking\experiments\exp_050_public_0944_tta_off\artifacts\tracking_repo/predictions/unknown/unet_transformer/split_0/6bba_05b6850b.geff/nodes/props/solution/values/c/0
Output file downloaded to E:\Project\Biohub_CellTracking\experiments\exp_050_public_0944_tta_off\artifacts\tracking_repo/predictions/unknown/unet_transformer/split_0/6bba_05b6850b.geff/nodes/props/solution/values/zarr.json
Output file downloaded to E:\Project\Biohub_CellTracking\experiments\exp_050_public_0944_tta_off\artifacts\tracking_repo/predictions/unknown/unet_transformer/split_0/6bba_05b6850b.geff/nodes/props/solution/zarr.json
Output file downloaded to E:\Project\Biohub_CellTracking\experiments\exp_050_public_0944_tta_off\artifacts\tracking_repo/predictions/unknown/unet_transformer/split_0/6bba_05b6850b.geff/nodes/props/t/values/c/0
Output file downloaded to E:\Project\Biohub_CellTracking\experiments\exp_050_public_0944_tta_off\artifacts\tracking_repo/predictions/unknown/unet_transformer/split_0/6bba_05b6850b.geff/nodes/props/t/values/zarr.json
Output file downloaded to E:\Project\Biohub_CellTracking\experiments\exp_050_public_0944_tta_off\artifacts\tracking_repo/predictions/unknown/unet_transformer/split_0/6bba_05b6850b.geff/nodes/props/t/zarr.json
Output file downloaded to E:\Project\Biohub_CellTracking\experiments\exp_050_public_0944_tta_off\artifacts\tracking_repo/predictions/unknown/unet_transformer/split_0/6bba_05b6850b.geff/nodes/props/x/values/c/0
Output file downloaded to E:\Project\Biohub_CellTracking\experiments\exp_050_public_0944_tta_off\artifacts\tracking_repo/predictions/unknown/unet_transformer/split_0/6bba_05b6850b.geff/nodes/props/x/values/zarr.json
Output file downloaded to E:\Project\Biohub_CellTracking\experiments\exp_050_public_0944_tta_off\artifacts\tracking_repo/predictions/unknown/unet_transformer/split_0/6bba_05b6850b.geff/nodes/props/x/zarr.json
Output file downloaded to E:\Project\Biohub_CellTracking\experiments\exp_050_public_0944_tta_off\artifacts\tracking_repo/predictions/unknown/unet_transformer/split_0/6bba_05b6850b.geff/nodes/props/y/values/c/0
Output file downloaded to E:\Project\Biohub_CellTracking\experiments\exp_050_public_0944_tta_off\artifacts\tracking_repo/predictions/unknown/unet_transformer/split_0/6bba_05b6850b.geff/nodes/props/y/values/zarr.json
Output file downloaded to E:\Project\Biohub_CellTracking\experiments\exp_050_public_0944_tta_off\artifacts\tracking_repo/predictions/unknown/unet_transformer/split_0/6bba_05b6850b.geff/nodes/props/y/zarr.json
Output file downloaded to E:\Project\Biohub_CellTracking\experiments\exp_050_public_0944_tta_off\artifacts\tracking_repo/predictions/unknown/unet_transformer/split_0/6bba_05b6850b.geff/nodes/props/z/values/c/0
Output file downloaded to E:\Project\Biohub_CellTracking\experiments\exp_050_public_0944_tta_off\artifacts\tracking_repo/predictions/unknown/unet_transformer/split_0/6bba_05b6850b.geff/nodes/props/z/values/zarr.json
Output file downloaded to E:\Project\Biohub_CellTracking\experiments\exp_050_public_0944_tta_off\artifacts\tracking_repo/predictions/unknown/unet_transformer/split_0/6bba_05b6850b.geff/nodes/props/z/zarr.json
Output file downloaded to E:\Project\Biohub_CellTracking\experiments\exp_050_public_0944_tta_off\artifacts\tracking_repo/predictions/unknown/unet_transformer/split_0/6bba_05b6850b.geff/nodes/props/zarr.json
Output file downloaded to E:\Project\Biohub_CellTracking\experiments\exp_050_public_0944_tta_off\artifacts\tracking_repo/predictions/unknown/unet_transformer/split_0/6bba_05b6850b.geff/nodes/zarr.json
Output file downloaded to E:\Project\Biohub_CellTracking\experiments\exp_050_public_0944_tta_off\artifacts\tracking_repo/predictions/unknown/unet_transformer/split_0/6bba_05b6850b.geff/zarr.json
Output file downloaded to E:\Project\Biohub_CellTracking\experiments\exp_050_public_0944_tta_off\artifacts\tracking_repo/predictions/unknown/unet_transformer/split_0/6bba_05db0fb1.geff/edges/ids/c/0/0
Output file downloaded to E:\Project\Biohub_CellTracking\experiments\exp_050_public_0944_tta_off\artifacts\tracking_repo/predictions/unknown/unet_transformer/split_0/6bba_05db0fb1.geff/edges/ids/zarr.json
Output file downloaded to E:\Project\Biohub_CellTracking\experiments\exp_050_public_0944_tta_off\artifacts\tracking_repo/predictions/unknown/unet_transformer/split_0/6bba_05db0fb1.geff/edges/props/edge_dist/values/c/0
Output file downloaded to E:\Project\Biohub_CellTracking\experiments\exp_050_public_0944_tta_off\artifacts\tracking_repo/predictions/unknown/unet_transformer/split_0/6bba_05db0fb1.geff/edges/props/edge_dist/values/zarr.json
Output file downloaded to E:\Project\Biohub_CellTracking\experiments\exp_050_public_0944_tta_off\artifacts\tracking_repo/predictions/unknown/unet_transformer/split_0/6bba_05db0fb1.geff/edges/props/edge_dist/zarr.json
Output file downloaded to E:\Project\Biohub_CellTracking\experiments\exp_050_public_0944_tta_off\artifacts\tracking_repo/predictions/unknown/unet_transformer/split_0/6bba_05db0fb1.geff/edges/props/edge_prob/values/c/0
Output file downloaded to E:\Project\Biohub_CellTracking\experiments\exp_050_public_0944_tta_off\artifacts\tracking_repo/predictions/unknown/unet_transformer/split_0/6bba_05db0fb1.geff/edges/props/edge_prob/values/zarr.json
Output file downloaded to E:\Project\Biohub_CellTracking\experiments\exp_050_public_0944_tta_off\artifacts\tracking_repo/predictions/unknown/unet_transformer/split_0/6bba_05db0fb1.geff/edges/props/edge_prob/zarr.json
Output file downloaded to E:\Project\Biohub_CellTracking\experiments\exp_050_public_0944_tta_off\artifacts\tracking_repo/predictions/unknown/unet_transformer/split_0/6bba_05db0fb1.geff/edges/props/solution/values/c/0
Output file downloaded to E:\Project\Biohub_CellTracking\experiments\exp_050_public_0944_tta_off\artifacts\tracking_repo/predictions/unknown/unet_transformer/split_0/6bba_05db0fb1.geff/edges/props/solution/values/zarr.json
Output file downloaded to E:\Project\Biohub_CellTracking\experiments\exp_050_public_0944_tta_off\artifacts\tracking_repo/predictions/unknown/unet_transformer/split_0/6bba_05db0fb1.geff/edges/props/solution/zarr.json
Output file downloaded to E:\Project\Biohub_CellTracking\experiments\exp_050_public_0944_tta_off\artifacts\tracking_repo/predictions/unknown/unet_transformer/split_0/6bba_05db0fb1.geff/edges/props/zarr.json
Output file downloaded to E:\Project\Biohub_CellTracking\experiments\exp_050_public_0944_tta_off\artifacts\tracking_repo/predictions/unknown/unet_transformer/split_0/6bba_05db0fb1.geff/edges/zarr.json
Output file downloaded to E:\Project\Biohub_CellTracking\experiments\exp_050_public_0944_tta_off\artifacts\tracking_repo/predictions/unknown/unet_transformer/split_0/6bba_05db0fb1.geff/nodes/ids/c/0
Output file downloaded to E:\Project\Biohub_CellTracking\experiments\exp_050_public_0944_tta_off\artifacts\tracking_repo/predictions/unknown/unet_transformer/split_0/6bba_05db0fb1.geff/nodes/ids/zarr.json
Output file downloaded to E:\Project\Biohub_CellTracking\experiments\exp_050_public_0944_tta_off\artifacts\tracking_repo/predictions/unknown/unet_transformer/split_0/6bba_05db0fb1.geff/nodes/props/solution/values/c/0
Output file downloaded to E:\Project\Biohub_CellTracking\experiments\exp_050_public_0944_tta_off\artifacts\tracking_repo/predictions/unknown/unet_transformer/split_0/6bba_05db0fb1.geff/nodes/props/solution/values/zarr.json
Output file downloaded to E:\Project\Biohub_CellTracking\experiments\exp_050_public_0944_tta_off\artifacts\tracking_repo/predictions/unknown/unet_transformer/split_0/6bba_05db0fb1.geff/nodes/props/solution/zarr.json
Output file downloaded to E:\Project\Biohub_CellTracking\experiments\exp_050_public_0944_tta_off\artifacts\tracking_repo/predictions/unknown/unet_transformer/split_0/6bba_05db0fb1.geff/nodes/props/t/values/c/0
Output file downloaded to E:\Project\Biohub_CellTracking\experiments\exp_050_public_0944_tta_off\artifacts\tracking_repo/predictions/unknown/unet_transformer/split_0/6bba_05db0fb1.geff/nodes/props/t/values/zarr.json
Output file downloaded to E:\Project\Biohub_CellTracking\experiments\exp_050_public_0944_tta_off\artifacts\tracking_repo/predictions/unknown/unet_transformer/split_0/6bba_05db0fb1.geff/nodes/props/t/zarr.json
Output file downloaded to E:\Project\Biohub_CellTracking\experiments\exp_050_public_0944_tta_off\artifacts\tracking_repo/predictions/unknown/unet_transformer/split_0/6bba_05db0fb1.geff/nodes/props/x/values/c/0
Output file downloaded to E:\Project\Biohub_CellTracking\experiments\exp_050_public_0944_tta_off\artifacts\tracking_repo/predictions/unknown/unet_transformer/split_0/6bba_05db0fb1.geff/nodes/props/x/values/zarr.json
Output file downloaded to E:\Project\Biohub_CellTracking\experiments\exp_050_public_0944_tta_off\artifacts\tracking_repo/predictions/unknown/unet_transformer/split_0/6bba_05db0fb1.geff/nodes/props/x/zarr.json
Output file downloaded to E:\Project\Biohub_CellTracking\experiments\exp_050_public_0944_tta_off\artifacts\tracking_repo/predictions/unknown/unet_transformer/split_0/6bba_05db0fb1.geff/nodes/props/y/values/c/0
Output file downloaded to E:\Project\Biohub_CellTracking\experiments\exp_050_public_0944_tta_off\artifacts\tracking_repo/predictions/unknown/unet_transformer/split_0/6bba_05db0fb1.geff/nodes/props/y/values/zarr.json
Output file downloaded to E:\Project\Biohub_CellTracking\experiments\exp_050_public_0944_tta_off\artifacts\tracking_repo/predictions/unknown/unet_transformer/split_0/6bba_05db0fb1.geff/nodes/props/y/zarr.json
Output file downloaded to E:\Project\Biohub_CellTracking\experiments\exp_050_public_0944_tta_off\artifacts\tracking_repo/predictions/unknown/unet_transformer/split_0/6bba_05db0fb1.geff/nodes/props/z/values/c/0
Output file downloaded to E:\Project\Biohub_CellTracking\experiments\exp_050_public_0944_tta_off\artifacts\tracking_repo/predictions/unknown/unet_transformer/split_0/6bba_05db0fb1.geff/nodes/props/z/values/zarr.json
Output file downloaded to E:\Project\Biohub_CellTracking\experiments\exp_050_public_0944_tta_off\artifacts\tracking_repo/predictions/unknown/unet_transformer/split_0/6bba_05db0fb1.geff/nodes/props/z/zarr.json
Output file downloaded to E:\Project\Biohub_CellTracking\experiments\exp_050_public_0944_tta_off\artifacts\tracking_repo/predictions/unknown/unet_transformer/split_0/6bba_05db0fb1.geff/nodes/props/zarr.json
Output file downloaded to E:\Project\Biohub_CellTracking\experiments\exp_050_public_0944_tta_off\artifacts\tracking_repo/predictions/unknown/unet_transformer/split_0/6bba_05db0fb1.geff/nodes/zarr.json
Output file downloaded to E:\Project\Biohub_CellTracking\experiments\exp_050_public_0944_tta_off\artifacts\tracking_repo/predictions/unknown/unet_transformer/split_0/6bba_05db0fb1.geff/zarr.json
Output file downloaded to E:\Project\Biohub_CellTracking\experiments\exp_050_public_0944_tta_off\artifacts\tracking_repo/predictions/unknown/unet_transformer_val/split_0/44b6_1d530831.geff/edges/ids/c/0/0
Output file downloaded to E:\Project\Biohub_CellTracking\experiments\exp_050_public_0944_tta_off\artifacts\tracking_repo/predictions/unknown/unet_transformer_val/split_0/44b6_1d530831.geff/edges/ids/zarr.json
Output file downloaded to E:\Project\Biohub_CellTracking\experiments\exp_050_public_0944_tta_off\artifacts\tracking_repo/predictions/unknown/unet_transformer_val/split_0/44b6_1d530831.geff/edges/props/edge_dist/values/c/0
Output file downloaded to E:\Project\Biohub_CellTracking\experiments\exp_050_public_0944_tta_off\artifacts\tracking_repo/predictions/unknown/unet_transformer_val/split_0/44b6_1d530831.geff/edges/props/edge_dist/values/zarr.json
Output file downloaded to E:\Project\Biohub_CellTracking\experiments\exp_050_public_0944_tta_off\artifacts\tracking_repo/predictions/unknown/unet_transformer_val/split_0/44b6_1d530831.geff/edges/props/edge_dist/zarr.json
Output file downloaded to E:\Project\Biohub_CellTracking\experiments\exp_050_public_0944_tta_off\artifacts\tracking_repo/predictions/unknown/unet_transformer_val/split_0/44b6_1d530831.geff/edges/props/edge_prob/values/c/0
Output file downloaded to E:\Project\Biohub_CellTracking\experiments\exp_050_public_0944_tta_off\artifacts\tracking_repo/predictions/unknown/unet_transformer_val/split_0/44b6_1d530831.geff/edges/props/edge_prob/values/zarr.json
Output file downloaded to E:\Project\Biohub_CellTracking\experiments\exp_050_public_0944_tta_off\artifacts\tracking_repo/predictions/unknown/unet_transformer_val/split_0/44b6_1d530831.geff/edges/props/edge_prob/zarr.json
Output file downloaded to E:\Project\Biohub_CellTracking\experiments\exp_050_public_0944_tta_off\artifacts\tracking_repo/predictions/unknown/unet_transformer_val/split_0/44b6_1d530831.geff/edges/props/solution/values/c/0
Output file downloaded to E:\Project\Biohub_CellTracking\experiments\exp_050_public_0944_tta_off\artifacts\tracking_repo/predictions/unknown/unet_transformer_val/split_0/44b6_1d530831.geff/edges/props/solution/values/zarr.json
Output file downloaded to E:\Project\Biohub_CellTracking\experiments\exp_050_public_0944_tta_off\artifacts\tracking_repo/predictions/unknown/unet_transformer_val/split_0/44b6_1d530831.geff/edges/props/solution/zarr.json
Output file downloaded to E:\Project\Biohub_CellTracking\experiments\exp_050_public_0944_tta_off\artifacts\tracking_repo/predictions/unknown/unet_transformer_val/split_0/44b6_1d530831.geff/edges/props/zarr.json
Output file downloaded to E:\Project\Biohub_CellTracking\experiments\exp_050_public_0944_tta_off\artifacts\tracking_repo/predictions/unknown/unet_transformer_val/split_0/44b6_1d530831.geff/edges/zarr.json
Output file downloaded to E:\Project\Biohub_CellTracking\experiments\exp_050_public_0944_tta_off\artifacts\tracking_repo/predictions/unknown/unet_transformer_val/split_0/44b6_1d530831.geff/nodes/ids/c/0
Output file downloaded to E:\Project\Biohub_CellTracking\experiments\exp_050_public_0944_tta_off\artifacts\tracking_repo/predictions/unknown/unet_transformer_val/split_0/44b6_1d530831.geff/nodes/ids/zarr.json
Output file downloaded to E:\Project\Biohub_CellTracking\experiments\exp_050_public_0944_tta_off\artifacts\tracking_repo/predictions/unknown/unet_transformer_val/split_0/44b6_1d530831.geff/nodes/props/solution/values/c/0
Output file downloaded to E:\Project\Biohub_CellTracking\experiments\exp_050_public_0944_tta_off\artifacts\tracking_repo/predictions/unknown/unet_transformer_val/split_0/44b6_1d530831.geff/nodes/props/solution/values/zarr.json
Output file downloaded to E:\Project\Biohub_CellTracking\experiments\exp_050_public_0944_tta_off\artifacts\tracking_repo/predictions/unknown/unet_transformer_val/split_0/44b6_1d530831.geff/nodes/props/solution/zarr.json
Output file downloaded to E:\Project\Biohub_CellTracking\experiments\exp_050_public_0944_tta_off\artifacts\tracking_repo/predictions/unknown/unet_transformer_val/split_0/44b6_1d530831.geff/nodes/props/t/values/c/0
Output file downloaded to E:\Project\Biohub_CellTracking\experiments\exp_050_public_0944_tta_off\artifacts\tracking_repo/predictions/unknown/unet_transformer_val/split_0/44b6_1d530831.geff/nodes/props/t/values/zarr.json
Output file downloaded to E:\Project\Biohub_CellTracking\experiments\exp_050_public_0944_tta_off\artifacts\tracking_repo/predictions/unknown/unet_transformer_val/split_0/44b6_1d530831.geff/nodes/props/t/zarr.json
Output file downloaded to E:\Project\Biohub_CellTracking\experiments\exp_050_public_0944_tta_off\artifacts\tracking_repo/predictions/unknown/unet_transformer_val/split_0/44b6_1d530831.geff/nodes/props/x/values/c/0
Output file downloaded to E:\Project\Biohub_CellTracking\experiments\exp_050_public_0944_tta_off\artifacts\tracking_repo/predictions/unknown/unet_transformer_val/split_0/44b6_1d530831.geff/nodes/props/x/values/zarr.json
Output file downloaded to E:\Project\Biohub_CellTracking\experiments\exp_050_public_0944_tta_off\artifacts\tracking_repo/predictions/unknown/unet_transformer_val/split_0/44b6_1d530831.geff/nodes/props/x/zarr.json
Output file downloaded to E:\Project\Biohub_CellTracking\experiments\exp_050_public_0944_tta_off\artifacts\tracking_repo/predictions/unknown/unet_transformer_val/split_0/44b6_1d530831.geff/nodes/props/y/values/c/0
Output file downloaded to E:\Project\Biohub_CellTracking\experiments\exp_050_public_0944_tta_off\artifacts\tracking_repo/predictions/unknown/unet_transformer_val/split_0/44b6_1d530831.geff/nodes/props/y/values/zarr.json
Output file downloaded to E:\Project\Biohub_CellTracking\experiments\exp_050_public_0944_tta_off\artifacts\tracking_repo/predictions/unknown/unet_transformer_val/split_0/44b6_1d530831.geff/nodes/props/y/zarr.json
Output file downloaded to E:\Project\Biohub_CellTracking\experiments\exp_050_public_0944_tta_off\artifacts\tracking_repo/predictions/unknown/unet_transformer_val/split_0/44b6_1d530831.geff/nodes/props/z/values/c/0
Output file downloaded to E:\Project\Biohub_CellTracking\experiments\exp_050_public_0944_tta_off\artifacts\tracking_repo/predictions/unknown/unet_transformer_val/split_0/44b6_1d530831.geff/nodes/props/z/values/zarr.json
Output file downloaded to E:\Project\Biohub_CellTracking\experiments\exp_050_public_0944_tta_off\artifacts\tracking_repo/predictions/unknown/unet_transformer_val/split_0/44b6_1d530831.geff/nodes/props/z/zarr.json
Output file downloaded to E:\Project\Biohub_CellTracking\experiments\exp_050_public_0944_tta_off\artifacts\tracking_repo/predictions/unknown/unet_transformer_val/split_0/44b6_1d530831.geff/nodes/props/zarr.json
Output file downloaded to E:\Project\Biohub_CellTracking\experiments\exp_050_public_0944_tta_off\artifacts\tracking_repo/predictions/unknown/unet_transformer_val/split_0/44b6_1d530831.geff/nodes/zarr.json
Output file downloaded to E:\Project\Biohub_CellTracking\experiments\exp_050_public_0944_tta_off\artifacts\tracking_repo/predictions/unknown/unet_transformer_val/split_0/44b6_1d530831.geff/zarr.json
Output file downloaded to E:\Project\Biohub_CellTracking\experiments\exp_050_public_0944_tta_off\artifacts\tracking_repo/predictions/unknown/unet_transformer_val/split_0/44b6_2a2eff9f.geff/edges/ids/c/0/0
Output file downloaded to E:\Project\Biohub_CellTracking\experiments\exp_050_public_0944_tta_off\artifacts\tracking_repo/predictions/unknown/unet_transformer_val/split_0/44b6_2a2eff9f.geff/edges/ids/zarr.json
Output file downloaded to E:\Project\Biohub_CellTracking\experiments\exp_050_public_0944_tta_off\artifacts\tracking_repo/predictions/unknown/unet_transformer_val/split_0/44b6_2a2eff9f.geff/edges/props/edge_dist/values/c/0
Output file downloaded to E:\Project\Biohub_CellTracking\experiments\exp_050_public_0944_tta_off\artifacts\tracking_repo/predictions/unknown/unet_transformer_val/split_0/44b6_2a2eff9f.geff/edges/props/edge_dist/values/zarr.json
Output file downloaded to E:\Project\Biohub_CellTracking\experiments\exp_050_public_0944_tta_off\artifacts\tracking_repo/predictions/unknown/unet_transformer_val/split_0/44b6_2a2eff9f.geff/edges/props/edge_dist/zarr.json
Output file downloaded to E:\Project\Biohub_CellTracking\experiments\exp_050_public_0944_tta_off\artifacts\tracking_repo/predictions/unknown/unet_transformer_val/split_0/44b6_2a2eff9f.geff/edges/props/edge_prob/values/c/0
Output file downloaded to E:\Project\Biohub_CellTracking\experiments\exp_050_public_0944_tta_off\artifacts\tracking_repo/predictions/unknown/unet_transformer_val/split_0/44b6_2a2eff9f.geff/edges/props/edge_prob/values/zarr.json
Output file downloaded to E:\Project\Biohub_CellTracking\experiments\exp_050_public_0944_tta_off\artifacts\tracking_repo/predictions/unknown/unet_transformer_val/split_0/44b6_2a2eff9f.geff/edges/props/edge_prob/zarr.json
Output file downloaded to E:\Project\Biohub_CellTracking\experiments\exp_050_public_0944_tta_off\artifacts\tracking_repo/predictions/unknown/unet_transformer_val/split_0/44b6_2a2eff9f.geff/edges/props/solution/values/c/0
Output file downloaded to E:\Project\Biohub_CellTracking\experiments\exp_050_public_0944_tta_off\artifacts\tracking_repo/predictions/unknown/unet_transformer_val/split_0/44b6_2a2eff9f.geff/edges/props/solution/values/zarr.json
Output file downloaded to E:\Project\Biohub_CellTracking\experiments\exp_050_public_0944_tta_off\artifacts\tracking_repo/predictions/unknown/unet_transformer_val/split_0/44b6_2a2eff9f.geff/edges/props/solution/zarr.json
Output file downloaded to E:\Project\Biohub_CellTracking\experiments\exp_050_public_0944_tta_off\artifacts\tracking_repo/predictions/unknown/unet_transformer_val/split_0/44b6_2a2eff9f.geff/edges/props/zarr.json
Output file downloaded to E:\Project\Biohub_CellTracking\experiments\exp_050_public_0944_tta_off\artifacts\tracking_repo/predictions/unknown/unet_transformer_val/split_0/44b6_2a2eff9f.geff/edges/zarr.json
Output file downloaded to E:\Project\Biohub_CellTracking\experiments\exp_050_public_0944_tta_off\artifacts\tracking_repo/predictions/unknown/unet_transformer_val/split_0/44b6_2a2eff9f.geff/nodes/ids/c/0
Output file downloaded to E:\Project\Biohub_CellTracking\experiments\exp_050_public_0944_tta_off\artifacts\tracking_repo/predictions/unknown/unet_transformer_val/split_0/44b6_2a2eff9f.geff/nodes/ids/zarr.json
Output file downloaded to E:\Project\Biohub_CellTracking\experiments\exp_050_public_0944_tta_off\artifacts\tracking_repo/predictions/unknown/unet_transformer_val/split_0/44b6_2a2eff9f.geff/nodes/props/solution/values/c/0
Output file downloaded to E:\Project\Biohub_CellTracking\experiments\exp_050_public_0944_tta_off\artifacts\tracking_repo/predictions/unknown/unet_transformer_val/split_0/44b6_2a2eff9f.geff/nodes/props/solution/values/zarr.json
Output file downloaded to E:\Project\Biohub_CellTracking\experiments\exp_050_public_0944_tta_off\artifacts\tracking_repo/predictions/unknown/unet_transformer_val/split_0/44b6_2a2eff9f.geff/nodes/props/solution/zarr.json
Output file downloaded to E:\Project\Biohub_CellTracking\experiments\exp_050_public_0944_tta_off\artifacts\tracking_repo/predictions/unknown/unet_transformer_val/split_0/44b6_2a2eff9f.geff/nodes/props/t/values/c/0
Output file downloaded to E:\Project\Biohub_CellTracking\experiments\exp_050_public_0944_tta_off\artifacts\tracking_repo/predictions/unknown/unet_transformer_val/split_0/44b6_2a2eff9f.geff/nodes/props/t/values/zarr.json
Output file downloaded to E:\Project\Biohub_CellTracking\experiments\exp_050_public_0944_tta_off\artifacts\tracking_repo/predictions/unknown/unet_transformer_val/split_0/44b6_2a2eff9f.geff/nodes/props/t/zarr.json
Output file downloaded to E:\Project\Biohub_CellTracking\experiments\exp_050_public_0944_tta_off\artifacts\tracking_repo/predictions/unknown/unet_transformer_val/split_0/44b6_2a2eff9f.geff/nodes/props/x/values/c/0
Output file downloaded to E:\Project\Biohub_CellTracking\experiments\exp_050_public_0944_tta_off\artifacts\tracking_repo/predictions/unknown/unet_transformer_val/split_0/44b6_2a2eff9f.geff/nodes/props/x/values/zarr.json
Output file downloaded to E:\Project\Biohub_CellTracking\experiments\exp_050_public_0944_tta_off\artifacts\tracking_repo/predictions/unknown/unet_transformer_val/split_0/44b6_2a2eff9f.geff/nodes/props/x/zarr.json
Output file downloaded to E:\Project\Biohub_CellTracking\experiments\exp_050_public_0944_tta_off\artifacts\tracking_repo/predictions/unknown/unet_transformer_val/split_0/44b6_2a2eff9f.geff/nodes/props/y/values/c/0
Output file downloaded to E:\Project\Biohub_CellTracking\experiments\exp_050_public_0944_tta_off\artifacts\tracking_repo/predictions/unknown/unet_transformer_val/split_0/44b6_2a2eff9f.geff/nodes/props/y/values/zarr.json
Output file downloaded to E:\Project\Biohub_CellTracking\experiments\exp_050_public_0944_tta_off\artifacts\tracking_repo/predictions/unknown/unet_transformer_val/split_0/44b6_2a2eff9f.geff/nodes/props/y/zarr.json
Output file downloaded to E:\Project\Biohub_CellTracking\experiments\exp_050_public_0944_tta_off\artifacts\tracking_repo/predictions/unknown/unet_transformer_val/split_0/44b6_2a2eff9f.geff/nodes/props/z/values/c/0
Output file downloaded to E:\Project\Biohub_CellTracking\experiments\exp_050_public_0944_tta_off\artifacts\tracking_repo/predictions/unknown/unet_transformer_val/split_0/44b6_2a2eff9f.geff/nodes/props/z/values/zarr.json
Output file downloaded to E:\Project\Biohub_CellTracking\experiments\exp_050_public_0944_tta_off\artifacts\tracking_repo/predictions/unknown/unet_transformer_val/split_0/44b6_2a2eff9f.geff/nodes/props/z/zarr.json
Output file downloaded to E:\Project\Biohub_CellTracking\experiments\exp_050_public_0944_tta_off\artifacts\tracking_repo/predictions/unknown/unet_transformer_val/split_0/44b6_2a2eff9f.geff/nodes/props/zarr.json
Output file downloaded to E:\Project\Biohub_CellTracking\experiments\exp_050_public_0944_tta_off\artifacts\tracking_repo/predictions/unknown/unet_transformer_val/split_0/44b6_2a2eff9f.geff/nodes/zarr.json
Output file downloaded to E:\Project\Biohub_CellTracking\experiments\exp_050_public_0944_tta_off\artifacts\tracking_repo/predictions/unknown/unet_transformer_val/split_0/44b6_2a2eff9f.geff/zarr.json
Output file downloaded to E:\Project\Biohub_CellTracking\experiments\exp_050_public_0944_tta_off\artifacts\tracking_repo/predictions/unknown/unet_transformer_val/split_0/44b6_551a5dba.geff/edges/ids/c/0/0
Output file downloaded to E:\Project\Biohub_CellTracking\experiments\exp_050_public_0944_tta_off\artifacts\tracking_repo/predictions/unknown/unet_transformer_val/split_0/44b6_551a5dba.geff/edges/ids/zarr.json
Output file downloaded to E:\Project\Biohub_CellTracking\experiments\exp_050_public_0944_tta_off\artifacts\tracking_repo/predictions/unknown/unet_transformer_val/split_0/44b6_551a5dba.geff/edges/props/edge_dist/values/c/0
Output file downloaded to E:\Project\Biohub_CellTracking\experiments\exp_050_public_0944_tta_off\artifacts\tracking_repo/predictions/unknown/unet_transformer_val/split_0/44b6_551a5dba.geff/edges/props/edge_dist/values/zarr.json
Output file downloaded to E:\Project\Biohub_CellTracking\experiments\exp_050_public_0944_tta_off\artifacts\tracking_repo/predictions/unknown/unet_transformer_val/split_0/44b6_551a5dba.geff/edges/props/edge_dist/zarr.json
Output file downloaded to E:\Project\Biohub_CellTracking\experiments\exp_050_public_0944_tta_off\artifacts\tracking_repo/predictions/unknown/unet_transformer_val/split_0/44b6_551a5dba.geff/edges/props/edge_prob/values/c/0
Output file downloaded to E:\Project\Biohub_CellTracking\experiments\exp_050_public_0944_tta_off\artifacts\tracking_repo/predictions/unknown/unet_transformer_val/split_0/44b6_551a5dba.geff/edges/props/edge_prob/values/zarr.json
Output file downloaded to E:\Project\Biohub_CellTracking\experiments\exp_050_public_0944_tta_off\artifacts\tracking_repo/predictions/unknown/unet_transformer_val/split_0/44b6_551a5dba.geff/edges/props/edge_prob/zarr.json
Output file downloaded to E:\Project\Biohub_CellTracking\experiments\exp_050_public_0944_tta_off\artifacts\tracking_repo/predictions/unknown/unet_transformer_val/split_0/44b6_551a5dba.geff/edges/props/solution/values/c/0
Output file downloaded to E:\Project\Biohub_CellTracking\experiments\exp_050_public_0944_tta_off\artifacts\tracking_repo/predictions/unknown/unet_transformer_val/split_0/44b6_551a5dba.geff/edges/props/solution/values/zarr.json
Output file downloaded to E:\Project\Biohub_CellTracking\experiments\exp_050_public_0944_tta_off\artifacts\tracking_repo/predictions/unknown/unet_transformer_val/split_0/44b6_551a5dba.geff/edges/props/solution/zarr.json
Output file downloaded to E:\Project\Biohub_CellTracking\experiments\exp_050_public_0944_tta_off\artifacts\tracking_repo/predictions/unknown/unet_transformer_val/split_0/44b6_551a5dba.geff/edges/props/zarr.json
Output file downloaded to E:\Project\Biohub_CellTracking\experiments\exp_050_public_0944_tta_off\artifacts\tracking_repo/predictions/unknown/unet_transformer_val/split_0/44b6_551a5dba.geff/edges/zarr.json
Output file downloaded to E:\Project\Biohub_CellTracking\experiments\exp_050_public_0944_tta_off\artifacts\tracking_repo/predictions/unknown/unet_transformer_val/split_0/44b6_551a5dba.geff/nodes/ids/c/0
Output file downloaded to E:\Project\Biohub_CellTracking\experiments\exp_050_public_0944_tta_off\artifacts\tracking_repo/predictions/unknown/unet_transformer_val/split_0/44b6_551a5dba.geff/nodes/ids/zarr.json
Output file downloaded to E:\Project\Biohub_CellTracking\experiments\exp_050_public_0944_tta_off\artifacts\tracking_repo/predictions/unknown/unet_transformer_val/split_0/44b6_551a5dba.geff/nodes/props/solution/values/c/0
Output file downloaded to E:\Project\Biohub_CellTracking\experiments\exp_050_public_0944_tta_off\artifacts\tracking_repo/predictions/unknown/unet_transformer_val/split_0/44b6_551a5dba.geff/nodes/props/solution/values/zarr.json
Output file downloaded to E:\Project\Biohub_CellTracking\experiments\exp_050_public_0944_tta_off\artifacts\tracking_repo/predictions/unknown/unet_transformer_val/split_0/44b6_551a5dba.geff/nodes/props/solution/zarr.json
Output file downloaded to E:\Project\Biohub_CellTracking\experiments\exp_050_public_0944_tta_off\artifacts\tracking_repo/predictions/unknown/unet_transformer_val/split_0/44b6_551a5dba.geff/nodes/props/t/values/c/0
Output file downloaded to E:\Project\Biohub_CellTracking\experiments\exp_050_public_0944_tta_off\artifacts\tracking_repo/predictions/unknown/unet_transformer_val/split_0/44b6_551a5dba.geff/nodes/props/t/values/zarr.json
Output file downloaded to E:\Project\Biohub_CellTracking\experiments\exp_050_public_0944_tta_off\artifacts\tracking_repo/predictions/unknown/unet_transformer_val/split_0/44b6_551a5dba.geff/nodes/props/t/zarr.json
Output file downloaded to E:\Project\Biohub_CellTracking\experiments\exp_050_public_0944_tta_off\artifacts\tracking_repo/predictions/unknown/unet_transformer_val/split_0/44b6_551a5dba.geff/nodes/props/x/values/c/0
Output file downloaded to E:\Project\Biohub_CellTracking\experiments\exp_050_public_0944_tta_off\artifacts\tracking_repo/predictions/unknown/unet_transformer_val/split_0/44b6_551a5dba.geff/nodes/props/x/values/zarr.json
Output file downloaded to E:\Project\Biohub_CellTracking\experiments\exp_050_public_0944_tta_off\artifacts\tracking_repo/predictions/unknown/unet_transformer_val/split_0/44b6_551a5dba.geff/nodes/props/x/zarr.json
Output file downloaded to E:\Project\Biohub_CellTracking\experiments\exp_050_public_0944_tta_off\artifacts\tracking_repo/predictions/unknown/unet_transformer_val/split_0/44b6_551a5dba.geff/nodes/props/y/values/c/0
Output file downloaded to E:\Project\Biohub_CellTracking\experiments\exp_050_public_0944_tta_off\artifacts\tracking_repo/predictions/unknown/unet_transformer_val/split_0/44b6_551a5dba.geff/nodes/props/y/values/zarr.json
Output file downloaded to E:\Project\Biohub_CellTracking\experiments\exp_050_public_0944_tta_off\artifacts\tracking_repo/predictions/unknown/unet_transformer_val/split_0/44b6_551a5dba.geff/nodes/props/y/zarr.json
Output file downloaded to E:\Project\Biohub_CellTracking\experiments\exp_050_public_0944_tta_off\artifacts\tracking_repo/predictions/unknown/unet_transformer_val/split_0/44b6_551a5dba.geff/nodes/props/z/values/c/0
Output file downloaded to E:\Project\Biohub_CellTracking\experiments\exp_050_public_0944_tta_off\artifacts\tracking_repo/predictions/unknown/unet_transformer_val/split_0/44b6_551a5dba.geff/nodes/props/z/values/zarr.json
Output file downloaded to E:\Project\Biohub_CellTracking\experiments\exp_050_public_0944_tta_off\artifacts\tracking_repo/predictions/unknown/unet_transformer_val/split_0/44b6_551a5dba.geff/nodes/props/z/zarr.json
Output file downloaded to E:\Project\Biohub_CellTracking\experiments\exp_050_public_0944_tta_off\artifacts\tracking_repo/predictions/unknown/unet_transformer_val/split_0/44b6_551a5dba.geff/nodes/props/zarr.json
Output file downloaded to E:\Project\Biohub_CellTracking\experiments\exp_050_public_0944_tta_off\artifacts\tracking_repo/predictions/unknown/unet_transformer_val/split_0/44b6_551a5dba.geff/nodes/zarr.json
Output file downloaded to E:\Project\Biohub_CellTracking\experiments\exp_050_public_0944_tta_off\artifacts\tracking_repo/predictions/unknown/unet_transformer_val/split_0/44b6_551a5dba.geff/zarr.json
Output file downloaded to E:\Project\Biohub_CellTracking\experiments\exp_050_public_0944_tta_off\artifacts\tracking_repo/predictions/unknown/unet_transformer_val/split_0/44b6_7a302da0.geff/edges/ids/c/0/0
Output file downloaded to E:\Project\Biohub_CellTracking\experiments\exp_050_public_0944_tta_off\artifacts\tracking_repo/predictions/unknown/unet_transformer_val/split_0/44b6_7a302da0.geff/edges/ids/zarr.json
Output file downloaded to E:\Project\Biohub_CellTracking\experiments\exp_050_public_0944_tta_off\artifacts\tracking_repo/predictions/unknown/unet_transformer_val/split_0/44b6_7a302da0.geff/edges/props/edge_dist/values/c/0
Output file downloaded to E:\Project\Biohub_CellTracking\experiments\exp_050_public_0944_tta_off\artifacts\tracking_repo/predictions/unknown/unet_transformer_val/split_0/44b6_7a302da0.geff/edges/props/edge_dist/values/zarr.json
Output file downloaded to E:\Project\Biohub_CellTracking\experiments\exp_050_public_0944_tta_off\artifacts\tracking_repo/predictions/unknown/unet_transformer_val/split_0/44b6_7a302da0.geff/edges/props/edge_dist/zarr.json
Output file downloaded to E:\Project\Biohub_CellTracking\experiments\exp_050_public_0944_tta_off\artifacts\tracking_repo/predictions/unknown/unet_transformer_val/split_0/44b6_7a302da0.geff/edges/props/edge_prob/values/c/0
Output file downloaded to E:\Project\Biohub_CellTracking\experiments\exp_050_public_0944_tta_off\artifacts\tracking_repo/predictions/unknown/unet_transformer_val/split_0/44b6_7a302da0.geff/edges/props/edge_prob/values/zarr.json
Output file downloaded to E:\Project\Biohub_CellTracking\experiments\exp_050_public_0944_tta_off\artifacts\tracking_repo/predictions/unknown/unet_transformer_val/split_0/44b6_7a302da0.geff/edges/props/edge_prob/zarr.json
Output file downloaded to E:\Project\Biohub_CellTracking\experiments\exp_050_public_0944_tta_off\artifacts\tracking_repo/predictions/unknown/unet_transformer_val/split_0/44b6_7a302da0.geff/edges/props/solution/values/c/0
Output file downloaded to E:\Project\Biohub_CellTracking\experiments\exp_050_public_0944_tta_off\artifacts\tracking_repo/predictions/unknown/unet_transformer_val/split_0/44b6_7a302da0.geff/edges/props/solution/values/zarr.json
Output file downloaded to E:\Project\Biohub_CellTracking\experiments\exp_050_public_0944_tta_off\artifacts\tracking_repo/predictions/unknown/unet_transformer_val/split_0/44b6_7a302da0.geff/edges/props/solution/zarr.json
Output file downloaded to E:\Project\Biohub_CellTracking\experiments\exp_050_public_0944_tta_off\artifacts\tracking_repo/predictions/unknown/unet_transformer_val/split_0/44b6_7a302da0.geff/edges/props/zarr.json
Output file downloaded to E:\Project\Biohub_CellTracking\experiments\exp_050_public_0944_tta_off\artifacts\tracking_repo/predictions/unknown/unet_transformer_val/split_0/44b6_7a302da0.geff/edges/zarr.json
Output file downloaded to E:\Project\Biohub_CellTracking\experiments\exp_050_public_0944_tta_off\artifacts\tracking_repo/predictions/unknown/unet_transformer_val/split_0/44b6_7a302da0.geff/nodes/ids/c/0
Output file downloaded to E:\Project\Biohub_CellTracking\experiments\exp_050_public_0944_tta_off\artifacts\tracking_repo/predictions/unknown/unet_transformer_val/split_0/44b6_7a302da0.geff/nodes/ids/zarr.json
Output file downloaded to E:\Project\Biohub_CellTracking\experiments\exp_050_public_0944_tta_off\artifacts\tracking_repo/predictions/unknown/unet_transformer_val/split_0/44b6_7a302da0.geff/nodes/props/solution/values/c/0
Output file downloaded to E:\Project\Biohub_CellTracking\experiments\exp_050_public_0944_tta_off\artifacts\tracking_repo/predictions/unknown/unet_transformer_val/split_0/44b6_7a302da0.geff/nodes/props/solution/values/zarr.json
Output file downloaded to E:\Project\Biohub_CellTracking\experiments\exp_050_public_0944_tta_off\artifacts\tracking_repo/predictions/unknown/unet_transformer_val/split_0/44b6_7a302da0.geff/nodes/props/solution/zarr.json
Output file downloaded to E:\Project\Biohub_CellTracking\experiments\exp_050_public_0944_tta_off\artifacts\tracking_repo/predictions/unknown/unet_transformer_val/split_0/44b6_7a302da0.geff/nodes/props/t/values/c/0
Output file downloaded to E:\Project\Biohub_CellTracking\experiments\exp_050_public_0944_tta_off\artifacts\tracking_repo/predictions/unknown/unet_transformer_val/split_0/44b6_7a302da0.geff/nodes/props/t/values/zarr.json
Output file downloaded to E:\Project\Biohub_CellTracking\experiments\exp_050_public_0944_tta_off\artifacts\tracking_repo/predictions/unknown/unet_transformer_val/split_0/44b6_7a302da0.geff/nodes/props/t/zarr.json
Output file downloaded to E:\Project\Biohub_CellTracking\experiments\exp_050_public_0944_tta_off\artifacts\tracking_repo/predictions/unknown/unet_transformer_val/split_0/44b6_7a302da0.geff/nodes/props/x/values/c/0
Output file downloaded to E:\Project\Biohub_CellTracking\experiments\exp_050_public_0944_tta_off\artifacts\tracking_repo/predictions/unknown/unet_transformer_val/split_0/44b6_7a302da0.geff/nodes/props/x/values/zarr.json
Output file downloaded to E:\Project\Biohub_CellTracking\experiments\exp_050_public_0944_tta_off\artifacts\tracking_repo/predictions/unknown/unet_transformer_val/split_0/44b6_7a302da0.geff/nodes/props/x/zarr.json
Output file downloaded to E:\Project\Biohub_CellTracking\experiments\exp_050_public_0944_tta_off\artifacts\tracking_repo/predictions/unknown/unet_transformer_val/split_0/44b6_7a302da0.geff/nodes/props/y/values/c/0
Output file downloaded to E:\Project\Biohub_CellTracking\experiments\exp_050_public_0944_tta_off\artifacts\tracking_repo/predictions/unknown/unet_transformer_val/split_0/44b6_7a302da0.geff/nodes/props/y/values/zarr.json
Output file downloaded to E:\Project\Biohub_CellTracking\experiments\exp_050_public_0944_tta_off\artifacts\tracking_repo/predictions/unknown/unet_transformer_val/split_0/44b6_7a302da0.geff/nodes/props/y/zarr.json
Output file downloaded to E:\Project\Biohub_CellTracking\experiments\exp_050_public_0944_tta_off\artifacts\tracking_repo/predictions/unknown/unet_transformer_val/split_0/44b6_7a302da0.geff/nodes/props/z/values/c/0
Output file downloaded to E:\Project\Biohub_CellTracking\experiments\exp_050_public_0944_tta_off\artifacts\tracking_repo/predictions/unknown/unet_transformer_val/split_0/44b6_7a302da0.geff/nodes/props/z/values/zarr.json
Output file downloaded to E:\Project\Biohub_CellTracking\experiments\exp_050_public_0944_tta_off\artifacts\tracking_repo/predictions/unknown/unet_transformer_val/split_0/44b6_7a302da0.geff/nodes/props/z/zarr.json
Output file downloaded to E:\Project\Biohub_CellTracking\experiments\exp_050_public_0944_tta_off\artifacts\tracking_repo/predictions/unknown/unet_transformer_val/split_0/44b6_7a302da0.geff/nodes/props/zarr.json
Output file downloaded to E:\Project\Biohub_CellTracking\experiments\exp_050_public_0944_tta_off\artifacts\tracking_repo/predictions/unknown/unet_transformer_val/split_0/44b6_7a302da0.geff/nodes/zarr.json
Output file downloaded to E:\Project\Biohub_CellTracking\experiments\exp_050_public_0944_tta_off\artifacts\tracking_repo/predictions/unknown/unet_transformer_val/split_0/44b6_7a302da0.geff/zarr.json
Output file downloaded to E:\Project\Biohub_CellTracking\experiments\exp_050_public_0944_tta_off\artifacts\tracking_repo/predictions/unknown/unet_transformer_val/split_0/44b6_7e557709.geff/edges/ids/c/0/0
Output file downloaded to E:\Project\Biohub_CellTracking\experiments\exp_050_public_0944_tta_off\artifacts\tracking_repo/predictions/unknown/unet_transformer_val/split_0/44b6_7e557709.geff/edges/ids/zarr.json
Output file downloaded to E:\Project\Biohub_CellTracking\experiments\exp_050_public_0944_tta_off\artifacts\tracking_repo/predictions/unknown/unet_transformer_val/split_0/44b6_7e557709.geff/edges/props/edge_dist/values/c/0
Output file downloaded to E:\Project\Biohub_CellTracking\experiments\exp_050_public_0944_tta_off\artifacts\tracking_repo/predictions/unknown/unet_transformer_val/split_0/44b6_7e557709.geff/edges/props/edge_dist/values/zarr.json
Output file downloaded to E:\Project\Biohub_CellTracking\experiments\exp_050_public_0944_tta_off\artifacts\tracking_repo/predictions/unknown/unet_transformer_val/split_0/44b6_7e557709.geff/edges/props/edge_dist/zarr.json
Output file downloaded to E:\Project\Biohub_CellTracking\experiments\exp_050_public_0944_tta_off\artifacts\tracking_repo/predictions/unknown/unet_transformer_val/split_0/44b6_7e557709.geff/edges/props/edge_prob/values/c/0
Output file downloaded to E:\Project\Biohub_CellTracking\experiments\exp_050_public_0944_tta_off\artifacts\tracking_repo/predictions/unknown/unet_transformer_val/split_0/44b6_7e557709.geff/edges/props/edge_prob/values/zarr.json
Output file downloaded to E:\Project\Biohub_CellTracking\experiments\exp_050_public_0944_tta_off\artifacts\tracking_repo/predictions/unknown/unet_transformer_val/split_0/44b6_7e557709.geff/edges/props/edge_prob/zarr.json
Output file downloaded to E:\Project\Biohub_CellTracking\experiments\exp_050_public_0944_tta_off\artifacts\tracking_repo/predictions/unknown/unet_transformer_val/split_0/44b6_7e557709.geff/edges/props/solution/values/c/0
Output file downloaded to E:\Project\Biohub_CellTracking\experiments\exp_050_public_0944_tta_off\artifacts\tracking_repo/predictions/unknown/unet_transformer_val/split_0/44b6_7e557709.geff/edges/props/solution/values/zarr.json
Output file downloaded to E:\Project\Biohub_CellTracking\experiments\exp_050_public_0944_tta_off\artifacts\tracking_repo/predictions/unknown/unet_transformer_val/split_0/44b6_7e557709.geff/edges/props/solution/zarr.json
Output file downloaded to E:\Project\Biohub_CellTracking\experiments\exp_050_public_0944_tta_off\artifacts\tracking_repo/predictions/unknown/unet_transformer_val/split_0/44b6_7e557709.geff/edges/props/zarr.json
Output file downloaded to E:\Project\Biohub_CellTracking\experiments\exp_050_public_0944_tta_off\artifacts\tracking_repo/predictions/unknown/unet_transformer_val/split_0/44b6_7e557709.geff/edges/zarr.json
Output file downloaded to E:\Project\Biohub_CellTracking\experiments\exp_050_public_0944_tta_off\artifacts\tracking_repo/predictions/unknown/unet_transformer_val/split_0/44b6_7e557709.geff/nodes/ids/c/0
Output file downloaded to E:\Project\Biohub_CellTracking\experiments\exp_050_public_0944_tta_off\artifacts\tracking_repo/predictions/unknown/unet_transformer_val/split_0/44b6_7e557709.geff/nodes/ids/zarr.json
Output file downloaded to E:\Project\Biohub_CellTracking\experiments\exp_050_public_0944_tta_off\artifacts\tracking_repo/predictions/unknown/unet_transformer_val/split_0/44b6_7e557709.geff/nodes/props/solution/values/c/0
Output file downloaded to E:\Project\Biohub_CellTracking\experiments\exp_050_public_0944_tta_off\artifacts\tracking_repo/predictions/unknown/unet_transformer_val/split_0/44b6_7e557709.geff/nodes/props/solution/values/zarr.json
Output file downloaded to E:\Project\Biohub_CellTracking\experiments\exp_050_public_0944_tta_off\artifacts\tracking_repo/predictions/unknown/unet_transformer_val/split_0/44b6_7e557709.geff/nodes/props/solution/zarr.json
Output file downloaded to E:\Project\Biohub_CellTracking\experiments\exp_050_public_0944_tta_off\artifacts\tracking_repo/predictions/unknown/unet_transformer_val/split_0/44b6_7e557709.geff/nodes/props/t/values/c/0
Output file downloaded to E:\Project\Biohub_CellTracking\experiments\exp_050_public_0944_tta_off\artifacts\tracking_repo/predictions/unknown/unet_transformer_val/split_0/44b6_7e557709.geff/nodes/props/t/values/zarr.json
Output file downloaded to E:\Project\Biohub_CellTracking\experiments\exp_050_public_0944_tta_off\artifacts\tracking_repo/predictions/unknown/unet_transformer_val/split_0/44b6_7e557709.geff/nodes/props/t/zarr.json
Output file downloaded to E:\Project\Biohub_CellTracking\experiments\exp_050_public_0944_tta_off\artifacts\tracking_repo/predictions/unknown/unet_transformer_val/split_0/44b6_7e557709.geff/nodes/props/x/values/c/0
Output file downloaded to E:\Project\Biohub_CellTracking\experiments\exp_050_public_0944_tta_off\artifacts\tracking_repo/predictions/unknown/unet_transformer_val/split_0/44b6_7e557709.geff/nodes/props/x/values/zarr.json
Output file downloaded to E:\Project\Biohub_CellTracking\experiments\exp_050_public_0944_tta_off\artifacts\tracking_repo/predictions/unknown/unet_transformer_val/split_0/44b6_7e557709.geff/nodes/props/x/zarr.json
Output file downloaded to E:\Project\Biohub_CellTracking\experiments\exp_050_public_0944_tta_off\artifacts\tracking_repo/predictions/unknown/unet_transformer_val/split_0/44b6_7e557709.geff/nodes/props/y/values/c/0
Output file downloaded to E:\Project\Biohub_CellTracking\experiments\exp_050_public_0944_tta_off\artifacts\tracking_repo/predictions/unknown/unet_transformer_val/split_0/44b6_7e557709.geff/nodes/props/y/values/zarr.json
Output file downloaded to E:\Project\Biohub_CellTracking\experiments\exp_050_public_0944_tta_off\artifacts\tracking_repo/predictions/unknown/unet_transformer_val/split_0/44b6_7e557709.geff/nodes/props/y/zarr.json
Output file downloaded to E:\Project\Biohub_CellTracking\experiments\exp_050_public_0944_tta_off\artifacts\tracking_repo/predictions/unknown/unet_transformer_val/split_0/44b6_7e557709.geff/nodes/props/z/values/c/0
Output file downloaded to E:\Project\Biohub_CellTracking\experiments\exp_050_public_0944_tta_off\artifacts\tracking_repo/predictions/unknown/unet_transformer_val/split_0/44b6_7e557709.geff/nodes/props/z/values/zarr.json
Output file downloaded to E:\Project\Biohub_CellTracking\experiments\exp_050_public_0944_tta_off\artifacts\tracking_repo/predictions/unknown/unet_transformer_val/split_0/44b6_7e557709.geff/nodes/props/z/zarr.json
Output file downloaded to E:\Project\Biohub_CellTracking\experiments\exp_050_public_0944_tta_off\artifacts\tracking_repo/predictions/unknown/unet_transformer_val/split_0/44b6_7e557709.geff/nodes/props/zarr.json
Output file downloaded to E:\Project\Biohub_CellTracking\experiments\exp_050_public_0944_tta_off\artifacts\tracking_repo/predictions/unknown/unet_transformer_val/split_0/44b6_7e557709.geff/nodes/zarr.json
Output file downloaded to E:\Project\Biohub_CellTracking\experiments\exp_050_public_0944_tta_off\artifacts\tracking_repo/predictions/unknown/unet_transformer_val/split_0/44b6_7e557709.geff/zarr.json
Output file downloaded to E:\Project\Biohub_CellTracking\experiments\exp_050_public_0944_tta_off\artifacts\tracking_repo/predictions/unknown/unet_transformer_val/split_0/44b6_aaf8b0ea.geff/edges/ids/c/0/0
Output file downloaded to E:\Project\Biohub_CellTracking\experiments\exp_050_public_0944_tta_off\artifacts\tracking_repo/predictions/unknown/unet_transformer_val/split_0/44b6_aaf8b0ea.geff/edges/ids/zarr.json
Output file downloaded to E:\Project\Biohub_CellTracking\experiments\exp_050_public_0944_tta_off\artifacts\tracking_repo/predictions/unknown/unet_transformer_val/split_0/44b6_aaf8b0ea.geff/edges/props/edge_dist/values/c/0
Output file downloaded to E:\Project\Biohub_CellTracking\experiments\exp_050_public_0944_tta_off\artifacts\tracking_repo/predictions/unknown/unet_transformer_val/split_0/44b6_aaf8b0ea.geff/edges/props/edge_dist/values/zarr.json
Output file downloaded to E:\Project\Biohub_CellTracking\experiments\exp_050_public_0944_tta_off\artifacts\tracking_repo/predictions/unknown/unet_transformer_val/split_0/44b6_aaf8b0ea.geff/edges/props/edge_dist/zarr.json
Output file downloaded to E:\Project\Biohub_CellTracking\experiments\exp_050_public_0944_tta_off\artifacts\tracking_repo/predictions/unknown/unet_transformer_val/split_0/44b6_aaf8b0ea.geff/edges/props/edge_prob/values/c/0
Output file downloaded to E:\Project\Biohub_CellTracking\experiments\exp_050_public_0944_tta_off\artifacts\tracking_repo/predictions/unknown/unet_transformer_val/split_0/44b6_aaf8b0ea.geff/edges/props/edge_prob/values/zarr.json
Output file downloaded to E:\Project\Biohub_CellTracking\experiments\exp_050_public_0944_tta_off\artifacts\tracking_repo/predictions/unknown/unet_transformer_val/split_0/44b6_aaf8b0ea.geff/edges/props/edge_prob/zarr.json
Output file downloaded to E:\Project\Biohub_CellTracking\experiments\exp_050_public_0944_tta_off\artifacts\tracking_repo/predictions/unknown/unet_transformer_val/split_0/44b6_aaf8b0ea.geff/edges/props/solution/values/c/0
Output file downloaded to E:\Project\Biohub_CellTracking\experiments\exp_050_public_0944_tta_off\artifacts\tracking_repo/predictions/unknown/unet_transformer_val/split_0/44b6_aaf8b0ea.geff/edges/props/solution/values/zarr.json
Output file downloaded to E:\Project\Biohub_CellTracking\experiments\exp_050_public_0944_tta_off\artifacts\tracking_repo/predictions/unknown/unet_transformer_val/split_0/44b6_aaf8b0ea.geff/edges/props/solution/zarr.json
Output file downloaded to E:\Project\Biohub_CellTracking\experiments\exp_050_public_0944_tta_off\artifacts\tracking_repo/predictions/unknown/unet_transformer_val/split_0/44b6_aaf8b0ea.geff/edges/props/zarr.json
Output file downloaded to E:\Project\Biohub_CellTracking\experiments\exp_050_public_0944_tta_off\artifacts\tracking_repo/predictions/unknown/unet_transformer_val/split_0/44b6_aaf8b0ea.geff/edges/zarr.json
Output file downloaded to E:\Project\Biohub_CellTracking\experiments\exp_050_public_0944_tta_off\artifacts\tracking_repo/predictions/unknown/unet_transformer_val/split_0/44b6_aaf8b0ea.geff/nodes/ids/c/0
Output file downloaded to E:\Project\Biohub_CellTracking\experiments\exp_050_public_0944_tta_off\artifacts\tracking_repo/predictions/unknown/unet_transformer_val/split_0/44b6_aaf8b0ea.geff/nodes/ids/zarr.json
Output file downloaded to E:\Project\Biohub_CellTracking\experiments\exp_050_public_0944_tta_off\artifacts\tracking_repo/predictions/unknown/unet_transformer_val/split_0/44b6_aaf8b0ea.geff/nodes/props/solution/values/c/0
Output file downloaded to E:\Project\Biohub_CellTracking\experiments\exp_050_public_0944_tta_off\artifacts\tracking_repo/predictions/unknown/unet_transformer_val/split_0/44b6_aaf8b0ea.geff/nodes/props/solution/values/zarr.json
Output file downloaded to E:\Project\Biohub_CellTracking\experiments\exp_050_public_0944_tta_off\artifacts\tracking_repo/predictions/unknown/unet_transformer_val/split_0/44b6_aaf8b0ea.geff/nodes/props/solution/zarr.json
Output file downloaded to E:\Project\Biohub_CellTracking\experiments\exp_050_public_0944_tta_off\artifacts\tracking_repo/predictions/unknown/unet_transformer_val/split_0/44b6_aaf8b0ea.geff/nodes/props/t/values/c/0
Output file downloaded to E:\Project\Biohub_CellTracking\experiments\exp_050_public_0944_tta_off\artifacts\tracking_repo/predictions/unknown/unet_transformer_val/split_0/44b6_aaf8b0ea.geff/nodes/props/t/values/zarr.json
Output file downloaded to E:\Project\Biohub_CellTracking\experiments\exp_050_public_0944_tta_off\artifacts\tracking_repo/predictions/unknown/unet_transformer_val/split_0/44b6_aaf8b0ea.geff/nodes/props/t/zarr.json
Output file downloaded to E:\Project\Biohub_CellTracking\experiments\exp_050_public_0944_tta_off\artifacts\tracking_repo/predictions/unknown/unet_transformer_val/split_0/44b6_aaf8b0ea.geff/nodes/props/x/values/c/0
Output file downloaded to E:\Project\Biohub_CellTracking\experiments\exp_050_public_0944_tta_off\artifacts\tracking_repo/predictions/unknown/unet_transformer_val/split_0/44b6_aaf8b0ea.geff/nodes/props/x/values/zarr.json
Output file downloaded to E:\Project\Biohub_CellTracking\experiments\exp_050_public_0944_tta_off\artifacts\tracking_repo/predictions/unknown/unet_transformer_val/split_0/44b6_aaf8b0ea.geff/nodes/props/x/zarr.json
Output file downloaded to E:\Project\Biohub_CellTracking\experiments\exp_050_public_0944_tta_off\artifacts\tracking_repo/predictions/unknown/unet_transformer_val/split_0/44b6_aaf8b0ea.geff/nodes/props/y/values/c/0
Output file downloaded to E:\Project\Biohub_CellTracking\experiments\exp_050_public_0944_tta_off\artifacts\tracking_repo/predictions/unknown/unet_transformer_val/split_0/44b6_aaf8b0ea.geff/nodes/props/y/values/zarr.json
Output file downloaded to E:\Project\Biohub_CellTracking\experiments\exp_050_public_0944_tta_off\artifacts\tracking_repo/predictions/unknown/unet_transformer_val/split_0/44b6_aaf8b0ea.geff/nodes/props/y/zarr.json
Output file downloaded to E:\Project\Biohub_CellTracking\experiments\exp_050_public_0944_tta_off\artifacts\tracking_repo/predictions/unknown/unet_transformer_val/split_0/44b6_aaf8b0ea.geff/nodes/props/z/values/c/0
Output file downloaded to E:\Project\Biohub_CellTracking\experiments\exp_050_public_0944_tta_off\artifacts\tracking_repo/predictions/unknown/unet_transformer_val/split_0/44b6_aaf8b0ea.geff/nodes/props/z/values/zarr.json
Output file downloaded to E:\Project\Biohub_CellTracking\experiments\exp_050_public_0944_tta_off\artifacts\tracking_repo/predictions/unknown/unet_transformer_val/split_0/44b6_aaf8b0ea.geff/nodes/props/z/zarr.json
Output file downloaded to E:\Project\Biohub_CellTracking\experiments\exp_050_public_0944_tta_off\artifacts\tracking_repo/predictions/unknown/unet_transformer_val/split_0/44b6_aaf8b0ea.geff/nodes/props/zarr.json
Output file downloaded to E:\Project\Biohub_CellTracking\experiments\exp_050_public_0944_tta_off\artifacts\tracking_repo/predictions/unknown/unet_transformer_val/split_0/44b6_aaf8b0ea.geff/nodes/zarr.json
Output file downloaded to E:\Project\Biohub_CellTracking\experiments\exp_050_public_0944_tta_off\artifacts\tracking_repo/predictions/unknown/unet_transformer_val/split_0/44b6_aaf8b0ea.geff/zarr.json
Output file downloaded to E:\Project\Biohub_CellTracking\experiments\exp_050_public_0944_tta_off\artifacts\tracking_repo/predictions/unknown/unet_transformer_val/split_0/44b6_c15fded2.geff/edges/ids/c/0/0
Output file downloaded to E:\Project\Biohub_CellTracking\experiments\exp_050_public_0944_tta_off\artifacts\tracking_repo/predictions/unknown/unet_transformer_val/split_0/44b6_c15fded2.geff/edges/ids/zarr.json
Output file downloaded to E:\Project\Biohub_CellTracking\experiments\exp_050_public_0944_tta_off\artifacts\tracking_repo/predictions/unknown/unet_transformer_val/split_0/44b6_c15fded2.geff/edges/props/edge_dist/values/c/0
Output file downloaded to E:\Project\Biohub_CellTracking\experiments\exp_050_public_0944_tta_off\artifacts\tracking_repo/predictions/unknown/unet_transformer_val/split_0/44b6_c15fded2.geff/edges/props/edge_dist/values/zarr.json
Output file downloaded to E:\Project\Biohub_CellTracking\experiments\exp_050_public_0944_tta_off\artifacts\tracking_repo/predictions/unknown/unet_transformer_val/split_0/44b6_c15fded2.geff/edges/props/edge_dist/zarr.json
Output file downloaded to E:\Project\Biohub_CellTracking\experiments\exp_050_public_0944_tta_off\artifacts\tracking_repo/predictions/unknown/unet_transformer_val/split_0/44b6_c15fded2.geff/edges/props/edge_prob/values/c/0
Output file downloaded to E:\Project\Biohub_CellTracking\experiments\exp_050_public_0944_tta_off\artifacts\tracking_repo/predictions/unknown/unet_transformer_val/split_0/44b6_c15fded2.geff/edges/props/edge_prob/values/zarr.json
Output file downloaded to E:\Project\Biohub_CellTracking\experiments\exp_050_public_0944_tta_off\artifacts\tracking_repo/predictions/unknown/unet_transformer_val/split_0/44b6_c15fded2.geff/edges/props/edge_prob/zarr.json
Output file downloaded to E:\Project\Biohub_CellTracking\experiments\exp_050_public_0944_tta_off\artifacts\tracking_repo/predictions/unknown/unet_transformer_val/split_0/44b6_c15fded2.geff/edges/props/solution/values/c/0
Output file downloaded to E:\Project\Biohub_CellTracking\experiments\exp_050_public_0944_tta_off\artifacts\tracking_repo/predictions/unknown/unet_transformer_val/split_0/44b6_c15fded2.geff/edges/props/solution/values/zarr.json
Output file downloaded to E:\Project\Biohub_CellTracking\experiments\exp_050_public_0944_tta_off\artifacts\tracking_repo/predictions/unknown/unet_transformer_val/split_0/44b6_c15fded2.geff/edges/props/solution/zarr.json
Output file downloaded to E:\Project\Biohub_CellTracking\experiments\exp_050_public_0944_tta_off\artifacts\tracking_repo/predictions/unknown/unet_transformer_val/split_0/44b6_c15fded2.geff/edges/props/zarr.json
Output file downloaded to E:\Project\Biohub_CellTracking\experiments\exp_050_public_0944_tta_off\artifacts\tracking_repo/predictions/unknown/unet_transformer_val/split_0/44b6_c15fded2.geff/edges/zarr.json
Output file downloaded to E:\Project\Biohub_CellTracking\experiments\exp_050_public_0944_tta_off\artifacts\tracking_repo/predictions/unknown/unet_transformer_val/split_0/44b6_c15fded2.geff/nodes/ids/c/0
Output file downloaded to E:\Project\Biohub_CellTracking\experiments\exp_050_public_0944_tta_off\artifacts\tracking_repo/predictions/unknown/unet_transformer_val/split_0/44b6_c15fded2.geff/nodes/ids/zarr.json
Output file downloaded to E:\Project\Biohub_CellTracking\experiments\exp_050_public_0944_tta_off\artifacts\tracking_repo/predictions/unknown/unet_transformer_val/split_0/44b6_c15fded2.geff/nodes/props/solution/values/c/0
Output file downloaded to E:\Project\Biohub_CellTracking\experiments\exp_050_public_0944_tta_off\artifacts\tracking_repo/predictions/unknown/unet_transformer_val/split_0/44b6_c15fded2.geff/nodes/props/solution/values/zarr.json
Output file downloaded to E:\Project\Biohub_CellTracking\experiments\exp_050_public_0944_tta_off\artifacts\tracking_repo/predictions/unknown/unet_transformer_val/split_0/44b6_c15fded2.geff/nodes/props/solution/zarr.json
Output file downloaded to E:\Project\Biohub_CellTracking\experiments\exp_050_public_0944_tta_off\artifacts\tracking_repo/predictions/unknown/unet_transformer_val/split_0/44b6_c15fded2.geff/nodes/props/t/values/c/0
Output file downloaded to E:\Project\Biohub_CellTracking\experiments\exp_050_public_0944_tta_off\artifacts\tracking_repo/predictions/unknown/unet_transformer_val/split_0/44b6_c15fded2.geff/nodes/props/t/values/zarr.json
Output file downloaded to E:\Project\Biohub_CellTracking\experiments\exp_050_public_0944_tta_off\artifacts\tracking_repo/predictions/unknown/unet_transformer_val/split_0/44b6_c15fded2.geff/nodes/props/t/zarr.json
Output file downloaded to E:\Project\Biohub_CellTracking\experiments\exp_050_public_0944_tta_off\artifacts\tracking_repo/predictions/unknown/unet_transformer_val/split_0/44b6_c15fded2.geff/nodes/props/x/values/c/0
Output file downloaded to E:\Project\Biohub_CellTracking\experiments\exp_050_public_0944_tta_off\artifacts\tracking_repo/predictions/unknown/unet_transformer_val/split_0/44b6_c15fded2.geff/nodes/props/x/values/zarr.json
Output file downloaded to E:\Project\Biohub_CellTracking\experiments\exp_050_public_0944_tta_off\artifacts\tracking_repo/predictions/unknown/unet_transformer_val/split_0/44b6_c15fded2.geff/nodes/props/x/zarr.json
Output file downloaded to E:\Project\Biohub_CellTracking\experiments\exp_050_public_0944_tta_off\artifacts\tracking_repo/predictions/unknown/unet_transformer_val/split_0/44b6_c15fded2.geff/nodes/props/y/values/c/0
Output file downloaded to E:\Project\Biohub_CellTracking\experiments\exp_050_public_0944_tta_off\artifacts\tracking_repo/predictions/unknown/unet_transformer_val/split_0/44b6_c15fded2.geff/nodes/props/y/values/zarr.json
Output file downloaded to E:\Project\Biohub_CellTracking\experiments\exp_050_public_0944_tta_off\artifacts\tracking_repo/predictions/unknown/unet_transformer_val/split_0/44b6_c15fded2.geff/nodes/props/y/zarr.json
Output file downloaded to E:\Project\Biohub_CellTracking\experiments\exp_050_public_0944_tta_off\artifacts\tracking_repo/predictions/unknown/unet_transformer_val/split_0/44b6_c15fded2.geff/nodes/props/z/values/c/0
Output file downloaded to E:\Project\Biohub_CellTracking\experiments\exp_050_public_0944_tta_off\artifacts\tracking_repo/predictions/unknown/unet_transformer_val/split_0/44b6_c15fded2.geff/nodes/props/z/values/zarr.json
Output file downloaded to E:\Project\Biohub_CellTracking\experiments\exp_050_public_0944_tta_off\artifacts\tracking_repo/predictions/unknown/unet_transformer_val/split_0/44b6_c15fded2.geff/nodes/props/z/zarr.json
Output file downloaded to E:\Project\Biohub_CellTracking\experiments\exp_050_public_0944_tta_off\artifacts\tracking_repo/predictions/unknown/unet_transformer_val/split_0/44b6_c15fded2.geff/nodes/props/zarr.json
Output file downloaded to E:\Project\Biohub_CellTracking\experiments\exp_050_public_0944_tta_off\artifacts\tracking_repo/predictions/unknown/unet_transformer_val/split_0/44b6_c15fded2.geff/nodes/zarr.json
Output file downloaded to E:\Project\Biohub_CellTracking\experiments\exp_050_public_0944_tta_off\artifacts\tracking_repo/predictions/unknown/unet_transformer_val/split_0/44b6_c15fded2.geff/zarr.json
Output file downloaded to E:\Project\Biohub_CellTracking\experiments\exp_050_public_0944_tta_off\artifacts\tracking_repo/predictions/unknown/unet_transformer_val/split_0/44b6_c50204e0.geff/edges/ids/c/0/0
Output file downloaded to E:\Project\Biohub_CellTracking\experiments\exp_050_public_0944_tta_off\artifacts\tracking_repo/predictions/unknown/unet_transformer_val/split_0/44b6_c50204e0.geff/edges/ids/zarr.json
Output file downloaded to E:\Project\Biohub_CellTracking\experiments\exp_050_public_0944_tta_off\artifacts\tracking_repo/predictions/unknown/unet_transformer_val/split_0/44b6_c50204e0.geff/edges/props/edge_dist/values/c/0
Output file downloaded to E:\Project\Biohub_CellTracking\experiments\exp_050_public_0944_tta_off\artifacts\tracking_repo/predictions/unknown/unet_transformer_val/split_0/44b6_c50204e0.geff/edges/props/edge_dist/values/zarr.json
Output file downloaded to E:\Project\Biohub_CellTracking\experiments\exp_050_public_0944_tta_off\artifacts\tracking_repo/predictions/unknown/unet_transformer_val/split_0/44b6_c50204e0.geff/edges/props/edge_dist/zarr.json
Output file downloaded to E:\Project\Biohub_CellTracking\experiments\exp_050_public_0944_tta_off\artifacts\tracking_repo/predictions/unknown/unet_transformer_val/split_0/44b6_c50204e0.geff/edges/props/edge_prob/values/c/0
Output file downloaded to E:\Project\Biohub_CellTracking\experiments\exp_050_public_0944_tta_off\artifacts\tracking_repo/predictions/unknown/unet_transformer_val/split_0/44b6_c50204e0.geff/edges/props/edge_prob/values/zarr.json
Output file downloaded to E:\Project\Biohub_CellTracking\experiments\exp_050_public_0944_tta_off\artifacts\tracking_repo/predictions/unknown/unet_transformer_val/split_0/44b6_c50204e0.geff/edges/props/edge_prob/zarr.json
Output file downloaded to E:\Project\Biohub_CellTracking\experiments\exp_050_public_0944_tta_off\artifacts\tracking_repo/predictions/unknown/unet_transformer_val/split_0/44b6_c50204e0.geff/edges/props/solution/values/c/0
Output file downloaded to E:\Project\Biohub_CellTracking\experiments\exp_050_public_0944_tta_off\artifacts\tracking_repo/predictions/unknown/unet_transformer_val/split_0/44b6_c50204e0.geff/edges/props/solution/values/zarr.json
Output file downloaded to E:\Project\Biohub_CellTracking\experiments\exp_050_public_0944_tta_off\artifacts\tracking_repo/predictions/unknown/unet_transformer_val/split_0/44b6_c50204e0.geff/edges/props/solution/zarr.json
Output file downloaded to E:\Project\Biohub_CellTracking\experiments\exp_050_public_0944_tta_off\artifacts\tracking_repo/predictions/unknown/unet_transformer_val/split_0/44b6_c50204e0.geff/edges/props/zarr.json
Output file downloaded to E:\Project\Biohub_CellTracking\experiments\exp_050_public_0944_tta_off\artifacts\tracking_repo/predictions/unknown/unet_transformer_val/split_0/44b6_c50204e0.geff/edges/zarr.json
Output file downloaded to E:\Project\Biohub_CellTracking\experiments\exp_050_public_0944_tta_off\artifacts\tracking_repo/predictions/unknown/unet_transformer_val/split_0/44b6_c50204e0.geff/nodes/ids/c/0
Output file downloaded to E:\Project\Biohub_CellTracking\experiments\exp_050_public_0944_tta_off\artifacts\tracking_repo/predictions/unknown/unet_transformer_val/split_0/44b6_c50204e0.geff/nodes/ids/zarr.json
Output file downloaded to E:\Project\Biohub_CellTracking\experiments\exp_050_public_0944_tta_off\artifacts\tracking_repo/predictions/unknown/unet_transformer_val/split_0/44b6_c50204e0.geff/nodes/props/solution/values/c/0
Output file downloaded to E:\Project\Biohub_CellTracking\experiments\exp_050_public_0944_tta_off\artifacts\tracking_repo/predictions/unknown/unet_transformer_val/split_0/44b6_c50204e0.geff/nodes/props/solution/values/zarr.json
Output file downloaded to E:\Project\Biohub_CellTracking\experiments\exp_050_public_0944_tta_off\artifacts\tracking_repo/predictions/unknown/unet_transformer_val/split_0/44b6_c50204e0.geff/nodes/props/solution/zarr.json
Output file downloaded to E:\Project\Biohub_CellTracking\experiments\exp_050_public_0944_tta_off\artifacts\tracking_repo/predictions/unknown/unet_transformer_val/split_0/44b6_c50204e0.geff/nodes/props/t/values/c/0
Output file downloaded to E:\Project\Biohub_CellTracking\experiments\exp_050_public_0944_tta_off\artifacts\tracking_repo/predictions/unknown/unet_transformer_val/split_0/44b6_c50204e0.geff/nodes/props/t/values/zarr.json
Output file downloaded to E:\Project\Biohub_CellTracking\experiments\exp_050_public_0944_tta_off\artifacts\tracking_repo/predictions/unknown/unet_transformer_val/split_0/44b6_c50204e0.geff/nodes/props/t/zarr.json
Output file downloaded to E:\Project\Biohub_CellTracking\experiments\exp_050_public_0944_tta_off\artifacts\tracking_repo/predictions/unknown/unet_transformer_val/split_0/44b6_c50204e0.geff/nodes/props/x/values/c/0
Output file downloaded to E:\Project\Biohub_CellTracking\experiments\exp_050_public_0944_tta_off\artifacts\tracking_repo/predictions/unknown/unet_transformer_val/split_0/44b6_c50204e0.geff/nodes/props/x/values/zarr.json
Output file downloaded to E:\Project\Biohub_CellTracking\experiments\exp_050_public_0944_tta_off\artifacts\tracking_repo/predictions/unknown/unet_transformer_val/split_0/44b6_c50204e0.geff/nodes/props/x/zarr.json
Output file downloaded to E:\Project\Biohub_CellTracking\experiments\exp_050_public_0944_tta_off\artifacts\tracking_repo/predictions/unknown/unet_transformer_val/split_0/44b6_c50204e0.geff/nodes/props/y/values/c/0
Output file downloaded to E:\Project\Biohub_CellTracking\experiments\exp_050_public_0944_tta_off\artifacts\tracking_repo/predictions/unknown/unet_transformer_val/split_0/44b6_c50204e0.geff/nodes/props/y/values/zarr.json
Output file downloaded to E:\Project\Biohub_CellTracking\experiments\exp_050_public_0944_tta_off\artifacts\tracking_repo/predictions/unknown/unet_transformer_val/split_0/44b6_c50204e0.geff/nodes/props/y/zarr.json
Output file downloaded to E:\Project\Biohub_CellTracking\experiments\exp_050_public_0944_tta_off\artifacts\tracking_repo/predictions/unknown/unet_transformer_val/split_0/44b6_c50204e0.geff/nodes/props/z/values/c/0
Output file downloaded to E:\Project\Biohub_CellTracking\experiments\exp_050_public_0944_tta_off\artifacts\tracking_repo/predictions/unknown/unet_transformer_val/split_0/44b6_c50204e0.geff/nodes/props/z/values/zarr.json
Output file downloaded to E:\Project\Biohub_CellTracking\experiments\exp_050_public_0944_tta_off\artifacts\tracking_repo/predictions/unknown/unet_transformer_val/split_0/44b6_c50204e0.geff/nodes/props/z/zarr.json
Output file downloaded to E:\Project\Biohub_CellTracking\experiments\exp_050_public_0944_tta_off\artifacts\tracking_repo/predictions/unknown/unet_transformer_val/split_0/44b6_c50204e0.geff/nodes/props/zarr.json
Output file downloaded to E:\Project\Biohub_CellTracking\experiments\exp_050_public_0944_tta_off\artifacts\tracking_repo/predictions/unknown/unet_transformer_val/split_0/44b6_c50204e0.geff/nodes/zarr.json
Output file downloaded to E:\Project\Biohub_CellTracking\experiments\exp_050_public_0944_tta_off\artifacts\tracking_repo/predictions/unknown/unet_transformer_val/split_0/44b6_c50204e0.geff/zarr.json
Output file downloaded to E:\Project\Biohub_CellTracking\experiments\exp_050_public_0944_tta_off\artifacts\tracking_repo/predictions/unknown/unet_transformer_val/split_0/6bba_0c7fa718.geff/edges/ids/c/0/0
Output file downloaded to E:\Project\Biohub_CellTracking\experiments\exp_050_public_0944_tta_off\artifacts\tracking_repo/predictions/unknown/unet_transformer_val/split_0/6bba_0c7fa718.geff/edges/ids/zarr.json
Output file downloaded to E:\Project\Biohub_CellTracking\experiments\exp_050_public_0944_tta_off\artifacts\tracking_repo/predictions/unknown/unet_transformer_val/split_0/6bba_0c7fa718.geff/edges/props/edge_dist/values/c/0
Output file downloaded to E:\Project\Biohub_CellTracking\experiments\exp_050_public_0944_tta_off\artifacts\tracking_repo/predictions/unknown/unet_transformer_val/split_0/6bba_0c7fa718.geff/edges/props/edge_dist/values/zarr.json
Output file downloaded to E:\Project\Biohub_CellTracking\experiments\exp_050_public_0944_tta_off\artifacts\tracking_repo/predictions/unknown/unet_transformer_val/split_0/6bba_0c7fa718.geff/edges/props/edge_dist/zarr.json
Output file downloaded to E:\Project\Biohub_CellTracking\experiments\exp_050_public_0944_tta_off\artifacts\tracking_repo/predictions/unknown/unet_transformer_val/split_0/6bba_0c7fa718.geff/edges/props/edge_prob/values/c/0
Output file downloaded to E:\Project\Biohub_CellTracking\experiments\exp_050_public_0944_tta_off\artifacts\tracking_repo/predictions/unknown/unet_transformer_val/split_0/6bba_0c7fa718.geff/edges/props/edge_prob/values/zarr.json
Output file downloaded to E:\Project\Biohub_CellTracking\experiments\exp_050_public_0944_tta_off\artifacts\tracking_repo/predictions/unknown/unet_transformer_val/split_0/6bba_0c7fa718.geff/edges/props/edge_prob/zarr.json
Output file downloaded to E:\Project\Biohub_CellTracking\experiments\exp_050_public_0944_tta_off\artifacts\tracking_repo/predictions/unknown/unet_transformer_val/split_0/6bba_0c7fa718.geff/edges/props/solution/values/c/0
Output file downloaded to E:\Project\Biohub_CellTracking\experiments\exp_050_public_0944_tta_off\artifacts\tracking_repo/predictions/unknown/unet_transformer_val/split_0/6bba_0c7fa718.geff/edges/props/solution/values/zarr.json
Output file downloaded to E:\Project\Biohub_CellTracking\experiments\exp_050_public_0944_tta_off\artifacts\tracking_repo/predictions/unknown/unet_transformer_val/split_0/6bba_0c7fa718.geff/edges/props/solution/zarr.json
Output file downloaded to E:\Project\Biohub_CellTracking\experiments\exp_050_public_0944_tta_off\artifacts\tracking_repo/predictions/unknown/unet_transformer_val/split_0/6bba_0c7fa718.geff/edges/props/zarr.json
Output file downloaded to E:\Project\Biohub_CellTracking\experiments\exp_050_public_0944_tta_off\artifacts\tracking_repo/predictions/unknown/unet_transformer_val/split_0/6bba_0c7fa718.geff/edges/zarr.json
Output file downloaded to E:\Project\Biohub_CellTracking\experiments\exp_050_public_0944_tta_off\artifacts\tracking_repo/predictions/unknown/unet_transformer_val/split_0/6bba_0c7fa718.geff/nodes/ids/c/0
Output file downloaded to E:\Project\Biohub_CellTracking\experiments\exp_050_public_0944_tta_off\artifacts\tracking_repo/predictions/unknown/unet_transformer_val/split_0/6bba_0c7fa718.geff/nodes/ids/zarr.json
Output file downloaded to E:\Project\Biohub_CellTracking\experiments\exp_050_public_0944_tta_off\artifacts\tracking_repo/predictions/unknown/unet_transformer_val/split_0/6bba_0c7fa718.geff/nodes/props/solution/values/c/0
Output file downloaded to E:\Project\Biohub_CellTracking\experiments\exp_050_public_0944_tta_off\artifacts\tracking_repo/predictions/unknown/unet_transformer_val/split_0/6bba_0c7fa718.geff/nodes/props/solution/values/zarr.json
Output file downloaded to E:\Project\Biohub_CellTracking\experiments\exp_050_public_0944_tta_off\artifacts\tracking_repo/predictions/unknown/unet_transformer_val/split_0/6bba_0c7fa718.geff/nodes/props/solution/zarr.json
Output file downloaded to E:\Project\Biohub_CellTracking\experiments\exp_050_public_0944_tta_off\artifacts\tracking_repo/predictions/unknown/unet_transformer_val/split_0/6bba_0c7fa718.geff/nodes/props/t/values/c/0
Output file downloaded to E:\Project\Biohub_CellTracking\experiments\exp_050_public_0944_tta_off\artifacts\tracking_repo/predictions/unknown/unet_transformer_val/split_0/6bba_0c7fa718.geff/nodes/props/t/values/zarr.json
Output file downloaded to E:\Project\Biohub_CellTracking\experiments\exp_050_public_0944_tta_off\artifacts\tracking_repo/predictions/unknown/unet_transformer_val/split_0/6bba_0c7fa718.geff/nodes/props/t/zarr.json
Output file downloaded to E:\Project\Biohub_CellTracking\experiments\exp_050_public_0944_tta_off\artifacts\tracking_repo/predictions/unknown/unet_transformer_val/split_0/6bba_0c7fa718.geff/nodes/props/x/values/c/0
Output file downloaded to E:\Project\Biohub_CellTracking\experiments\exp_050_public_0944_tta_off\artifacts\tracking_repo/predictions/unknown/unet_transformer_val/split_0/6bba_0c7fa718.geff/nodes/props/x/values/zarr.json
Output file downloaded to E:\Project\Biohub_CellTracking\experiments\exp_050_public_0944_tta_off\artifacts\tracking_repo/predictions/unknown/unet_transformer_val/split_0/6bba_0c7fa718.geff/nodes/props/x/zarr.json
Output file downloaded to E:\Project\Biohub_CellTracking\experiments\exp_050_public_0944_tta_off\artifacts\tracking_repo/predictions/unknown/unet_transformer_val/split_0/6bba_0c7fa718.geff/nodes/props/y/values/c/0
Output file downloaded to E:\Project\Biohub_CellTracking\experiments\exp_050_public_0944_tta_off\artifacts\tracking_repo/predictions/unknown/unet_transformer_val/split_0/6bba_0c7fa718.geff/nodes/props/y/values/zarr.json
Output file downloaded to E:\Project\Biohub_CellTracking\experiments\exp_050_public_0944_tta_off\artifacts\tracking_repo/predictions/unknown/unet_transformer_val/split_0/6bba_0c7fa718.geff/nodes/props/y/zarr.json
Output file downloaded to E:\Project\Biohub_CellTracking\experiments\exp_050_public_0944_tta_off\artifacts\tracking_repo/predictions/unknown/unet_transformer_val/split_0/6bba_0c7fa718.geff/nodes/props/z/values/c/0
Output file downloaded to E:\Project\Biohub_CellTracking\experiments\exp_050_public_0944_tta_off\artifacts\tracking_repo/predictions/unknown/unet_transformer_val/split_0/6bba_0c7fa718.geff/nodes/props/z/values/zarr.json
Output file downloaded to E:\Project\Biohub_CellTracking\experiments\exp_050_public_0944_tta_off\artifacts\tracking_repo/predictions/unknown/unet_transformer_val/split_0/6bba_0c7fa718.geff/nodes/props/z/zarr.json
Output file downloaded to E:\Project\Biohub_CellTracking\experiments\exp_050_public_0944_tta_off\artifacts\tracking_repo/predictions/unknown/unet_transformer_val/split_0/6bba_0c7fa718.geff/nodes/props/zarr.json
Output file downloaded to E:\Project\Biohub_CellTracking\experiments\exp_050_public_0944_tta_off\artifacts\tracking_repo/predictions/unknown/unet_transformer_val/split_0/6bba_0c7fa718.geff/nodes/zarr.json
Output file downloaded to E:\Project\Biohub_CellTracking\experiments\exp_050_public_0944_tta_off\artifacts\tracking_repo/predictions/unknown/unet_transformer_val/split_0/6bba_0c7fa718.geff/zarr.json
Output file downloaded to E:\Project\Biohub_CellTracking\experiments\exp_050_public_0944_tta_off\artifacts\tracking_repo/predictions/unknown/unet_transformer_val/split_0/6bba_283bf9f1.geff/edges/ids/c/0/0
Output file downloaded to E:\Project\Biohub_CellTracking\experiments\exp_050_public_0944_tta_off\artifacts\tracking_repo/predictions/unknown/unet_transformer_val/split_0/6bba_283bf9f1.geff/edges/ids/zarr.json
Output file downloaded to E:\Project\Biohub_CellTracking\experiments\exp_050_public_0944_tta_off\artifacts\tracking_repo/predictions/unknown/unet_transformer_val/split_0/6bba_283bf9f1.geff/edges/props/edge_dist/values/c/0
Output file downloaded to E:\Project\Biohub_CellTracking\experiments\exp_050_public_0944_tta_off\artifacts\tracking_repo/predictions/unknown/unet_transformer_val/split_0/6bba_283bf9f1.geff/edges/props/edge_dist/values/zarr.json
Output file downloaded to E:\Project\Biohub_CellTracking\experiments\exp_050_public_0944_tta_off\artifacts\tracking_repo/predictions/unknown/unet_transformer_val/split_0/6bba_283bf9f1.geff/edges/props/edge_dist/zarr.json
Output file downloaded to E:\Project\Biohub_CellTracking\experiments\exp_050_public_0944_tta_off\artifacts\tracking_repo/predictions/unknown/unet_transformer_val/split_0/6bba_283bf9f1.geff/edges/props/edge_prob/values/c/0
Output file downloaded to E:\Project\Biohub_CellTracking\experiments\exp_050_public_0944_tta_off\artifacts\tracking_repo/predictions/unknown/unet_transformer_val/split_0/6bba_283bf9f1.geff/edges/props/edge_prob/values/zarr.json
Output file downloaded to E:\Project\Biohub_CellTracking\experiments\exp_050_public_0944_tta_off\artifacts\tracking_repo/predictions/unknown/unet_transformer_val/split_0/6bba_283bf9f1.geff/edges/props/edge_prob/zarr.json
Output file downloaded to E:\Project\Biohub_CellTracking\experiments\exp_050_public_0944_tta_off\artifacts\tracking_repo/predictions/unknown/unet_transformer_val/split_0/6bba_283bf9f1.geff/edges/props/solution/values/c/0
Output file downloaded to E:\Project\Biohub_CellTracking\experiments\exp_050_public_0944_tta_off\artifacts\tracking_repo/predictions/unknown/unet_transformer_val/split_0/6bba_283bf9f1.geff/edges/props/solution/values/zarr.json
Output file downloaded to E:\Project\Biohub_CellTracking\experiments\exp_050_public_0944_tta_off\artifacts\tracking_repo/predictions/unknown/unet_transformer_val/split_0/6bba_283bf9f1.geff/edges/props/solution/zarr.json
Output file downloaded to E:\Project\Biohub_CellTracking\experiments\exp_050_public_0944_tta_off\artifacts\tracking_repo/predictions/unknown/unet_transformer_val/split_0/6bba_283bf9f1.geff/edges/props/zarr.json
Output file downloaded to E:\Project\Biohub_CellTracking\experiments\exp_050_public_0944_tta_off\artifacts\tracking_repo/predictions/unknown/unet_transformer_val/split_0/6bba_283bf9f1.geff/edges/zarr.json
Output file downloaded to E:\Project\Biohub_CellTracking\experiments\exp_050_public_0944_tta_off\artifacts\tracking_repo/predictions/unknown/unet_transformer_val/split_0/6bba_283bf9f1.geff/nodes/ids/c/0
Output file downloaded to E:\Project\Biohub_CellTracking\experiments\exp_050_public_0944_tta_off\artifacts\tracking_repo/predictions/unknown/unet_transformer_val/split_0/6bba_283bf9f1.geff/nodes/ids/zarr.json
Output file downloaded to E:\Project\Biohub_CellTracking\experiments\exp_050_public_0944_tta_off\artifacts\tracking_repo/predictions/unknown/unet_transformer_val/split_0/6bba_283bf9f1.geff/nodes/props/solution/values/c/0
Output file downloaded to E:\Project\Biohub_CellTracking\experiments\exp_050_public_0944_tta_off\artifacts\tracking_repo/predictions/unknown/unet_transformer_val/split_0/6bba_283bf9f1.geff/nodes/props/solution/values/zarr.json
Output file downloaded to E:\Project\Biohub_CellTracking\experiments\exp_050_public_0944_tta_off\artifacts\tracking_repo/predictions/unknown/unet_transformer_val/split_0/6bba_283bf9f1.geff/nodes/props/solution/zarr.json
Output file downloaded to E:\Project\Biohub_CellTracking\experiments\exp_050_public_0944_tta_off\artifacts\tracking_repo/predictions/unknown/unet_transformer_val/split_0/6bba_283bf9f1.geff/nodes/props/t/values/c/0
Output file downloaded to E:\Project\Biohub_CellTracking\experiments\exp_050_public_0944_tta_off\artifacts\tracking_repo/predictions/unknown/unet_transformer_val/split_0/6bba_283bf9f1.geff/nodes/props/t/values/zarr.json
Output file downloaded to E:\Project\Biohub_CellTracking\experiments\exp_050_public_0944_tta_off\artifacts\tracking_repo/predictions/unknown/unet_transformer_val/split_0/6bba_283bf9f1.geff/nodes/props/t/zarr.json
Output file downloaded to E:\Project\Biohub_CellTracking\experiments\exp_050_public_0944_tta_off\artifacts\tracking_repo/predictions/unknown/unet_transformer_val/split_0/6bba_283bf9f1.geff/nodes/props/x/values/c/0
Output file downloaded to E:\Project\Biohub_CellTracking\experiments\exp_050_public_0944_tta_off\artifacts\tracking_repo/predictions/unknown/unet_transformer_val/split_0/6bba_283bf9f1.geff/nodes/props/x/values/zarr.json
Output file downloaded to E:\Project\Biohub_CellTracking\experiments\exp_050_public_0944_tta_off\artifacts\tracking_repo/predictions/unknown/unet_transformer_val/split_0/6bba_283bf9f1.geff/nodes/props/x/zarr.json
Output file downloaded to E:\Project\Biohub_CellTracking\experiments\exp_050_public_0944_tta_off\artifacts\tracking_repo/predictions/unknown/unet_transformer_val/split_0/6bba_283bf9f1.geff/nodes/props/y/values/c/0
Output file downloaded to E:\Project\Biohub_CellTracking\experiments\exp_050_public_0944_tta_off\artifacts\tracking_repo/predictions/unknown/unet_transformer_val/split_0/6bba_283bf9f1.geff/nodes/props/y/values/zarr.json
Output file downloaded to E:\Project\Biohub_CellTracking\experiments\exp_050_public_0944_tta_off\artifacts\tracking_repo/predictions/unknown/unet_transformer_val/split_0/6bba_283bf9f1.geff/nodes/props/y/zarr.json
Output file downloaded to E:\Project\Biohub_CellTracking\experiments\exp_050_public_0944_tta_off\artifacts\tracking_repo/predictions/unknown/unet_transformer_val/split_0/6bba_283bf9f1.geff/nodes/props/z/values/c/0
Output file downloaded to E:\Project\Biohub_CellTracking\experiments\exp_050_public_0944_tta_off\artifacts\tracking_repo/predictions/unknown/unet_transformer_val/split_0/6bba_283bf9f1.geff/nodes/props/z/values/zarr.json
Output file downloaded to E:\Project\Biohub_CellTracking\experiments\exp_050_public_0944_tta_off\artifacts\tracking_repo/predictions/unknown/unet_transformer_val/split_0/6bba_283bf9f1.geff/nodes/props/z/zarr.json
Output file downloaded to E:\Project\Biohub_CellTracking\experiments\exp_050_public_0944_tta_off\artifacts\tracking_repo/predictions/unknown/unet_transformer_val/split_0/6bba_283bf9f1.geff/nodes/props/zarr.json
Output file downloaded to E:\Project\Biohub_CellTracking\experiments\exp_050_public_0944_tta_off\artifacts\tracking_repo/predictions/unknown/unet_transformer_val/split_0/6bba_283bf9f1.geff/nodes/zarr.json
Output file downloaded to E:\Project\Biohub_CellTracking\experiments\exp_050_public_0944_tta_off\artifacts\tracking_repo/predictions/unknown/unet_transformer_val/split_0/6bba_283bf9f1.geff/zarr.json
Output file downloaded to E:\Project\Biohub_CellTracking\experiments\exp_050_public_0944_tta_off\artifacts\tracking_repo/predictions/unknown/unet_transformer_val/split_0/6bba_337b1b3a.geff/edges/ids/c/0/0
Output file downloaded to E:\Project\Biohub_CellTracking\experiments\exp_050_public_0944_tta_off\artifacts\tracking_repo/predictions/unknown/unet_transformer_val/split_0/6bba_337b1b3a.geff/edges/ids/zarr.json
Output file downloaded to E:\Project\Biohub_CellTracking\experiments\exp_050_public_0944_tta_off\artifacts\tracking_repo/predictions/unknown/unet_transformer_val/split_0/6bba_337b1b3a.geff/edges/props/edge_dist/values/c/0
Output file downloaded to E:\Project\Biohub_CellTracking\experiments\exp_050_public_0944_tta_off\artifacts\tracking_repo/predictions/unknown/unet_transformer_val/split_0/6bba_337b1b3a.geff/edges/props/edge_dist/values/zarr.json
Output file downloaded to E:\Project\Biohub_CellTracking\experiments\exp_050_public_0944_tta_off\artifacts\tracking_repo/predictions/unknown/unet_transformer_val/split_0/6bba_337b1b3a.geff/edges/props/edge_dist/zarr.json
Output file downloaded to E:\Project\Biohub_CellTracking\experiments\exp_050_public_0944_tta_off\artifacts\tracking_repo/predictions/unknown/unet_transformer_val/split_0/6bba_337b1b3a.geff/edges/props/edge_prob/values/c/0
Output file downloaded to E:\Project\Biohub_CellTracking\experiments\exp_050_public_0944_tta_off\artifacts\tracking_repo/predictions/unknown/unet_transformer_val/split_0/6bba_337b1b3a.geff/edges/props/edge_prob/values/zarr.json
Output file downloaded to E:\Project\Biohub_CellTracking\experiments\exp_050_public_0944_tta_off\artifacts\tracking_repo/predictions/unknown/unet_transformer_val/split_0/6bba_337b1b3a.geff/edges/props/edge_prob/zarr.json
Output file downloaded to E:\Project\Biohub_CellTracking\experiments\exp_050_public_0944_tta_off\artifacts\tracking_repo/predictions/unknown/unet_transformer_val/split_0/6bba_337b1b3a.geff/edges/props/solution/values/c/0
Output file downloaded to E:\Project\Biohub_CellTracking\experiments\exp_050_public_0944_tta_off\artifacts\tracking_repo/predictions/unknown/unet_transformer_val/split_0/6bba_337b1b3a.geff/edges/props/solution/values/zarr.json
Output file downloaded to E:\Project\Biohub_CellTracking\experiments\exp_050_public_0944_tta_off\artifacts\tracking_repo/predictions/unknown/unet_transformer_val/split_0/6bba_337b1b3a.geff/edges/props/solution/zarr.json
Output file downloaded to E:\Project\Biohub_CellTracking\experiments\exp_050_public_0944_tta_off\artifacts\tracking_repo/predictions/unknown/unet_transformer_val/split_0/6bba_337b1b3a.geff/edges/props/zarr.json
Output file downloaded to E:\Project\Biohub_CellTracking\experiments\exp_050_public_0944_tta_off\artifacts\tracking_repo/predictions/unknown/unet_transformer_val/split_0/6bba_337b1b3a.geff/edges/zarr.json
Output file downloaded to E:\Project\Biohub_CellTracking\experiments\exp_050_public_0944_tta_off\artifacts\tracking_repo/predictions/unknown/unet_transformer_val/split_0/6bba_337b1b3a.geff/nodes/ids/c/0
Output file downloaded to E:\Project\Biohub_CellTracking\experiments\exp_050_public_0944_tta_off\artifacts\tracking_repo/predictions/unknown/unet_transformer_val/split_0/6bba_337b1b3a.geff/nodes/ids/zarr.json
Output file downloaded to E:\Project\Biohub_CellTracking\experiments\exp_050_public_0944_tta_off\artifacts\tracking_repo/predictions/unknown/unet_transformer_val/split_0/6bba_337b1b3a.geff/nodes/props/solution/values/c/0
Output file downloaded to E:\Project\Biohub_CellTracking\experiments\exp_050_public_0944_tta_off\artifacts\tracking_repo/predictions/unknown/unet_transformer_val/split_0/6bba_337b1b3a.geff/nodes/props/solution/values/zarr.json
Output file downloaded to E:\Project\Biohub_CellTracking\experiments\exp_050_public_0944_tta_off\artifacts\tracking_repo/predictions/unknown/unet_transformer_val/split_0/6bba_337b1b3a.geff/nodes/props/solution/zarr.json
Output file downloaded to E:\Project\Biohub_CellTracking\experiments\exp_050_public_0944_tta_off\artifacts\tracking_repo/predictions/unknown/unet_transformer_val/split_0/6bba_337b1b3a.geff/nodes/props/t/values/c/0
Output file downloaded to E:\Project\Biohub_CellTracking\experiments\exp_050_public_0944_tta_off\artifacts\tracking_repo/predictions/unknown/unet_transformer_val/split_0/6bba_337b1b3a.geff/nodes/props/t/values/zarr.json
Output file downloaded to E:\Project\Biohub_CellTracking\experiments\exp_050_public_0944_tta_off\artifacts\tracking_repo/predictions/unknown/unet_transformer_val/split_0/6bba_337b1b3a.geff/nodes/props/t/zarr.json
Output file downloaded to E:\Project\Biohub_CellTracking\experiments\exp_050_public_0944_tta_off\artifacts\tracking_repo/predictions/unknown/unet_transformer_val/split_0/6bba_337b1b3a.geff/nodes/props/x/values/c/0
Output file downloaded to E:\Project\Biohub_CellTracking\experiments\exp_050_public_0944_tta_off\artifacts\tracking_repo/predictions/unknown/unet_transformer_val/split_0/6bba_337b1b3a.geff/nodes/props/x/values/zarr.json
Output file downloaded to E:\Project\Biohub_CellTracking\experiments\exp_050_public_0944_tta_off\artifacts\tracking_repo/predictions/unknown/unet_transformer_val/split_0/6bba_337b1b3a.geff/nodes/props/x/zarr.json
Output file downloaded to E:\Project\Biohub_CellTracking\experiments\exp_050_public_0944_tta_off\artifacts\tracking_repo/predictions/unknown/unet_transformer_val/split_0/6bba_337b1b3a.geff/nodes/props/y/values/c/0
Output file downloaded to E:\Project\Biohub_CellTracking\experiments\exp_050_public_0944_tta_off\artifacts\tracking_repo/predictions/unknown/unet_transformer_val/split_0/6bba_337b1b3a.geff/nodes/props/y/values/zarr.json
Output file downloaded to E:\Project\Biohub_CellTracking\experiments\exp_050_public_0944_tta_off\artifacts\tracking_repo/predictions/unknown/unet_transformer_val/split_0/6bba_337b1b3a.geff/nodes/props/y/zarr.json
Output file downloaded to E:\Project\Biohub_CellTracking\experiments\exp_050_public_0944_tta_off\artifacts\tracking_repo/predictions/unknown/unet_transformer_val/split_0/6bba_337b1b3a.geff/nodes/props/z/values/c/0
Output file downloaded to E:\Project\Biohub_CellTracking\experiments\exp_050_public_0944_tta_off\artifacts\tracking_repo/predictions/unknown/unet_transformer_val/split_0/6bba_337b1b3a.geff/nodes/props/z/values/zarr.json
Output file downloaded to E:\Project\Biohub_CellTracking\experiments\exp_050_public_0944_tta_off\artifacts\tracking_repo/predictions/unknown/unet_transformer_val/split_0/6bba_337b1b3a.geff/nodes/props/z/zarr.json
Output file downloaded to E:\Project\Biohub_CellTracking\experiments\exp_050_public_0944_tta_off\artifacts\tracking_repo/predictions/unknown/unet_transformer_val/split_0/6bba_337b1b3a.geff/nodes/props/zarr.json
Output file downloaded to E:\Project\Biohub_CellTracking\experiments\exp_050_public_0944_tta_off\artifacts\tracking_repo/predictions/unknown/unet_transformer_val/split_0/6bba_337b1b3a.geff/nodes/zarr.json
Output file downloaded to E:\Project\Biohub_CellTracking\experiments\exp_050_public_0944_tta_off\artifacts\tracking_repo/predictions/unknown/unet_transformer_val/split_0/6bba_337b1b3a.geff/zarr.json
Output file downloaded to E:\Project\Biohub_CellTracking\experiments\exp_050_public_0944_tta_off\artifacts\tracking_repo/predictions/unknown/unet_transformer_val/split_0/6bba_372c8cb8.geff/edges/ids/c/0/0
Output file downloaded to E:\Project\Biohub_CellTracking\experiments\exp_050_public_0944_tta_off\artifacts\tracking_repo/predictions/unknown/unet_transformer_val/split_0/6bba_372c8cb8.geff/edges/ids/zarr.json
Output file downloaded to E:\Project\Biohub_CellTracking\experiments\exp_050_public_0944_tta_off\artifacts\tracking_repo/predictions/unknown/unet_transformer_val/split_0/6bba_372c8cb8.geff/edges/props/edge_dist/values/c/0
Output file downloaded to E:\Project\Biohub_CellTracking\experiments\exp_050_public_0944_tta_off\artifacts\tracking_repo/predictions/unknown/unet_transformer_val/split_0/6bba_372c8cb8.geff/edges/props/edge_dist/values/zarr.json
Output file downloaded to E:\Project\Biohub_CellTracking\experiments\exp_050_public_0944_tta_off\artifacts\tracking_repo/predictions/unknown/unet_transformer_val/split_0/6bba_372c8cb8.geff/edges/props/edge_dist/zarr.json
Output file downloaded to E:\Project\Biohub_CellTracking\experiments\exp_050_public_0944_tta_off\artifacts\tracking_repo/predictions/unknown/unet_transformer_val/split_0/6bba_372c8cb8.geff/edges/props/edge_prob/values/c/0
Output file downloaded to E:\Project\Biohub_CellTracking\experiments\exp_050_public_0944_tta_off\artifacts\tracking_repo/predictions/unknown/unet_transformer_val/split_0/6bba_372c8cb8.geff/edges/props/edge_prob/values/zarr.json
Output file downloaded to E:\Project\Biohub_CellTracking\experiments\exp_050_public_0944_tta_off\artifacts\tracking_repo/predictions/unknown/unet_transformer_val/split_0/6bba_372c8cb8.geff/edges/props/edge_prob/zarr.json
Output file downloaded to E:\Project\Biohub_CellTracking\experiments\exp_050_public_0944_tta_off\artifacts\tracking_repo/predictions/unknown/unet_transformer_val/split_0/6bba_372c8cb8.geff/edges/props/solution/values/c/0
Output file downloaded to E:\Project\Biohub_CellTracking\experiments\exp_050_public_0944_tta_off\artifacts\tracking_repo/predictions/unknown/unet_transformer_val/split_0/6bba_372c8cb8.geff/edges/props/solution/values/zarr.json
Output file downloaded to E:\Project\Biohub_CellTracking\experiments\exp_050_public_0944_tta_off\artifacts\tracking_repo/predictions/unknown/unet_transformer_val/split_0/6bba_372c8cb8.geff/edges/props/solution/zarr.json
Output file downloaded to E:\Project\Biohub_CellTracking\experiments\exp_050_public_0944_tta_off\artifacts\tracking_repo/predictions/unknown/unet_transformer_val/split_0/6bba_372c8cb8.geff/edges/props/zarr.json
Output file downloaded to E:\Project\Biohub_CellTracking\experiments\exp_050_public_0944_tta_off\artifacts\tracking_repo/predictions/unknown/unet_transformer_val/split_0/6bba_372c8cb8.geff/edges/zarr.json
Output file downloaded to E:\Project\Biohub_CellTracking\experiments\exp_050_public_0944_tta_off\artifacts\tracking_repo/predictions/unknown/unet_transformer_val/split_0/6bba_372c8cb8.geff/nodes/ids/c/0
Output file downloaded to E:\Project\Biohub_CellTracking\experiments\exp_050_public_0944_tta_off\artifacts\tracking_repo/predictions/unknown/unet_transformer_val/split_0/6bba_372c8cb8.geff/nodes/ids/zarr.json
Output file downloaded to E:\Project\Biohub_CellTracking\experiments\exp_050_public_0944_tta_off\artifacts\tracking_repo/predictions/unknown/unet_transformer_val/split_0/6bba_372c8cb8.geff/nodes/props/solution/values/c/0
Output file downloaded to E:\Project\Biohub_CellTracking\experiments\exp_050_public_0944_tta_off\artifacts\tracking_repo/predictions/unknown/unet_transformer_val/split_0/6bba_372c8cb8.geff/nodes/props/solution/values/zarr.json
Output file downloaded to E:\Project\Biohub_CellTracking\experiments\exp_050_public_0944_tta_off\artifacts\tracking_repo/predictions/unknown/unet_transformer_val/split_0/6bba_372c8cb8.geff/nodes/props/solution/zarr.json
Output file downloaded to E:\Project\Biohub_CellTracking\experiments\exp_050_public_0944_tta_off\artifacts\tracking_repo/predictions/unknown/unet_transformer_val/split_0/6bba_372c8cb8.geff/nodes/props/t/values/c/0
Output file downloaded to E:\Project\Biohub_CellTracking\experiments\exp_050_public_0944_tta_off\artifacts\tracking_repo/predictions/unknown/unet_transformer_val/split_0/6bba_372c8cb8.geff/nodes/props/t/values/zarr.json
Output file downloaded to E:\Project\Biohub_CellTracking\experiments\exp_050_public_0944_tta_off\artifacts\tracking_repo/predictions/unknown/unet_transformer_val/split_0/6bba_372c8cb8.geff/nodes/props/t/zarr.json
Output file downloaded to E:\Project\Biohub_CellTracking\experiments\exp_050_public_0944_tta_off\artifacts\tracking_repo/predictions/unknown/unet_transformer_val/split_0/6bba_372c8cb8.geff/nodes/props/x/values/c/0
Output file downloaded to E:\Project\Biohub_CellTracking\experiments\exp_050_public_0944_tta_off\artifacts\tracking_repo/predictions/unknown/unet_transformer_val/split_0/6bba_372c8cb8.geff/nodes/props/x/values/zarr.json
Output file downloaded to E:\Project\Biohub_CellTracking\experiments\exp_050_public_0944_tta_off\artifacts\tracking_repo/predictions/unknown/unet_transformer_val/split_0/6bba_372c8cb8.geff/nodes/props/x/zarr.json
Output file downloaded to E:\Project\Biohub_CellTracking\experiments\exp_050_public_0944_tta_off\artifacts\tracking_repo/predictions/unknown/unet_transformer_val/split_0/6bba_372c8cb8.geff/nodes/props/y/values/c/0
Output file downloaded to E:\Project\Biohub_CellTracking\experiments\exp_050_public_0944_tta_off\artifacts\tracking_repo/predictions/unknown/unet_transformer_val/split_0/6bba_372c8cb8.geff/nodes/props/y/values/zarr.json
Output file downloaded to E:\Project\Biohub_CellTracking\experiments\exp_050_public_0944_tta_off\artifacts\tracking_repo/predictions/unknown/unet_transformer_val/split_0/6bba_372c8cb8.geff/nodes/props/y/zarr.json
Output file downloaded to E:\Project\Biohub_CellTracking\experiments\exp_050_public_0944_tta_off\artifacts\tracking_repo/predictions/unknown/unet_transformer_val/split_0/6bba_372c8cb8.geff/nodes/props/z/values/c/0
Output file downloaded to E:\Project\Biohub_CellTracking\experiments\exp_050_public_0944_tta_off\artifacts\tracking_repo/predictions/unknown/unet_transformer_val/split_0/6bba_372c8cb8.geff/nodes/props/z/values/zarr.json
Output file downloaded to E:\Project\Biohub_CellTracking\experiments\exp_050_public_0944_tta_off\artifacts\tracking_repo/predictions/unknown/unet_transformer_val/split_0/6bba_372c8cb8.geff/nodes/props/z/zarr.json
Output file downloaded to E:\Project\Biohub_CellTracking\experiments\exp_050_public_0944_tta_off\artifacts\tracking_repo/predictions/unknown/unet_transformer_val/split_0/6bba_372c8cb8.geff/nodes/props/zarr.json
Output file downloaded to E:\Project\Biohub_CellTracking\experiments\exp_050_public_0944_tta_off\artifacts\tracking_repo/predictions/unknown/unet_transformer_val/split_0/6bba_372c8cb8.geff/nodes/zarr.json
Output file downloaded to E:\Project\Biohub_CellTracking\experiments\exp_050_public_0944_tta_off\artifacts\tracking_repo/predictions/unknown/unet_transformer_val/split_0/6bba_372c8cb8.geff/zarr.json
Output file downloaded to E:\Project\Biohub_CellTracking\experiments\exp_050_public_0944_tta_off\artifacts\tracking_repo/predictions/unknown/unet_transformer_val/split_0/6bba_55c70843.geff/edges/ids/c/0/0
Output file downloaded to E:\Project\Biohub_CellTracking\experiments\exp_050_public_0944_tta_off\artifacts\tracking_repo/predictions/unknown/unet_transformer_val/split_0/6bba_55c70843.geff/edges/ids/zarr.json
Output file downloaded to E:\Project\Biohub_CellTracking\experiments\exp_050_public_0944_tta_off\artifacts\tracking_repo/predictions/unknown/unet_transformer_val/split_0/6bba_55c70843.geff/edges/props/edge_dist/values/c/0
Output file downloaded to E:\Project\Biohub_CellTracking\experiments\exp_050_public_0944_tta_off\artifacts\tracking_repo/predictions/unknown/unet_transformer_val/split_0/6bba_55c70843.geff/edges/props/edge_dist/values/zarr.json
Output file downloaded to E:\Project\Biohub_CellTracking\experiments\exp_050_public_0944_tta_off\artifacts\tracking_repo/predictions/unknown/unet_transformer_val/split_0/6bba_55c70843.geff/edges/props/edge_dist/zarr.json
Output file downloaded to E:\Project\Biohub_CellTracking\experiments\exp_050_public_0944_tta_off\artifacts\tracking_repo/predictions/unknown/unet_transformer_val/split_0/6bba_55c70843.geff/edges/props/edge_prob/values/c/0
Output file downloaded to E:\Project\Biohub_CellTracking\experiments\exp_050_public_0944_tta_off\artifacts\tracking_repo/predictions/unknown/unet_transformer_val/split_0/6bba_55c70843.geff/edges/props/edge_prob/values/zarr.json
Output file downloaded to E:\Project\Biohub_CellTracking\experiments\exp_050_public_0944_tta_off\artifacts\tracking_repo/predictions/unknown/unet_transformer_val/split_0/6bba_55c70843.geff/edges/props/edge_prob/zarr.json
Output file downloaded to E:\Project\Biohub_CellTracking\experiments\exp_050_public_0944_tta_off\artifacts\tracking_repo/predictions/unknown/unet_transformer_val/split_0/6bba_55c70843.geff/edges/props/solution/values/c/0
Output file downloaded to E:\Project\Biohub_CellTracking\experiments\exp_050_public_0944_tta_off\artifacts\tracking_repo/predictions/unknown/unet_transformer_val/split_0/6bba_55c70843.geff/edges/props/solution/values/zarr.json
Output file downloaded to E:\Project\Biohub_CellTracking\experiments\exp_050_public_0944_tta_off\artifacts\tracking_repo/predictions/unknown/unet_transformer_val/split_0/6bba_55c70843.geff/edges/props/solution/zarr.json
Output file downloaded to E:\Project\Biohub_CellTracking\experiments\exp_050_public_0944_tta_off\artifacts\tracking_repo/predictions/unknown/unet_transformer_val/split_0/6bba_55c70843.geff/edges/props/zarr.json
Output file downloaded to E:\Project\Biohub_CellTracking\experiments\exp_050_public_0944_tta_off\artifacts\tracking_repo/predictions/unknown/unet_transformer_val/split_0/6bba_55c70843.geff/edges/zarr.json
Output file downloaded to E:\Project\Biohub_CellTracking\experiments\exp_050_public_0944_tta_off\artifacts\tracking_repo/predictions/unknown/unet_transformer_val/split_0/6bba_55c70843.geff/nodes/ids/c/0
Output file downloaded to E:\Project\Biohub_CellTracking\experiments\exp_050_public_0944_tta_off\artifacts\tracking_repo/predictions/unknown/unet_transformer_val/split_0/6bba_55c70843.geff/nodes/ids/zarr.json
Output file downloaded to E:\Project\Biohub_CellTracking\experiments\exp_050_public_0944_tta_off\artifacts\tracking_repo/predictions/unknown/unet_transformer_val/split_0/6bba_55c70843.geff/nodes/props/solution/values/c/0
Output file downloaded to E:\Project\Biohub_CellTracking\experiments\exp_050_public_0944_tta_off\artifacts\tracking_repo/predictions/unknown/unet_transformer_val/split_0/6bba_55c70843.geff/nodes/props/solution/values/zarr.json
Output file downloaded to E:\Project\Biohub_CellTracking\experiments\exp_050_public_0944_tta_off\artifacts\tracking_repo/predictions/unknown/unet_transformer_val/split_0/6bba_55c70843.geff/nodes/props/solution/zarr.json
Output file downloaded to E:\Project\Biohub_CellTracking\experiments\exp_050_public_0944_tta_off\artifacts\tracking_repo/predictions/unknown/unet_transformer_val/split_0/6bba_55c70843.geff/nodes/props/t/values/c/0
Output file downloaded to E:\Project\Biohub_CellTracking\experiments\exp_050_public_0944_tta_off\artifacts\tracking_repo/predictions/unknown/unet_transformer_val/split_0/6bba_55c70843.geff/nodes/props/t/values/zarr.json
Output file downloaded to E:\Project\Biohub_CellTracking\experiments\exp_050_public_0944_tta_off\artifacts\tracking_repo/predictions/unknown/unet_transformer_val/split_0/6bba_55c70843.geff/nodes/props/t/zarr.json
Output file downloaded to E:\Project\Biohub_CellTracking\experiments\exp_050_public_0944_tta_off\artifacts\tracking_repo/predictions/unknown/unet_transformer_val/split_0/6bba_55c70843.geff/nodes/props/x/values/c/0
Output file downloaded to E:\Project\Biohub_CellTracking\experiments\exp_050_public_0944_tta_off\artifacts\tracking_repo/predictions/unknown/unet_transformer_val/split_0/6bba_55c70843.geff/nodes/props/x/values/zarr.json
Output file downloaded to E:\Project\Biohub_CellTracking\experiments\exp_050_public_0944_tta_off\artifacts\tracking_repo/predictions/unknown/unet_transformer_val/split_0/6bba_55c70843.geff/nodes/props/x/zarr.json
Output file downloaded to E:\Project\Biohub_CellTracking\experiments\exp_050_public_0944_tta_off\artifacts\tracking_repo/predictions/unknown/unet_transformer_val/split_0/6bba_55c70843.geff/nodes/props/y/values/c/0
Output file downloaded to E:\Project\Biohub_CellTracking\experiments\exp_050_public_0944_tta_off\artifacts\tracking_repo/predictions/unknown/unet_transformer_val/split_0/6bba_55c70843.geff/nodes/props/y/values/zarr.json
Output file downloaded to E:\Project\Biohub_CellTracking\experiments\exp_050_public_0944_tta_off\artifacts\tracking_repo/predictions/unknown/unet_transformer_val/split_0/6bba_55c70843.geff/nodes/props/y/zarr.json
Output file downloaded to E:\Project\Biohub_CellTracking\experiments\exp_050_public_0944_tta_off\artifacts\tracking_repo/predictions/unknown/unet_transformer_val/split_0/6bba_55c70843.geff/nodes/props/z/values/c/0
Output file downloaded to E:\Project\Biohub_CellTracking\experiments\exp_050_public_0944_tta_off\artifacts\tracking_repo/predictions/unknown/unet_transformer_val/split_0/6bba_55c70843.geff/nodes/props/z/values/zarr.json
Output file downloaded to E:\Project\Biohub_CellTracking\experiments\exp_050_public_0944_tta_off\artifacts\tracking_repo/predictions/unknown/unet_transformer_val/split_0/6bba_55c70843.geff/nodes/props/z/zarr.json
Output file downloaded to E:\Project\Biohub_CellTracking\experiments\exp_050_public_0944_tta_off\artifacts\tracking_repo/predictions/unknown/unet_transformer_val/split_0/6bba_55c70843.geff/nodes/props/zarr.json
Output file downloaded to E:\Project\Biohub_CellTracking\experiments\exp_050_public_0944_tta_off\artifacts\tracking_repo/predictions/unknown/unet_transformer_val/split_0/6bba_55c70843.geff/nodes/zarr.json
Output file downloaded to E:\Project\Biohub_CellTracking\experiments\exp_050_public_0944_tta_off\artifacts\tracking_repo/predictions/unknown/unet_transformer_val/split_0/6bba_55c70843.geff/zarr.json
Output file downloaded to E:\Project\Biohub_CellTracking\experiments\exp_050_public_0944_tta_off\artifacts\tracking_repo/predictions/unknown/unet_transformer_val/split_0/6bba_80d12824.geff/edges/ids/c/0/0
Output file downloaded to E:\Project\Biohub_CellTracking\experiments\exp_050_public_0944_tta_off\artifacts\tracking_repo/predictions/unknown/unet_transformer_val/split_0/6bba_80d12824.geff/edges/ids/zarr.json
Output file downloaded to E:\Project\Biohub_CellTracking\experiments\exp_050_public_0944_tta_off\artifacts\tracking_repo/predictions/unknown/unet_transformer_val/split_0/6bba_80d12824.geff/edges/props/edge_dist/values/c/0
Output file downloaded to E:\Project\Biohub_CellTracking\experiments\exp_050_public_0944_tta_off\artifacts\tracking_repo/predictions/unknown/unet_transformer_val/split_0/6bba_80d12824.geff/edges/props/edge_dist/values/zarr.json
Output file downloaded to E:\Project\Biohub_CellTracking\experiments\exp_050_public_0944_tta_off\artifacts\tracking_repo/predictions/unknown/unet_transformer_val/split_0/6bba_80d12824.geff/edges/props/edge_dist/zarr.json
Output file downloaded to E:\Project\Biohub_CellTracking\experiments\exp_050_public_0944_tta_off\artifacts\tracking_repo/predictions/unknown/unet_transformer_val/split_0/6bba_80d12824.geff/edges/props/edge_prob/values/c/0
Output file downloaded to E:\Project\Biohub_CellTracking\experiments\exp_050_public_0944_tta_off\artifacts\tracking_repo/predictions/unknown/unet_transformer_val/split_0/6bba_80d12824.geff/edges/props/edge_prob/values/zarr.json
Output file downloaded to E:\Project\Biohub_CellTracking\experiments\exp_050_public_0944_tta_off\artifacts\tracking_repo/predictions/unknown/unet_transformer_val/split_0/6bba_80d12824.geff/edges/props/edge_prob/zarr.json
Output file downloaded to E:\Project\Biohub_CellTracking\experiments\exp_050_public_0944_tta_off\artifacts\tracking_repo/predictions/unknown/unet_transformer_val/split_0/6bba_80d12824.geff/edges/props/solution/values/c/0
Output file downloaded to E:\Project\Biohub_CellTracking\experiments\exp_050_public_0944_tta_off\artifacts\tracking_repo/predictions/unknown/unet_transformer_val/split_0/6bba_80d12824.geff/edges/props/solution/values/zarr.json
Output file downloaded to E:\Project\Biohub_CellTracking\experiments\exp_050_public_0944_tta_off\artifacts\tracking_repo/predictions/unknown/unet_transformer_val/split_0/6bba_80d12824.geff/edges/props/solution/zarr.json
Output file downloaded to E:\Project\Biohub_CellTracking\experiments\exp_050_public_0944_tta_off\artifacts\tracking_repo/predictions/unknown/unet_transformer_val/split_0/6bba_80d12824.geff/edges/props/zarr.json
Output file downloaded to E:\Project\Biohub_CellTracking\experiments\exp_050_public_0944_tta_off\artifacts\tracking_repo/predictions/unknown/unet_transformer_val/split_0/6bba_80d12824.geff/edges/zarr.json
Output file downloaded to E:\Project\Biohub_CellTracking\experiments\exp_050_public_0944_tta_off\artifacts\tracking_repo/predictions/unknown/unet_transformer_val/split_0/6bba_80d12824.geff/nodes/ids/c/0
Output file downloaded to E:\Project\Biohub_CellTracking\experiments\exp_050_public_0944_tta_off\artifacts\tracking_repo/predictions/unknown/unet_transformer_val/split_0/6bba_80d12824.geff/nodes/ids/zarr.json
Output file downloaded to E:\Project\Biohub_CellTracking\experiments\exp_050_public_0944_tta_off\artifacts\tracking_repo/predictions/unknown/unet_transformer_val/split_0/6bba_80d12824.geff/nodes/props/solution/values/c/0
Output file downloaded to E:\Project\Biohub_CellTracking\experiments\exp_050_public_0944_tta_off\artifacts\tracking_repo/predictions/unknown/unet_transformer_val/split_0/6bba_80d12824.geff/nodes/props/solution/values/zarr.json
Output file downloaded to E:\Project\Biohub_CellTracking\experiments\exp_050_public_0944_tta_off\artifacts\tracking_repo/predictions/unknown/unet_transformer_val/split_0/6bba_80d12824.geff/nodes/props/solution/zarr.json
Output file downloaded to E:\Project\Biohub_CellTracking\experiments\exp_050_public_0944_tta_off\artifacts\tracking_repo/predictions/unknown/unet_transformer_val/split_0/6bba_80d12824.geff/nodes/props/t/values/c/0
Output file downloaded to E:\Project\Biohub_CellTracking\experiments\exp_050_public_0944_tta_off\artifacts\tracking_repo/predictions/unknown/unet_transformer_val/split_0/6bba_80d12824.geff/nodes/props/t/values/zarr.json
Output file downloaded to E:\Project\Biohub_CellTracking\experiments\exp_050_public_0944_tta_off\artifacts\tracking_repo/predictions/unknown/unet_transformer_val/split_0/6bba_80d12824.geff/nodes/props/t/zarr.json
Output file downloaded to E:\Project\Biohub_CellTracking\experiments\exp_050_public_0944_tta_off\artifacts\tracking_repo/predictions/unknown/unet_transformer_val/split_0/6bba_80d12824.geff/nodes/props/x/values/c/0
Output file downloaded to E:\Project\Biohub_CellTracking\experiments\exp_050_public_0944_tta_off\artifacts\tracking_repo/predictions/unknown/unet_transformer_val/split_0/6bba_80d12824.geff/nodes/props/x/values/zarr.json
Output file downloaded to E:\Project\Biohub_CellTracking\experiments\exp_050_public_0944_tta_off\artifacts\tracking_repo/predictions/unknown/unet_transformer_val/split_0/6bba_80d12824.geff/nodes/props/x/zarr.json
Output file downloaded to E:\Project\Biohub_CellTracking\experiments\exp_050_public_0944_tta_off\artifacts\tracking_repo/predictions/unknown/unet_transformer_val/split_0/6bba_80d12824.geff/nodes/props/y/values/c/0
Output file downloaded to E:\Project\Biohub_CellTracking\experiments\exp_050_public_0944_tta_off\artifacts\tracking_repo/predictions/unknown/unet_transformer_val/split_0/6bba_80d12824.geff/nodes/props/y/values/zarr.json
Output file downloaded to E:\Project\Biohub_CellTracking\experiments\exp_050_public_0944_tta_off\artifacts\tracking_repo/predictions/unknown/unet_transformer_val/split_0/6bba_80d12824.geff/nodes/props/y/zarr.json
Output file downloaded to E:\Project\Biohub_CellTracking\experiments\exp_050_public_0944_tta_off\artifacts\tracking_repo/predictions/unknown/unet_transformer_val/split_0/6bba_80d12824.geff/nodes/props/z/values/c/0
Output file downloaded to E:\Project\Biohub_CellTracking\experiments\exp_050_public_0944_tta_off\artifacts\tracking_repo/predictions/unknown/unet_transformer_val/split_0/6bba_80d12824.geff/nodes/props/z/values/zarr.json
Output file downloaded to E:\Project\Biohub_CellTracking\experiments\exp_050_public_0944_tta_off\artifacts\tracking_repo/predictions/unknown/unet_transformer_val/split_0/6bba_80d12824.geff/nodes/props/z/zarr.json
Output file downloaded to E:\Project\Biohub_CellTracking\experiments\exp_050_public_0944_tta_off\artifacts\tracking_repo/predictions/unknown/unet_transformer_val/split_0/6bba_80d12824.geff/nodes/props/zarr.json
Output file downloaded to E:\Project\Biohub_CellTracking\experiments\exp_050_public_0944_tta_off\artifacts\tracking_repo/predictions/unknown/unet_transformer_val/split_0/6bba_80d12824.geff/nodes/zarr.json
Output file downloaded to E:\Project\Biohub_CellTracking\experiments\exp_050_public_0944_tta_off\artifacts\tracking_repo/predictions/unknown/unet_transformer_val/split_0/6bba_80d12824.geff/zarr.json
Output file downloaded to E:\Project\Biohub_CellTracking\experiments\exp_050_public_0944_tta_off\artifacts\tracking_repo/predictions/unknown/unet_transformer_val/split_0/6bba_ef7b4f7e.geff/edges/ids/c/0/0
Output file downloaded to E:\Project\Biohub_CellTracking\experiments\exp_050_public_0944_tta_off\artifacts\tracking_repo/predictions/unknown/unet_transformer_val/split_0/6bba_ef7b4f7e.geff/edges/ids/zarr.json
Output file downloaded to E:\Project\Biohub_CellTracking\experiments\exp_050_public_0944_tta_off\artifacts\tracking_repo/predictions/unknown/unet_transformer_val/split_0/6bba_ef7b4f7e.geff/edges/props/edge_dist/values/c/0
Output file downloaded to E:\Project\Biohub_CellTracking\experiments\exp_050_public_0944_tta_off\artifacts\tracking_repo/predictions/unknown/unet_transformer_val/split_0/6bba_ef7b4f7e.geff/edges/props/edge_dist/values/zarr.json
Output file downloaded to E:\Project\Biohub_CellTracking\experiments\exp_050_public_0944_tta_off\artifacts\tracking_repo/predictions/unknown/unet_transformer_val/split_0/6bba_ef7b4f7e.geff/edges/props/edge_dist/zarr.json
Output file downloaded to E:\Project\Biohub_CellTracking\experiments\exp_050_public_0944_tta_off\artifacts\tracking_repo/predictions/unknown/unet_transformer_val/split_0/6bba_ef7b4f7e.geff/edges/props/edge_prob/values/c/0
Output file downloaded to E:\Project\Biohub_CellTracking\experiments\exp_050_public_0944_tta_off\artifacts\tracking_repo/predictions/unknown/unet_transformer_val/split_0/6bba_ef7b4f7e.geff/edges/props/edge_prob/values/zarr.json
Output file downloaded to E:\Project\Biohub_CellTracking\experiments\exp_050_public_0944_tta_off\artifacts\tracking_repo/predictions/unknown/unet_transformer_val/split_0/6bba_ef7b4f7e.geff/edges/props/edge_prob/zarr.json
Output file downloaded to E:\Project\Biohub_CellTracking\experiments\exp_050_public_0944_tta_off\artifacts\tracking_repo/predictions/unknown/unet_transformer_val/split_0/6bba_ef7b4f7e.geff/edges/props/solution/values/c/0
Output file downloaded to E:\Project\Biohub_CellTracking\experiments\exp_050_public_0944_tta_off\artifacts\tracking_repo/predictions/unknown/unet_transformer_val/split_0/6bba_ef7b4f7e.geff/edges/props/solution/values/zarr.json
Output file downloaded to E:\Project\Biohub_CellTracking\experiments\exp_050_public_0944_tta_off\artifacts\tracking_repo/predictions/unknown/unet_transformer_val/split_0/6bba_ef7b4f7e.geff/edges/props/solution/zarr.json
Output file downloaded to E:\Project\Biohub_CellTracking\experiments\exp_050_public_0944_tta_off\artifacts\tracking_repo/predictions/unknown/unet_transformer_val/split_0/6bba_ef7b4f7e.geff/edges/props/zarr.json
Output file downloaded to E:\Project\Biohub_CellTracking\experiments\exp_050_public_0944_tta_off\artifacts\tracking_repo/predictions/unknown/unet_transformer_val/split_0/6bba_ef7b4f7e.geff/edges/zarr.json
Output file downloaded to E:\Project\Biohub_CellTracking\experiments\exp_050_public_0944_tta_off\artifacts\tracking_repo/predictions/unknown/unet_transformer_val/split_0/6bba_ef7b4f7e.geff/nodes/ids/c/0
Output file downloaded to E:\Project\Biohub_CellTracking\experiments\exp_050_public_0944_tta_off\artifacts\tracking_repo/predictions/unknown/unet_transformer_val/split_0/6bba_ef7b4f7e.geff/nodes/ids/zarr.json
Output file downloaded to E:\Project\Biohub_CellTracking\experiments\exp_050_public_0944_tta_off\artifacts\tracking_repo/predictions/unknown/unet_transformer_val/split_0/6bba_ef7b4f7e.geff/nodes/props/solution/values/c/0
Output file downloaded to E:\Project\Biohub_CellTracking\experiments\exp_050_public_0944_tta_off\artifacts\tracking_repo/predictions/unknown/unet_transformer_val/split_0/6bba_ef7b4f7e.geff/nodes/props/solution/values/zarr.json
Output file downloaded to E:\Project\Biohub_CellTracking\experiments\exp_050_public_0944_tta_off\artifacts\tracking_repo/predictions/unknown/unet_transformer_val/split_0/6bba_ef7b4f7e.geff/nodes/props/solution/zarr.json
Output file downloaded to E:\Project\Biohub_CellTracking\experiments\exp_050_public_0944_tta_off\artifacts\tracking_repo/predictions/unknown/unet_transformer_val/split_0/6bba_ef7b4f7e.geff/nodes/props/t/values/c/0
Output file downloaded to E:\Project\Biohub_CellTracking\experiments\exp_050_public_0944_tta_off\artifacts\tracking_repo/predictions/unknown/unet_transformer_val/split_0/6bba_ef7b4f7e.geff/nodes/props/t/values/zarr.json
Output file downloaded to E:\Project\Biohub_CellTracking\experiments\exp_050_public_0944_tta_off\artifacts\tracking_repo/predictions/unknown/unet_transformer_val/split_0/6bba_ef7b4f7e.geff/nodes/props/t/zarr.json
Output file downloaded to E:\Project\Biohub_CellTracking\experiments\exp_050_public_0944_tta_off\artifacts\tracking_repo/predictions/unknown/unet_transformer_val/split_0/6bba_ef7b4f7e.geff/nodes/props/x/values/c/0
Output file downloaded to E:\Project\Biohub_CellTracking\experiments\exp_050_public_0944_tta_off\artifacts\tracking_repo/predictions/unknown/unet_transformer_val/split_0/6bba_ef7b4f7e.geff/nodes/props/x/values/zarr.json
Output file downloaded to E:\Project\Biohub_CellTracking\experiments\exp_050_public_0944_tta_off\artifacts\tracking_repo/predictions/unknown/unet_transformer_val/split_0/6bba_ef7b4f7e.geff/nodes/props/x/zarr.json
Output file downloaded to E:\Project\Biohub_CellTracking\experiments\exp_050_public_0944_tta_off\artifacts\tracking_repo/predictions/unknown/unet_transformer_val/split_0/6bba_ef7b4f7e.geff/nodes/props/y/values/c/0
Output file downloaded to E:\Project\Biohub_CellTracking\experiments\exp_050_public_0944_tta_off\artifacts\tracking_repo/predictions/unknown/unet_transformer_val/split_0/6bba_ef7b4f7e.geff/nodes/props/y/values/zarr.json
Output file downloaded to E:\Project\Biohub_CellTracking\experiments\exp_050_public_0944_tta_off\artifacts\tracking_repo/predictions/unknown/unet_transformer_val/split_0/6bba_ef7b4f7e.geff/nodes/props/y/zarr.json
Output file downloaded to E:\Project\Biohub_CellTracking\experiments\exp_050_public_0944_tta_off\artifacts\tracking_repo/predictions/unknown/unet_transformer_val/split_0/6bba_ef7b4f7e.geff/nodes/props/z/values/c/0
Output file downloaded to E:\Project\Biohub_CellTracking\experiments\exp_050_public_0944_tta_off\artifacts\tracking_repo/predictions/unknown/unet_transformer_val/split_0/6bba_ef7b4f7e.geff/nodes/props/z/values/zarr.json
Output file downloaded to E:\Project\Biohub_CellTracking\experiments\exp_050_public_0944_tta_off\artifacts\tracking_repo/predictions/unknown/unet_transformer_val/split_0/6bba_ef7b4f7e.geff/nodes/props/z/zarr.json
Output file downloaded to E:\Project\Biohub_CellTracking\experiments\exp_050_public_0944_tta_off\artifacts\tracking_repo/predictions/unknown/unet_transformer_val/split_0/6bba_ef7b4f7e.geff/nodes/props/zarr.json
Output file downloaded to E:\Project\Biohub_CellTracking\experiments\exp_050_public_0944_tta_off\artifacts\tracking_repo/predictions/unknown/unet_transformer_val/split_0/6bba_ef7b4f7e.geff/nodes/zarr.json
Output file downloaded to E:\Project\Biohub_CellTracking\experiments\exp_050_public_0944_tta_off\artifacts\tracking_repo/predictions/unknown/unet_transformer_val/split_0/6bba_ef7b4f7e.geff/zarr.json
Output file downloaded to E:\Project\Biohub_CellTracking\experiments\exp_050_public_0944_tta_off\artifacts\tracking_repo/predictions/unknown/unet_transformer_val/split_0/6bba_fe670320.geff/edges/ids/c/0/0
Output file downloaded to E:\Project\Biohub_CellTracking\experiments\exp_050_public_0944_tta_off\artifacts\tracking_repo/predictions/unknown/unet_transformer_val/split_0/6bba_fe670320.geff/edges/ids/zarr.json
Output file downloaded to E:\Project\Biohub_CellTracking\experiments\exp_050_public_0944_tta_off\artifacts\tracking_repo/predictions/unknown/unet_transformer_val/split_0/6bba_fe670320.geff/edges/props/edge_dist/values/c/0
Output file downloaded to E:\Project\Biohub_CellTracking\experiments\exp_050_public_0944_tta_off\artifacts\tracking_repo/predictions/unknown/unet_transformer_val/split_0/6bba_fe670320.geff/edges/props/edge_dist/values/zarr.json
Output file downloaded to E:\Project\Biohub_CellTracking\experiments\exp_050_public_0944_tta_off\artifacts\tracking_repo/predictions/unknown/unet_transformer_val/split_0/6bba_fe670320.geff/edges/props/edge_dist/zarr.json
Output file downloaded to E:\Project\Biohub_CellTracking\experiments\exp_050_public_0944_tta_off\artifacts\tracking_repo/predictions/unknown/unet_transformer_val/split_0/6bba_fe670320.geff/edges/props/edge_prob/values/c/0
Output file downloaded to E:\Project\Biohub_CellTracking\experiments\exp_050_public_0944_tta_off\artifacts\tracking_repo/predictions/unknown/unet_transformer_val/split_0/6bba_fe670320.geff/edges/props/edge_prob/values/zarr.json
Output file downloaded to E:\Project\Biohub_CellTracking\experiments\exp_050_public_0944_tta_off\artifacts\tracking_repo/predictions/unknown/unet_transformer_val/split_0/6bba_fe670320.geff/edges/props/edge_prob/zarr.json
Output file downloaded to E:\Project\Biohub_CellTracking\experiments\exp_050_public_0944_tta_off\artifacts\tracking_repo/predictions/unknown/unet_transformer_val/split_0/6bba_fe670320.geff/edges/props/solution/values/c/0
Output file downloaded to E:\Project\Biohub_CellTracking\experiments\exp_050_public_0944_tta_off\artifacts\tracking_repo/predictions/unknown/unet_transformer_val/split_0/6bba_fe670320.geff/edges/props/solution/values/zarr.json
Output file downloaded to E:\Project\Biohub_CellTracking\experiments\exp_050_public_0944_tta_off\artifacts\tracking_repo/predictions/unknown/unet_transformer_val/split_0/6bba_fe670320.geff/edges/props/solution/zarr.json
Output file downloaded to E:\Project\Biohub_CellTracking\experiments\exp_050_public_0944_tta_off\artifacts\tracking_repo/predictions/unknown/unet_transformer_val/split_0/6bba_fe670320.geff/edges/props/zarr.json
Output file downloaded to E:\Project\Biohub_CellTracking\experiments\exp_050_public_0944_tta_off\artifacts\tracking_repo/predictions/unknown/unet_transformer_val/split_0/6bba_fe670320.geff/edges/zarr.json
Output file downloaded to E:\Project\Biohub_CellTracking\experiments\exp_050_public_0944_tta_off\artifacts\tracking_repo/predictions/unknown/unet_transformer_val/split_0/6bba_fe670320.geff/nodes/ids/c/0
Output file downloaded to E:\Project\Biohub_CellTracking\experiments\exp_050_public_0944_tta_off\artifacts\tracking_repo/predictions/unknown/unet_transformer_val/split_0/6bba_fe670320.geff/nodes/ids/zarr.json
Output file downloaded to E:\Project\Biohub_CellTracking\experiments\exp_050_public_0944_tta_off\artifacts\tracking_repo/predictions/unknown/unet_transformer_val/split_0/6bba_fe670320.geff/nodes/props/solution/values/c/0
Output file downloaded to E:\Project\Biohub_CellTracking\experiments\exp_050_public_0944_tta_off\artifacts\tracking_repo/predictions/unknown/unet_transformer_val/split_0/6bba_fe670320.geff/nodes/props/solution/values/zarr.json
Output file downloaded to E:\Project\Biohub_CellTracking\experiments\exp_050_public_0944_tta_off\artifacts\tracking_repo/predictions/unknown/unet_transformer_val/split_0/6bba_fe670320.geff/nodes/props/solution/zarr.json
Output file downloaded to E:\Project\Biohub_CellTracking\experiments\exp_050_public_0944_tta_off\artifacts\tracking_repo/predictions/unknown/unet_transformer_val/split_0/6bba_fe670320.geff/nodes/props/t/values/c/0
Output file downloaded to E:\Project\Biohub_CellTracking\experiments\exp_050_public_0944_tta_off\artifacts\tracking_repo/predictions/unknown/unet_transformer_val/split_0/6bba_fe670320.geff/nodes/props/t/values/zarr.json
Output file downloaded to E:\Project\Biohub_CellTracking\experiments\exp_050_public_0944_tta_off\artifacts\tracking_repo/predictions/unknown/unet_transformer_val/split_0/6bba_fe670320.geff/nodes/props/t/zarr.json
Output file downloaded to E:\Project\Biohub_CellTracking\experiments\exp_050_public_0944_tta_off\artifacts\tracking_repo/predictions/unknown/unet_transformer_val/split_0/6bba_fe670320.geff/nodes/props/x/values/c/0
Output file downloaded to E:\Project\Biohub_CellTracking\experiments\exp_050_public_0944_tta_off\artifacts\tracking_repo/predictions/unknown/unet_transformer_val/split_0/6bba_fe670320.geff/nodes/props/x/values/zarr.json
Output file downloaded to E:\Project\Biohub_CellTracking\experiments\exp_050_public_0944_tta_off\artifacts\tracking_repo/predictions/unknown/unet_transformer_val/split_0/6bba_fe670320.geff/nodes/props/x/zarr.json
Output file downloaded to E:\Project\Biohub_CellTracking\experiments\exp_050_public_0944_tta_off\artifacts\tracking_repo/predictions/unknown/unet_transformer_val/split_0/6bba_fe670320.geff/nodes/props/y/values/c/0
Output file downloaded to E:\Project\Biohub_CellTracking\experiments\exp_050_public_0944_tta_off\artifacts\tracking_repo/predictions/unknown/unet_transformer_val/split_0/6bba_fe670320.geff/nodes/props/y/values/zarr.json
Output file downloaded to E:\Project\Biohub_CellTracking\experiments\exp_050_public_0944_tta_off\artifacts\tracking_repo/predictions/unknown/unet_transformer_val/split_0/6bba_fe670320.geff/nodes/props/y/zarr.json
Output file downloaded to E:\Project\Biohub_CellTracking\experiments\exp_050_public_0944_tta_off\artifacts\tracking_repo/predictions/unknown/unet_transformer_val/split_0/6bba_fe670320.geff/nodes/props/z/values/c/0
Output file downloaded to E:\Project\Biohub_CellTracking\experiments\exp_050_public_0944_tta_off\artifacts\tracking_repo/predictions/unknown/unet_transformer_val/split_0/6bba_fe670320.geff/nodes/props/z/values/zarr.json
Output file downloaded to E:\Project\Biohub_CellTracking\experiments\exp_050_public_0944_tta_off\artifacts\tracking_repo/predictions/unknown/unet_transformer_val/split_0/6bba_fe670320.geff/nodes/props/z/zarr.json
Output file downloaded to E:\Project\Biohub_CellTracking\experiments\exp_050_public_0944_tta_off\artifacts\tracking_repo/predictions/unknown/unet_transformer_val/split_0/6bba_fe670320.geff/nodes/props/zarr.json
Output file downloaded to E:\Project\Biohub_CellTracking\experiments\exp_050_public_0944_tta_off\artifacts\tracking_repo/predictions/unknown/unet_transformer_val/split_0/6bba_fe670320.geff/nodes/zarr.json
Output file downloaded to E:\Project\Biohub_CellTracking\experiments\exp_050_public_0944_tta_off\artifacts\tracking_repo/predictions/unknown/unet_transformer_val/split_0/6bba_fe670320.geff/zarr.json
Output file downloaded to E:\Project\Biohub_CellTracking\experiments\exp_050_public_0944_tta_off\artifacts\tracking_repo/scripts/__pycache__/augmentations.cpython-312.pyc
Output file downloaded to E:\Project\Biohub_CellTracking\experiments\exp_050_public_0944_tta_off\artifacts\tracking_repo/scripts/__pycache__/dataspec.cpython-312.pyc
Output file downloaded to E:\Project\Biohub_CellTracking\experiments\exp_050_public_0944_tta_off\artifacts\tracking_repo/scripts/__pycache__/evaluate.cpython-312.pyc
Output file downloaded to E:\Project\Biohub_CellTracking\experiments\exp_050_public_0944_tta_off\artifacts\tracking_repo/scripts/__pycache__/train_unet_transformer.cpython-312.pyc
Output file downloaded to E:\Project\Biohub_CellTracking\experiments\exp_050_public_0944_tta_off\artifacts\tracking_repo/scripts/augmentations.py
Output file downloaded to E:\Project\Biohub_CellTracking\experiments\exp_050_public_0944_tta_off\artifacts\tracking_repo/scripts/dataspec.py
Output file downloaded to E:\Project\Biohub_CellTracking\experiments\exp_050_public_0944_tta_off\artifacts\tracking_repo/scripts/evaluate.py
Output file downloaded to E:\Project\Biohub_CellTracking\experiments\exp_050_public_0944_tta_off\artifacts\tracking_repo/scripts/predict_unet_transformer.py
Output file downloaded to E:\Project\Biohub_CellTracking\experiments\exp_050_public_0944_tta_off\artifacts\tracking_repo/scripts/train_unet_transformer.py
Output file downloaded to E:\Project\Biohub_CellTracking\experiments\exp_050_public_0944_tta_off\artifacts\tracking_repo/src/biohub_tracking/__init__.py
Output file downloaded to E:\Project\Biohub_CellTracking\experiments\exp_050_public_0944_tta_off\artifacts\tracking_repo/src/biohub_tracking/__pycache__/__init__.cpython-312.pyc
Output file downloaded to E:\Project\Biohub_CellTracking\experiments\exp_050_public_0944_tta_off\artifacts\tracking_repo/src/biohub_tracking/__pycache__/io.cpython-312.pyc
Output file downloaded to E:\Project\Biohub_CellTracking\experiments\exp_050_public_0944_tta_off\artifacts\tracking_repo/src/biohub_tracking/__pycache__/metrics.cpython-312.pyc
Output file downloaded to E:\Project\Biohub_CellTracking\experiments\exp_050_public_0944_tta_off\artifacts\tracking_repo/src/biohub_tracking/division_metrics.py
Output file downloaded to E:\Project\Biohub_CellTracking\experiments\exp_050_public_0944_tta_off\artifacts\tracking_repo/src/biohub_tracking/img_proc.py
Output file downloaded to E:\Project\Biohub_CellTracking\experiments\exp_050_public_0944_tta_off\artifacts\tracking_repo/src/biohub_tracking/io.py
Output file downloaded to E:\Project\Biohub_CellTracking\experiments\exp_050_public_0944_tta_off\artifacts\tracking_repo/src/biohub_tracking/metrics.py
Output file downloaded to E:\Project\Biohub_CellTracking\experiments\exp_050_public_0944_tta_off\artifacts\tracking_repo/src/biohub_tracking/models/__init__.py
Output file downloaded to E:\Project\Biohub_CellTracking\experiments\exp_050_public_0944_tta_off\artifacts\tracking_repo/src/biohub_tracking/models/__pycache__/__init__.cpython-312.pyc
Output file downloaded to E:\Project\Biohub_CellTracking\experiments\exp_050_public_0944_tta_off\artifacts\tracking_repo/src/biohub_tracking/models/__pycache__/simple_node_transformer.cpython-312.pyc
Output file downloaded to E:\Project\Biohub_CellTracking\experiments\exp_050_public_0944_tta_off\artifacts\tracking_repo/src/biohub_tracking/models/__pycache__/temporal_unet.cpython-312.pyc
Output file downloaded to E:\Project\Biohub_CellTracking\experiments\exp_050_public_0944_tta_off\artifacts\tracking_repo/src/biohub_tracking/models/simple_node_transformer.py
Output file downloaded to E:\Project\Biohub_CellTracking\experiments\exp_050_public_0944_tta_off\artifacts\tracking_repo/src/biohub_tracking/models/temporal_unet.py
Output file downloaded to E:\Project\Biohub_CellTracking\experiments\exp_050_public_0944_tta_off\artifacts\validation_stage_stats.json
Output file downloaded to E:\Project\Biohub_CellTracking\experiments\exp_050_public_0944_tta_off\artifacts\validator_results.csv
Kernel log downloaded to E:\Project\Biohub_CellTracking\experiments\exp_050_public_0944_tta_off\artifacts\biohub-exp050-public0944-tta-off.log 

STDERR

