[2026-09-10T04:14:31+00:00] command=["E:\\Project\\Biohub_CellTracking\\.venv\\Scripts\\kaggle.EXE", "kernels", "output", "lingxd/biohub-diag051-public0942-tracklet-evidence", "-p", "E:\\Project\\Biohub_CellTracking\\experiments\\diag_051_public_0942_tracklet_evidence\\artifacts", "--page-size", "200"]
exit_code=0
STDOUT
Output file downloaded to E:\Project\Biohub_CellTracking\experiments\diag_051_public_0942_tracklet_evidence\artifacts\bidirectional_production_runtime_integrity.json
Output file downloaded to E:\Project\Biohub_CellTracking\experiments\diag_051_public_0942_tracklet_evidence\artifacts\detector_coordinates_harmonic_association_production_0_2.jsonl
Output file downloaded to E:\Project\Biohub_CellTracking\experiments\diag_051_public_0942_tracklet_evidence\artifacts\detector_coordinates_harmonic_association_production_1_2.jsonl
Output file downloaded to E:\Project\Biohub_CellTracking\experiments\diag_051_public_0942_tracklet_evidence\artifacts\detector_coordinates_harmonic_association_production_single.jsonl
Output file downloaded to E:\Project\Biohub_CellTracking\experiments\diag_051_public_0942_tracklet_evidence\artifacts\dual_seed_frame_retention_guard_report.json
Output file downloaded to E:\Project\Biohub_CellTracking\experiments\diag_051_public_0942_tracklet_evidence\artifacts\executed_predict_unet_transformer.py
Output file downloaded to E:\Project\Biohub_CellTracking\experiments\diag_051_public_0942_tracklet_evidence\artifacts\inference_identity.json
Output file downloaded to E:\Project\Biohub_CellTracking\experiments\diag_051_public_0942_tracklet_evidence\artifacts\metrics.json
Output file downloaded to E:\Project\Biohub_CellTracking\experiments\diag_051_public_0942_tracklet_evidence\artifacts\retention_guard_0_2.jsonl
Output file downloaded to E:\Project\Biohub_CellTracking\experiments\diag_051_public_0942_tracklet_evidence\artifacts\retention_guard_1_2.jsonl
Output file downloaded to E:\Project\Biohub_CellTracking\experiments\diag_051_public_0942_tracklet_evidence\artifacts\retention_guard_single.jsonl
Output file downloaded to E:\Project\Biohub_CellTracking\experiments\diag_051_public_0942_tracklet_evidence\artifacts\run_stats.csv
Output file downloaded to E:\Project\Biohub_CellTracking\experiments\diag_051_public_0942_tracklet_evidence\artifacts\secondary_seed_weights/unet_transformer/split_0/SNAPSHOT_MANIFEST.json
Output file downloaded to E:\Project\Biohub_CellTracking\experiments\diag_051_public_0942_tracklet_evidence\artifacts\secondary_seed_weights/unet_transformer/split_0/checkpoint_last.pth
Output file downloaded to E:\Project\Biohub_CellTracking\experiments\diag_051_public_0942_tracklet_evidence\artifacts\secondary_seed_weights/unet_transformer/split_0/config.json
Output file downloaded to E:\Project\Biohub_CellTracking\experiments\diag_051_public_0942_tracklet_evidence\artifacts\secondary_seed_weights/unet_transformer/split_0/edge_predictor_best.pth
Output file downloaded to E:\Project\Biohub_CellTracking\experiments\diag_051_public_0942_tracklet_evidence\artifacts\secondary_seed_weights/unet_transformer/split_0/history.csv
Output file downloaded to E:\Project\Biohub_CellTracking\experiments\diag_051_public_0942_tracklet_evidence\artifacts\secondary_seed_weights/unet_transformer/split_0/split_manifest.json
Output file downloaded to E:\Project\Biohub_CellTracking\experiments\diag_051_public_0942_tracklet_evidence\artifacts\secondary_seed_weights/unet_transformer/split_0/training_config.json
Output file downloaded to E:\Project\Biohub_CellTracking\experiments\diag_051_public_0942_tracklet_evidence\artifacts\submission.csv
Output file downloaded to E:\Project\Biohub_CellTracking\experiments\diag_051_public_0942_tracklet_evidence\artifacts\tracking_repo/kaggle_test_splits_50ep.json
Output file downloaded to E:\Project\Biohub_CellTracking\experiments\diag_051_public_0942_tracklet_evidence\artifacts\tracking_repo/kaggle_val_splits.json
Output file downloaded to E:\Project\Biohub_CellTracking\experiments\diag_051_public_0942_tracklet_evidence\artifacts\tracking_repo/predictions/unknown/unet_transformer/split_0/44b6_0113de3b.geff/edges/ids/c/0/0
Output file downloaded to E:\Project\Biohub_CellTracking\experiments\diag_051_public_0942_tracklet_evidence\artifacts\tracking_repo/predictions/unknown/unet_transformer/split_0/44b6_0113de3b.geff/edges/ids/zarr.json
Output file downloaded to E:\Project\Biohub_CellTracking\experiments\diag_051_public_0942_tracklet_evidence\artifacts\tracking_repo/predictions/unknown/unet_transformer/split_0/44b6_0113de3b.geff/edges/props/edge_dist/values/c/0
Output file downloaded to E:\Project\Biohub_CellTracking\experiments\diag_051_public_0942_tracklet_evidence\artifacts\tracking_repo/predictions/unknown/unet_transformer/split_0/44b6_0113de3b.geff/edges/props/edge_dist/values/zarr.json
Output file downloaded to E:\Project\Biohub_CellTracking\experiments\diag_051_public_0942_tracklet_evidence\artifacts\tracking_repo/predictions/unknown/unet_transformer/split_0/44b6_0113de3b.geff/edges/props/edge_dist/zarr.json
Output file downloaded to E:\Project\Biohub_CellTracking\experiments\diag_051_public_0942_tracklet_evidence\artifacts\tracking_repo/predictions/unknown/unet_transformer/split_0/44b6_0113de3b.geff/edges/props/edge_prob/values/c/0
Output file downloaded to E:\Project\Biohub_CellTracking\experiments\diag_051_public_0942_tracklet_evidence\artifacts\tracking_repo/predictions/unknown/unet_transformer/split_0/44b6_0113de3b.geff/edges/props/edge_prob/values/zarr.json
Output file downloaded to E:\Project\Biohub_CellTracking\experiments\diag_051_public_0942_tracklet_evidence\artifacts\tracking_repo/predictions/unknown/unet_transformer/split_0/44b6_0113de3b.geff/edges/props/edge_prob/zarr.json
Output file downloaded to E:\Project\Biohub_CellTracking\experiments\diag_051_public_0942_tracklet_evidence\artifacts\tracking_repo/predictions/unknown/unet_transformer/split_0/44b6_0113de3b.geff/edges/props/solution/values/c/0
Output file downloaded to E:\Project\Biohub_CellTracking\experiments\diag_051_public_0942_tracklet_evidence\artifacts\tracking_repo/predictions/unknown/unet_transformer/split_0/44b6_0113de3b.geff/edges/props/solution/values/zarr.json
Output file downloaded to E:\Project\Biohub_CellTracking\experiments\diag_051_public_0942_tracklet_evidence\artifacts\tracking_repo/predictions/unknown/unet_transformer/split_0/44b6_0113de3b.geff/edges/props/solution/zarr.json
Output file downloaded to E:\Project\Biohub_CellTracking\experiments\diag_051_public_0942_tracklet_evidence\artifacts\tracking_repo/predictions/unknown/unet_transformer/split_0/44b6_0113de3b.geff/edges/props/zarr.json
Output file downloaded to E:\Project\Biohub_CellTracking\experiments\diag_051_public_0942_tracklet_evidence\artifacts\tracking_repo/predictions/unknown/unet_transformer/split_0/44b6_0113de3b.geff/edges/zarr.json
Output file downloaded to E:\Project\Biohub_CellTracking\experiments\diag_051_public_0942_tracklet_evidence\artifacts\tracking_repo/predictions/unknown/unet_transformer/split_0/44b6_0113de3b.geff/nodes/ids/c/0
Output file downloaded to E:\Project\Biohub_CellTracking\experiments\diag_051_public_0942_tracklet_evidence\artifacts\tracking_repo/predictions/unknown/unet_transformer/split_0/44b6_0113de3b.geff/nodes/ids/zarr.json
Output file downloaded to E:\Project\Biohub_CellTracking\experiments\diag_051_public_0942_tracklet_evidence\artifacts\tracking_repo/predictions/unknown/unet_transformer/split_0/44b6_0113de3b.geff/nodes/props/solution/values/c/0
Output file downloaded to E:\Project\Biohub_CellTracking\experiments\diag_051_public_0942_tracklet_evidence\artifacts\tracking_repo/predictions/unknown/unet_transformer/split_0/44b6_0113de3b.geff/nodes/props/solution/values/zarr.json
Output file downloaded to E:\Project\Biohub_CellTracking\experiments\diag_051_public_0942_tracklet_evidence\artifacts\tracking_repo/predictions/unknown/unet_transformer/split_0/44b6_0113de3b.geff/nodes/props/solution/zarr.json
Output file downloaded to E:\Project\Biohub_CellTracking\experiments\diag_051_public_0942_tracklet_evidence\artifacts\tracking_repo/predictions/unknown/unet_transformer/split_0/44b6_0113de3b.geff/nodes/props/t/values/c/0
Output file downloaded to E:\Project\Biohub_CellTracking\experiments\diag_051_public_0942_tracklet_evidence\artifacts\tracking_repo/predictions/unknown/unet_transformer/split_0/44b6_0113de3b.geff/nodes/props/t/values/zarr.json
Output file downloaded to E:\Project\Biohub_CellTracking\experiments\diag_051_public_0942_tracklet_evidence\artifacts\tracking_repo/predictions/unknown/unet_transformer/split_0/44b6_0113de3b.geff/nodes/props/t/zarr.json
Output file downloaded to E:\Project\Biohub_CellTracking\experiments\diag_051_public_0942_tracklet_evidence\artifacts\tracking_repo/predictions/unknown/unet_transformer/split_0/44b6_0113de3b.geff/nodes/props/x/values/c/0
Output file downloaded to E:\Project\Biohub_CellTracking\experiments\diag_051_public_0942_tracklet_evidence\artifacts\tracking_repo/predictions/unknown/unet_transformer/split_0/44b6_0113de3b.geff/nodes/props/x/values/zarr.json
Output file downloaded to E:\Project\Biohub_CellTracking\experiments\diag_051_public_0942_tracklet_evidence\artifacts\tracking_repo/predictions/unknown/unet_transformer/split_0/44b6_0113de3b.geff/nodes/props/x/zarr.json
Output file downloaded to E:\Project\Biohub_CellTracking\experiments\diag_051_public_0942_tracklet_evidence\artifacts\tracking_repo/predictions/unknown/unet_transformer/split_0/44b6_0113de3b.geff/nodes/props/y/values/c/0
Output file downloaded to E:\Project\Biohub_CellTracking\experiments\diag_051_public_0942_tracklet_evidence\artifacts\tracking_repo/predictions/unknown/unet_transformer/split_0/44b6_0113de3b.geff/nodes/props/y/values/zarr.json
Output file downloaded to E:\Project\Biohub_CellTracking\experiments\diag_051_public_0942_tracklet_evidence\artifacts\tracking_repo/predictions/unknown/unet_transformer/split_0/44b6_0113de3b.geff/nodes/props/y/zarr.json
Output file downloaded to E:\Project\Biohub_CellTracking\experiments\diag_051_public_0942_tracklet_evidence\artifacts\tracking_repo/predictions/unknown/unet_transformer/split_0/44b6_0113de3b.geff/nodes/props/z/values/c/0
Output file downloaded to E:\Project\Biohub_CellTracking\experiments\diag_051_public_0942_tracklet_evidence\artifacts\tracking_repo/predictions/unknown/unet_transformer/split_0/44b6_0113de3b.geff/nodes/props/z/values/zarr.json
Output file downloaded to E:\Project\Biohub_CellTracking\experiments\diag_051_public_0942_tracklet_evidence\artifacts\tracking_repo/predictions/unknown/unet_transformer/split_0/44b6_0113de3b.geff/nodes/props/z/zarr.json
Output file downloaded to E:\Project\Biohub_CellTracking\experiments\diag_051_public_0942_tracklet_evidence\artifacts\tracking_repo/predictions/unknown/unet_transformer/split_0/44b6_0113de3b.geff/nodes/props/zarr.json
Output file downloaded to E:\Project\Biohub_CellTracking\experiments\diag_051_public_0942_tracklet_evidence\artifacts\tracking_repo/predictions/unknown/unet_transformer/split_0/44b6_0113de3b.geff/nodes/zarr.json
Output file downloaded to E:\Project\Biohub_CellTracking\experiments\diag_051_public_0942_tracklet_evidence\artifacts\tracking_repo/predictions/unknown/unet_transformer/split_0/44b6_0113de3b.geff/zarr.json
Output file downloaded to E:\Project\Biohub_CellTracking\experiments\diag_051_public_0942_tracklet_evidence\artifacts\tracking_repo/predictions/unknown/unet_transformer/split_0/44b6_0b24845f.geff/edges/ids/c/0/0
Output file downloaded to E:\Project\Biohub_CellTracking\experiments\diag_051_public_0942_tracklet_evidence\artifacts\tracking_repo/predictions/unknown/unet_transformer/split_0/44b6_0b24845f.geff/edges/ids/zarr.json
Output file downloaded to E:\Project\Biohub_CellTracking\experiments\diag_051_public_0942_tracklet_evidence\artifacts\tracking_repo/predictions/unknown/unet_transformer/split_0/44b6_0b24845f.geff/edges/props/edge_dist/values/c/0
Output file downloaded to E:\Project\Biohub_CellTracking\experiments\diag_051_public_0942_tracklet_evidence\artifacts\tracking_repo/predictions/unknown/unet_transformer/split_0/44b6_0b24845f.geff/edges/props/edge_dist/values/zarr.json
Output file downloaded to E:\Project\Biohub_CellTracking\experiments\diag_051_public_0942_tracklet_evidence\artifacts\tracking_repo/predictions/unknown/unet_transformer/split_0/44b6_0b24845f.geff/edges/props/edge_dist/zarr.json
Output file downloaded to E:\Project\Biohub_CellTracking\experiments\diag_051_public_0942_tracklet_evidence\artifacts\tracking_repo/predictions/unknown/unet_transformer/split_0/44b6_0b24845f.geff/edges/props/edge_prob/values/c/0
Output file downloaded to E:\Project\Biohub_CellTracking\experiments\diag_051_public_0942_tracklet_evidence\artifacts\tracking_repo/predictions/unknown/unet_transformer/split_0/44b6_0b24845f.geff/edges/props/edge_prob/values/zarr.json
Output file downloaded to E:\Project\Biohub_CellTracking\experiments\diag_051_public_0942_tracklet_evidence\artifacts\tracking_repo/predictions/unknown/unet_transformer/split_0/44b6_0b24845f.geff/edges/props/edge_prob/zarr.json
Output file downloaded to E:\Project\Biohub_CellTracking\experiments\diag_051_public_0942_tracklet_evidence\artifacts\tracking_repo/predictions/unknown/unet_transformer/split_0/44b6_0b24845f.geff/edges/props/solution/values/c/0
Output file downloaded to E:\Project\Biohub_CellTracking\experiments\diag_051_public_0942_tracklet_evidence\artifacts\tracking_repo/predictions/unknown/unet_transformer/split_0/44b6_0b24845f.geff/edges/props/solution/values/zarr.json
Output file downloaded to E:\Project\Biohub_CellTracking\experiments\diag_051_public_0942_tracklet_evidence\artifacts\tracking_repo/predictions/unknown/unet_transformer/split_0/44b6_0b24845f.geff/edges/props/solution/zarr.json
Output file downloaded to E:\Project\Biohub_CellTracking\experiments\diag_051_public_0942_tracklet_evidence\artifacts\tracking_repo/predictions/unknown/unet_transformer/split_0/44b6_0b24845f.geff/edges/props/zarr.json
Output file downloaded to E:\Project\Biohub_CellTracking\experiments\diag_051_public_0942_tracklet_evidence\artifacts\tracking_repo/predictions/unknown/unet_transformer/split_0/44b6_0b24845f.geff/edges/zarr.json
Output file downloaded to E:\Project\Biohub_CellTracking\experiments\diag_051_public_0942_tracklet_evidence\artifacts\tracking_repo/predictions/unknown/unet_transformer/split_0/44b6_0b24845f.geff/nodes/ids/c/0
Output file downloaded to E:\Project\Biohub_CellTracking\experiments\diag_051_public_0942_tracklet_evidence\artifacts\tracking_repo/predictions/unknown/unet_transformer/split_0/44b6_0b24845f.geff/nodes/ids/zarr.json
Output file downloaded to E:\Project\Biohub_CellTracking\experiments\diag_051_public_0942_tracklet_evidence\artifacts\tracking_repo/predictions/unknown/unet_transformer/split_0/44b6_0b24845f.geff/nodes/props/solution/values/c/0
Output file downloaded to E:\Project\Biohub_CellTracking\experiments\diag_051_public_0942_tracklet_evidence\artifacts\tracking_repo/predictions/unknown/unet_transformer/split_0/44b6_0b24845f.geff/nodes/props/solution/values/zarr.json
Output file downloaded to E:\Project\Biohub_CellTracking\experiments\diag_051_public_0942_tracklet_evidence\artifacts\tracking_repo/predictions/unknown/unet_transformer/split_0/44b6_0b24845f.geff/nodes/props/solution/zarr.json
Output file downloaded to E:\Project\Biohub_CellTracking\experiments\diag_051_public_0942_tracklet_evidence\artifacts\tracking_repo/predictions/unknown/unet_transformer/split_0/44b6_0b24845f.geff/nodes/props/t/values/c/0
Output file downloaded to E:\Project\Biohub_CellTracking\experiments\diag_051_public_0942_tracklet_evidence\artifacts\tracking_repo/predictions/unknown/unet_transformer/split_0/44b6_0b24845f.geff/nodes/props/t/values/zarr.json
Output file downloaded to E:\Project\Biohub_CellTracking\experiments\diag_051_public_0942_tracklet_evidence\artifacts\tracking_repo/predictions/unknown/unet_transformer/split_0/44b6_0b24845f.geff/nodes/props/t/zarr.json
Output file downloaded to E:\Project\Biohub_CellTracking\experiments\diag_051_public_0942_tracklet_evidence\artifacts\tracking_repo/predictions/unknown/unet_transformer/split_0/44b6_0b24845f.geff/nodes/props/x/values/c/0
Output file downloaded to E:\Project\Biohub_CellTracking\experiments\diag_051_public_0942_tracklet_evidence\artifacts\tracking_repo/predictions/unknown/unet_transformer/split_0/44b6_0b24845f.geff/nodes/props/x/values/zarr.json
Output file downloaded to E:\Project\Biohub_CellTracking\experiments\diag_051_public_0942_tracklet_evidence\artifacts\tracking_repo/predictions/unknown/unet_transformer/split_0/44b6_0b24845f.geff/nodes/props/x/zarr.json
Output file downloaded to E:\Project\Biohub_CellTracking\experiments\diag_051_public_0942_tracklet_evidence\artifacts\tracking_repo/predictions/unknown/unet_transformer/split_0/44b6_0b24845f.geff/nodes/props/y/values/c/0
Output file downloaded to E:\Project\Biohub_CellTracking\experiments\diag_051_public_0942_tracklet_evidence\artifacts\tracking_repo/predictions/unknown/unet_transformer/split_0/44b6_0b24845f.geff/nodes/props/y/values/zarr.json
Output file downloaded to E:\Project\Biohub_CellTracking\experiments\diag_051_public_0942_tracklet_evidence\artifacts\tracking_repo/predictions/unknown/unet_transformer/split_0/44b6_0b24845f.geff/nodes/props/y/zarr.json
Output file downloaded to E:\Project\Biohub_CellTracking\experiments\diag_051_public_0942_tracklet_evidence\artifacts\tracking_repo/predictions/unknown/unet_transformer/split_0/44b6_0b24845f.geff/nodes/props/z/values/c/0
Output file downloaded to E:\Project\Biohub_CellTracking\experiments\diag_051_public_0942_tracklet_evidence\artifacts\tracking_repo/predictions/unknown/unet_transformer/split_0/44b6_0b24845f.geff/nodes/props/z/values/zarr.json
Output file downloaded to E:\Project\Biohub_CellTracking\experiments\diag_051_public_0942_tracklet_evidence\artifacts\tracking_repo/predictions/unknown/unet_transformer/split_0/44b6_0b24845f.geff/nodes/props/z/zarr.json
Output file downloaded to E:\Project\Biohub_CellTracking\experiments\diag_051_public_0942_tracklet_evidence\artifacts\tracking_repo/predictions/unknown/unet_transformer/split_0/44b6_0b24845f.geff/nodes/props/zarr.json
Output file downloaded to E:\Project\Biohub_CellTracking\experiments\diag_051_public_0942_tracklet_evidence\artifacts\tracking_repo/predictions/unknown/unet_transformer/split_0/44b6_0b24845f.geff/nodes/zarr.json
Output file downloaded to E:\Project\Biohub_CellTracking\experiments\diag_051_public_0942_tracklet_evidence\artifacts\tracking_repo/predictions/unknown/unet_transformer/split_0/44b6_0b24845f.geff/zarr.json
Output file downloaded to E:\Project\Biohub_CellTracking\experiments\diag_051_public_0942_tracklet_evidence\artifacts\tracking_repo/predictions/unknown/unet_transformer/split_0/6bba_05b6850b.geff/edges/ids/c/0/0
Output file downloaded to E:\Project\Biohub_CellTracking\experiments\diag_051_public_0942_tracklet_evidence\artifacts\tracking_repo/predictions/unknown/unet_transformer/split_0/6bba_05b6850b.geff/edges/ids/zarr.json
Output file downloaded to E:\Project\Biohub_CellTracking\experiments\diag_051_public_0942_tracklet_evidence\artifacts\tracking_repo/predictions/unknown/unet_transformer/split_0/6bba_05b6850b.geff/edges/props/edge_dist/values/c/0
Output file downloaded to E:\Project\Biohub_CellTracking\experiments\diag_051_public_0942_tracklet_evidence\artifacts\tracking_repo/predictions/unknown/unet_transformer/split_0/6bba_05b6850b.geff/edges/props/edge_dist/values/zarr.json
Output file downloaded to E:\Project\Biohub_CellTracking\experiments\diag_051_public_0942_tracklet_evidence\artifacts\tracking_repo/predictions/unknown/unet_transformer/split_0/6bba_05b6850b.geff/edges/props/edge_dist/zarr.json
Output file downloaded to E:\Project\Biohub_CellTracking\experiments\diag_051_public_0942_tracklet_evidence\artifacts\tracking_repo/predictions/unknown/unet_transformer/split_0/6bba_05b6850b.geff/edges/props/edge_prob/values/c/0
Output file downloaded to E:\Project\Biohub_CellTracking\experiments\diag_051_public_0942_tracklet_evidence\artifacts\tracking_repo/predictions/unknown/unet_transformer/split_0/6bba_05b6850b.geff/edges/props/edge_prob/values/zarr.json
Output file downloaded to E:\Project\Biohub_CellTracking\experiments\diag_051_public_0942_tracklet_evidence\artifacts\tracking_repo/predictions/unknown/unet_transformer/split_0/6bba_05b6850b.geff/edges/props/edge_prob/zarr.json
Output file downloaded to E:\Project\Biohub_CellTracking\experiments\diag_051_public_0942_tracklet_evidence\artifacts\tracking_repo/predictions/unknown/unet_transformer/split_0/6bba_05b6850b.geff/edges/props/solution/values/c/0
Output file downloaded to E:\Project\Biohub_CellTracking\experiments\diag_051_public_0942_tracklet_evidence\artifacts\tracking_repo/predictions/unknown/unet_transformer/split_0/6bba_05b6850b.geff/edges/props/solution/values/zarr.json
Output file downloaded to E:\Project\Biohub_CellTracking\experiments\diag_051_public_0942_tracklet_evidence\artifacts\tracking_repo/predictions/unknown/unet_transformer/split_0/6bba_05b6850b.geff/edges/props/solution/zarr.json
Output file downloaded to E:\Project\Biohub_CellTracking\experiments\diag_051_public_0942_tracklet_evidence\artifacts\tracking_repo/predictions/unknown/unet_transformer/split_0/6bba_05b6850b.geff/edges/props/zarr.json
Output file downloaded to E:\Project\Biohub_CellTracking\experiments\diag_051_public_0942_tracklet_evidence\artifacts\tracking_repo/predictions/unknown/unet_transformer/split_0/6bba_05b6850b.geff/edges/zarr.json
Output file downloaded to E:\Project\Biohub_CellTracking\experiments\diag_051_public_0942_tracklet_evidence\artifacts\tracking_repo/predictions/unknown/unet_transformer/split_0/6bba_05b6850b.geff/nodes/ids/c/0
Output file downloaded to E:\Project\Biohub_CellTracking\experiments\diag_051_public_0942_tracklet_evidence\artifacts\tracking_repo/predictions/unknown/unet_transformer/split_0/6bba_05b6850b.geff/nodes/ids/zarr.json
Output file downloaded to E:\Project\Biohub_CellTracking\experiments\diag_051_public_0942_tracklet_evidence\artifacts\tracking_repo/predictions/unknown/unet_transformer/split_0/6bba_05b6850b.geff/nodes/props/solution/values/c/0
Output file downloaded to E:\Project\Biohub_CellTracking\experiments\diag_051_public_0942_tracklet_evidence\artifacts\tracking_repo/predictions/unknown/unet_transformer/split_0/6bba_05b6850b.geff/nodes/props/solution/values/zarr.json
Output file downloaded to E:\Project\Biohub_CellTracking\experiments\diag_051_public_0942_tracklet_evidence\artifacts\tracking_repo/predictions/unknown/unet_transformer/split_0/6bba_05b6850b.geff/nodes/props/solution/zarr.json
Output file downloaded to E:\Project\Biohub_CellTracking\experiments\diag_051_public_0942_tracklet_evidence\artifacts\tracking_repo/predictions/unknown/unet_transformer/split_0/6bba_05b6850b.geff/nodes/props/t/values/c/0
Output file downloaded to E:\Project\Biohub_CellTracking\experiments\diag_051_public_0942_tracklet_evidence\artifacts\tracking_repo/predictions/unknown/unet_transformer/split_0/6bba_05b6850b.geff/nodes/props/t/values/zarr.json
Output file downloaded to E:\Project\Biohub_CellTracking\experiments\diag_051_public_0942_tracklet_evidence\artifacts\tracking_repo/predictions/unknown/unet_transformer/split_0/6bba_05b6850b.geff/nodes/props/t/zarr.json
Output file downloaded to E:\Project\Biohub_CellTracking\experiments\diag_051_public_0942_tracklet_evidence\artifacts\tracking_repo/predictions/unknown/unet_transformer/split_0/6bba_05b6850b.geff/nodes/props/x/values/c/0
Output file downloaded to E:\Project\Biohub_CellTracking\experiments\diag_051_public_0942_tracklet_evidence\artifacts\tracking_repo/predictions/unknown/unet_transformer/split_0/6bba_05b6850b.geff/nodes/props/x/values/zarr.json
Output file downloaded to E:\Project\Biohub_CellTracking\experiments\diag_051_public_0942_tracklet_evidence\artifacts\tracking_repo/predictions/unknown/unet_transformer/split_0/6bba_05b6850b.geff/nodes/props/x/zarr.json
Output file downloaded to E:\Project\Biohub_CellTracking\experiments\diag_051_public_0942_tracklet_evidence\artifacts\tracking_repo/predictions/unknown/unet_transformer/split_0/6bba_05b6850b.geff/nodes/props/y/values/c/0
Output file downloaded to E:\Project\Biohub_CellTracking\experiments\diag_051_public_0942_tracklet_evidence\artifacts\tracking_repo/predictions/unknown/unet_transformer/split_0/6bba_05b6850b.geff/nodes/props/y/values/zarr.json
Output file downloaded to E:\Project\Biohub_CellTracking\experiments\diag_051_public_0942_tracklet_evidence\artifacts\tracking_repo/predictions/unknown/unet_transformer/split_0/6bba_05b6850b.geff/nodes/props/y/zarr.json
Output file downloaded to E:\Project\Biohub_CellTracking\experiments\diag_051_public_0942_tracklet_evidence\artifacts\tracking_repo/predictions/unknown/unet_transformer/split_0/6bba_05b6850b.geff/nodes/props/z/values/c/0
Output file downloaded to E:\Project\Biohub_CellTracking\experiments\diag_051_public_0942_tracklet_evidence\artifacts\tracking_repo/predictions/unknown/unet_transformer/split_0/6bba_05b6850b.geff/nodes/props/z/values/zarr.json
Output file downloaded to E:\Project\Biohub_CellTracking\experiments\diag_051_public_0942_tracklet_evidence\artifacts\tracking_repo/predictions/unknown/unet_transformer/split_0/6bba_05b6850b.geff/nodes/props/z/zarr.json
Output file downloaded to E:\Project\Biohub_CellTracking\experiments\diag_051_public_0942_tracklet_evidence\artifacts\tracking_repo/predictions/unknown/unet_transformer/split_0/6bba_05b6850b.geff/nodes/props/zarr.json
Output file downloaded to E:\Project\Biohub_CellTracking\experiments\diag_051_public_0942_tracklet_evidence\artifacts\tracking_repo/predictions/unknown/unet_transformer/split_0/6bba_05b6850b.geff/nodes/zarr.json
Output file downloaded to E:\Project\Biohub_CellTracking\experiments\diag_051_public_0942_tracklet_evidence\artifacts\tracking_repo/predictions/unknown/unet_transformer/split_0/6bba_05b6850b.geff/zarr.json
Output file downloaded to E:\Project\Biohub_CellTracking\experiments\diag_051_public_0942_tracklet_evidence\artifacts\tracking_repo/predictions/unknown/unet_transformer/split_0/6bba_05db0fb1.geff/edges/ids/c/0/0
Output file downloaded to E:\Project\Biohub_CellTracking\experiments\diag_051_public_0942_tracklet_evidence\artifacts\tracking_repo/predictions/unknown/unet_transformer/split_0/6bba_05db0fb1.geff/edges/ids/zarr.json
Output file downloaded to E:\Project\Biohub_CellTracking\experiments\diag_051_public_0942_tracklet_evidence\artifacts\tracking_repo/predictions/unknown/unet_transformer/split_0/6bba_05db0fb1.geff/edges/props/edge_dist/values/c/0
Output file downloaded to E:\Project\Biohub_CellTracking\experiments\diag_051_public_0942_tracklet_evidence\artifacts\tracking_repo/predictions/unknown/unet_transformer/split_0/6bba_05db0fb1.geff/edges/props/edge_dist/values/zarr.json
Output file downloaded to E:\Project\Biohub_CellTracking\experiments\diag_051_public_0942_tracklet_evidence\artifacts\tracking_repo/predictions/unknown/unet_transformer/split_0/6bba_05db0fb1.geff/edges/props/edge_dist/zarr.json
Output file downloaded to E:\Project\Biohub_CellTracking\experiments\diag_051_public_0942_tracklet_evidence\artifacts\tracking_repo/predictions/unknown/unet_transformer/split_0/6bba_05db0fb1.geff/edges/props/edge_prob/values/c/0
Output file downloaded to E:\Project\Biohub_CellTracking\experiments\diag_051_public_0942_tracklet_evidence\artifacts\tracking_repo/predictions/unknown/unet_transformer/split_0/6bba_05db0fb1.geff/edges/props/edge_prob/values/zarr.json
Output file downloaded to E:\Project\Biohub_CellTracking\experiments\diag_051_public_0942_tracklet_evidence\artifacts\tracking_repo/predictions/unknown/unet_transformer/split_0/6bba_05db0fb1.geff/edges/props/edge_prob/zarr.json
Output file downloaded to E:\Project\Biohub_CellTracking\experiments\diag_051_public_0942_tracklet_evidence\artifacts\tracking_repo/predictions/unknown/unet_transformer/split_0/6bba_05db0fb1.geff/edges/props/solution/values/c/0
Output file downloaded to E:\Project\Biohub_CellTracking\experiments\diag_051_public_0942_tracklet_evidence\artifacts\tracking_repo/predictions/unknown/unet_transformer/split_0/6bba_05db0fb1.geff/edges/props/solution/values/zarr.json
Output file downloaded to E:\Project\Biohub_CellTracking\experiments\diag_051_public_0942_tracklet_evidence\artifacts\tracking_repo/predictions/unknown/unet_transformer/split_0/6bba_05db0fb1.geff/edges/props/solution/zarr.json
Output file downloaded to E:\Project\Biohub_CellTracking\experiments\diag_051_public_0942_tracklet_evidence\artifacts\tracking_repo/predictions/unknown/unet_transformer/split_0/6bba_05db0fb1.geff/edges/props/zarr.json
Output file downloaded to E:\Project\Biohub_CellTracking\experiments\diag_051_public_0942_tracklet_evidence\artifacts\tracking_repo/predictions/unknown/unet_transformer/split_0/6bba_05db0fb1.geff/edges/zarr.json
Output file downloaded to E:\Project\Biohub_CellTracking\experiments\diag_051_public_0942_tracklet_evidence\artifacts\tracking_repo/predictions/unknown/unet_transformer/split_0/6bba_05db0fb1.geff/nodes/ids/c/0
Output file downloaded to E:\Project\Biohub_CellTracking\experiments\diag_051_public_0942_tracklet_evidence\artifacts\tracking_repo/predictions/unknown/unet_transformer/split_0/6bba_05db0fb1.geff/nodes/ids/zarr.json
Output file downloaded to E:\Project\Biohub_CellTracking\experiments\diag_051_public_0942_tracklet_evidence\artifacts\tracking_repo/predictions/unknown/unet_transformer/split_0/6bba_05db0fb1.geff/nodes/props/solution/values/c/0
Output file downloaded to E:\Project\Biohub_CellTracking\experiments\diag_051_public_0942_tracklet_evidence\artifacts\tracking_repo/predictions/unknown/unet_transformer/split_0/6bba_05db0fb1.geff/nodes/props/solution/values/zarr.json
Output file downloaded to E:\Project\Biohub_CellTracking\experiments\diag_051_public_0942_tracklet_evidence\artifacts\tracking_repo/predictions/unknown/unet_transformer/split_0/6bba_05db0fb1.geff/nodes/props/solution/zarr.json
Output file downloaded to E:\Project\Biohub_CellTracking\experiments\diag_051_public_0942_tracklet_evidence\artifacts\tracking_repo/predictions/unknown/unet_transformer/split_0/6bba_05db0fb1.geff/nodes/props/t/values/c/0
Output file downloaded to E:\Project\Biohub_CellTracking\experiments\diag_051_public_0942_tracklet_evidence\artifacts\tracking_repo/predictions/unknown/unet_transformer/split_0/6bba_05db0fb1.geff/nodes/props/t/values/zarr.json
Output file downloaded to E:\Project\Biohub_CellTracking\experiments\diag_051_public_0942_tracklet_evidence\artifacts\tracking_repo/predictions/unknown/unet_transformer/split_0/6bba_05db0fb1.geff/nodes/props/t/zarr.json
Output file downloaded to E:\Project\Biohub_CellTracking\experiments\diag_051_public_0942_tracklet_evidence\artifacts\tracking_repo/predictions/unknown/unet_transformer/split_0/6bba_05db0fb1.geff/nodes/props/x/values/c/0
Output file downloaded to E:\Project\Biohub_CellTracking\experiments\diag_051_public_0942_tracklet_evidence\artifacts\tracking_repo/predictions/unknown/unet_transformer/split_0/6bba_05db0fb1.geff/nodes/props/x/values/zarr.json
Output file downloaded to E:\Project\Biohub_CellTracking\experiments\diag_051_public_0942_tracklet_evidence\artifacts\tracking_repo/predictions/unknown/unet_transformer/split_0/6bba_05db0fb1.geff/nodes/props/x/zarr.json
Output file downloaded to E:\Project\Biohub_CellTracking\experiments\diag_051_public_0942_tracklet_evidence\artifacts\tracking_repo/predictions/unknown/unet_transformer/split_0/6bba_05db0fb1.geff/nodes/props/y/values/c/0
Output file downloaded to E:\Project\Biohub_CellTracking\experiments\diag_051_public_0942_tracklet_evidence\artifacts\tracking_repo/predictions/unknown/unet_transformer/split_0/6bba_05db0fb1.geff/nodes/props/y/values/zarr.json
Output file downloaded to E:\Project\Biohub_CellTracking\experiments\diag_051_public_0942_tracklet_evidence\artifacts\tracking_repo/predictions/unknown/unet_transformer/split_0/6bba_05db0fb1.geff/nodes/props/y/zarr.json
Output file downloaded to E:\Project\Biohub_CellTracking\experiments\diag_051_public_0942_tracklet_evidence\artifacts\tracking_repo/predictions/unknown/unet_transformer/split_0/6bba_05db0fb1.geff/nodes/props/z/values/c/0
Output file downloaded to E:\Project\Biohub_CellTracking\experiments\diag_051_public_0942_tracklet_evidence\artifacts\tracking_repo/predictions/unknown/unet_transformer/split_0/6bba_05db0fb1.geff/nodes/props/z/values/zarr.json
Output file downloaded to E:\Project\Biohub_CellTracking\experiments\diag_051_public_0942_tracklet_evidence\artifacts\tracking_repo/predictions/unknown/unet_transformer/split_0/6bba_05db0fb1.geff/nodes/props/z/zarr.json
Output file downloaded to E:\Project\Biohub_CellTracking\experiments\diag_051_public_0942_tracklet_evidence\artifacts\tracking_repo/predictions/unknown/unet_transformer/split_0/6bba_05db0fb1.geff/nodes/props/zarr.json
Output file downloaded to E:\Project\Biohub_CellTracking\experiments\diag_051_public_0942_tracklet_evidence\artifacts\tracking_repo/predictions/unknown/unet_transformer/split_0/6bba_05db0fb1.geff/nodes/zarr.json
Output file downloaded to E:\Project\Biohub_CellTracking\experiments\diag_051_public_0942_tracklet_evidence\artifacts\tracking_repo/predictions/unknown/unet_transformer/split_0/6bba_05db0fb1.geff/zarr.json
Output file downloaded to E:\Project\Biohub_CellTracking\experiments\diag_051_public_0942_tracklet_evidence\artifacts\tracking_repo/predictions/unknown/unet_transformer_val/split_0/44b6_1d530831.geff/edges/ids/c/0/0
Output file downloaded to E:\Project\Biohub_CellTracking\experiments\diag_051_public_0942_tracklet_evidence\artifacts\tracking_repo/predictions/unknown/unet_transformer_val/split_0/44b6_1d530831.geff/edges/ids/zarr.json
Output file downloaded to E:\Project\Biohub_CellTracking\experiments\diag_051_public_0942_tracklet_evidence\artifacts\tracking_repo/predictions/unknown/unet_transformer_val/split_0/44b6_1d530831.geff/edges/props/edge_dist/values/c/0
Output file downloaded to E:\Project\Biohub_CellTracking\experiments\diag_051_public_0942_tracklet_evidence\artifacts\tracking_repo/predictions/unknown/unet_transformer_val/split_0/44b6_1d530831.geff/edges/props/edge_dist/values/zarr.json
Output file downloaded to E:\Project\Biohub_CellTracking\experiments\diag_051_public_0942_tracklet_evidence\artifacts\tracking_repo/predictions/unknown/unet_transformer_val/split_0/44b6_1d530831.geff/edges/props/edge_dist/zarr.json
Output file downloaded to E:\Project\Biohub_CellTracking\experiments\diag_051_public_0942_tracklet_evidence\artifacts\tracking_repo/predictions/unknown/unet_transformer_val/split_0/44b6_1d530831.geff/edges/props/edge_prob/values/c/0
Output file downloaded to E:\Project\Biohub_CellTracking\experiments\diag_051_public_0942_tracklet_evidence\artifacts\tracking_repo/predictions/unknown/unet_transformer_val/split_0/44b6_1d530831.geff/edges/props/edge_prob/values/zarr.json
Output file downloaded to E:\Project\Biohub_CellTracking\experiments\diag_051_public_0942_tracklet_evidence\artifacts\tracking_repo/predictions/unknown/unet_transformer_val/split_0/44b6_1d530831.geff/edges/props/edge_prob/zarr.json
Output file downloaded to E:\Project\Biohub_CellTracking\experiments\diag_051_public_0942_tracklet_evidence\artifacts\tracking_repo/predictions/unknown/unet_transformer_val/split_0/44b6_1d530831.geff/edges/props/solution/values/c/0
Output file downloaded to E:\Project\Biohub_CellTracking\experiments\diag_051_public_0942_tracklet_evidence\artifacts\tracking_repo/predictions/unknown/unet_transformer_val/split_0/44b6_1d530831.geff/edges/props/solution/values/zarr.json
Output file downloaded to E:\Project\Biohub_CellTracking\experiments\diag_051_public_0942_tracklet_evidence\artifacts\tracking_repo/predictions/unknown/unet_transformer_val/split_0/44b6_1d530831.geff/edges/props/solution/zarr.json
Output file downloaded to E:\Project\Biohub_CellTracking\experiments\diag_051_public_0942_tracklet_evidence\artifacts\tracking_repo/predictions/unknown/unet_transformer_val/split_0/44b6_1d530831.geff/edges/props/zarr.json
Output file downloaded to E:\Project\Biohub_CellTracking\experiments\diag_051_public_0942_tracklet_evidence\artifacts\tracking_repo/predictions/unknown/unet_transformer_val/split_0/44b6_1d530831.geff/edges/zarr.json
Output file downloaded to E:\Project\Biohub_CellTracking\experiments\diag_051_public_0942_tracklet_evidence\artifacts\tracking_repo/predictions/unknown/unet_transformer_val/split_0/44b6_1d530831.geff/nodes/ids/c/0
Output file downloaded to E:\Project\Biohub_CellTracking\experiments\diag_051_public_0942_tracklet_evidence\artifacts\tracking_repo/predictions/unknown/unet_transformer_val/split_0/44b6_1d530831.geff/nodes/ids/zarr.json
Output file downloaded to E:\Project\Biohub_CellTracking\experiments\diag_051_public_0942_tracklet_evidence\artifacts\tracking_repo/predictions/unknown/unet_transformer_val/split_0/44b6_1d530831.geff/nodes/props/solution/values/c/0
Output file downloaded to E:\Project\Biohub_CellTracking\experiments\diag_051_public_0942_tracklet_evidence\artifacts\tracking_repo/predictions/unknown/unet_transformer_val/split_0/44b6_1d530831.geff/nodes/props/solution/values/zarr.json
Output file downloaded to E:\Project\Biohub_CellTracking\experiments\diag_051_public_0942_tracklet_evidence\artifacts\tracking_repo/predictions/unknown/unet_transformer_val/split_0/44b6_1d530831.geff/nodes/props/solution/zarr.json
Output file downloaded to E:\Project\Biohub_CellTracking\experiments\diag_051_public_0942_tracklet_evidence\artifacts\tracking_repo/predictions/unknown/unet_transformer_val/split_0/44b6_1d530831.geff/nodes/props/t/values/c/0
Output file downloaded to E:\Project\Biohub_CellTracking\experiments\diag_051_public_0942_tracklet_evidence\artifacts\tracking_repo/predictions/unknown/unet_transformer_val/split_0/44b6_1d530831.geff/nodes/props/t/values/zarr.json
Output file downloaded to E:\Project\Biohub_CellTracking\experiments\diag_051_public_0942_tracklet_evidence\artifacts\tracking_repo/predictions/unknown/unet_transformer_val/split_0/44b6_1d530831.geff/nodes/props/t/zarr.json
Output file downloaded to E:\Project\Biohub_CellTracking\experiments\diag_051_public_0942_tracklet_evidence\artifacts\tracking_repo/predictions/unknown/unet_transformer_val/split_0/44b6_1d530831.geff/nodes/props/x/values/c/0
Output file downloaded to E:\Project\Biohub_CellTracking\experiments\diag_051_public_0942_tracklet_evidence\artifacts\tracking_repo/predictions/unknown/unet_transformer_val/split_0/44b6_1d530831.geff/nodes/props/x/values/zarr.json
Output file downloaded to E:\Project\Biohub_CellTracking\experiments\diag_051_public_0942_tracklet_evidence\artifacts\tracking_repo/predictions/unknown/unet_transformer_val/split_0/44b6_1d530831.geff/nodes/props/x/zarr.json
Output file downloaded to E:\Project\Biohub_CellTracking\experiments\diag_051_public_0942_tracklet_evidence\artifacts\tracking_repo/predictions/unknown/unet_transformer_val/split_0/44b6_1d530831.geff/nodes/props/y/values/c/0
Output file downloaded to E:\Project\Biohub_CellTracking\experiments\diag_051_public_0942_tracklet_evidence\artifacts\tracking_repo/predictions/unknown/unet_transformer_val/split_0/44b6_1d530831.geff/nodes/props/y/values/zarr.json
Output file downloaded to E:\Project\Biohub_CellTracking\experiments\diag_051_public_0942_tracklet_evidence\artifacts\tracking_repo/predictions/unknown/unet_transformer_val/split_0/44b6_1d530831.geff/nodes/props/y/zarr.json
Output file downloaded to E:\Project\Biohub_CellTracking\experiments\diag_051_public_0942_tracklet_evidence\artifacts\tracking_repo/predictions/unknown/unet_transformer_val/split_0/44b6_1d530831.geff/nodes/props/z/values/c/0
Output file downloaded to E:\Project\Biohub_CellTracking\experiments\diag_051_public_0942_tracklet_evidence\artifacts\tracking_repo/predictions/unknown/unet_transformer_val/split_0/44b6_1d530831.geff/nodes/props/z/values/zarr.json
Output file downloaded to E:\Project\Biohub_CellTracking\experiments\diag_051_public_0942_tracklet_evidence\artifacts\tracking_repo/predictions/unknown/unet_transformer_val/split_0/44b6_1d530831.geff/nodes/props/z/zarr.json
Output file downloaded to E:\Project\Biohub_CellTracking\experiments\diag_051_public_0942_tracklet_evidence\artifacts\tracking_repo/predictions/unknown/unet_transformer_val/split_0/44b6_1d530831.geff/nodes/props/zarr.json
Output file downloaded to E:\Project\Biohub_CellTracking\experiments\diag_051_public_0942_tracklet_evidence\artifacts\tracking_repo/predictions/unknown/unet_transformer_val/split_0/44b6_1d530831.geff/nodes/zarr.json
Output file downloaded to E:\Project\Biohub_CellTracking\experiments\diag_051_public_0942_tracklet_evidence\artifacts\tracking_repo/predictions/unknown/unet_transformer_val/split_0/44b6_1d530831.geff/zarr.json
Output file downloaded to E:\Project\Biohub_CellTracking\experiments\diag_051_public_0942_tracklet_evidence\artifacts\tracking_repo/predictions/unknown/unet_transformer_val/split_0/44b6_2a2eff9f.geff/edges/ids/c/0/0
Output file downloaded to E:\Project\Biohub_CellTracking\experiments\diag_051_public_0942_tracklet_evidence\artifacts\tracking_repo/predictions/unknown/unet_transformer_val/split_0/44b6_2a2eff9f.geff/edges/ids/zarr.json
Output file downloaded to E:\Project\Biohub_CellTracking\experiments\diag_051_public_0942_tracklet_evidence\artifacts\tracking_repo/predictions/unknown/unet_transformer_val/split_0/44b6_2a2eff9f.geff/edges/props/edge_dist/values/c/0
Output file downloaded to E:\Project\Biohub_CellTracking\experiments\diag_051_public_0942_tracklet_evidence\artifacts\tracking_repo/predictions/unknown/unet_transformer_val/split_0/44b6_2a2eff9f.geff/edges/props/edge_dist/values/zarr.json
Output file downloaded to E:\Project\Biohub_CellTracking\experiments\diag_051_public_0942_tracklet_evidence\artifacts\tracking_repo/predictions/unknown/unet_transformer_val/split_0/44b6_2a2eff9f.geff/edges/props/edge_dist/zarr.json
Output file downloaded to E:\Project\Biohub_CellTracking\experiments\diag_051_public_0942_tracklet_evidence\artifacts\tracking_repo/predictions/unknown/unet_transformer_val/split_0/44b6_2a2eff9f.geff/edges/props/edge_prob/values/c/0
Output file downloaded to E:\Project\Biohub_CellTracking\experiments\diag_051_public_0942_tracklet_evidence\artifacts\tracking_repo/predictions/unknown/unet_transformer_val/split_0/44b6_2a2eff9f.geff/edges/props/edge_prob/values/zarr.json
Output file downloaded to E:\Project\Biohub_CellTracking\experiments\diag_051_public_0942_tracklet_evidence\artifacts\tracking_repo/predictions/unknown/unet_transformer_val/split_0/44b6_2a2eff9f.geff/edges/props/edge_prob/zarr.json
Output file downloaded to E:\Project\Biohub_CellTracking\experiments\diag_051_public_0942_tracklet_evidence\artifacts\tracking_repo/predictions/unknown/unet_transformer_val/split_0/44b6_2a2eff9f.geff/edges/props/solution/values/c/0
Output file downloaded to E:\Project\Biohub_CellTracking\experiments\diag_051_public_0942_tracklet_evidence\artifacts\tracking_repo/predictions/unknown/unet_transformer_val/split_0/44b6_2a2eff9f.geff/edges/props/solution/values/zarr.json
Output file downloaded to E:\Project\Biohub_CellTracking\experiments\diag_051_public_0942_tracklet_evidence\artifacts\tracking_repo/predictions/unknown/unet_transformer_val/split_0/44b6_2a2eff9f.geff/edges/props/solution/zarr.json
Output file downloaded to E:\Project\Biohub_CellTracking\experiments\diag_051_public_0942_tracklet_evidence\artifacts\tracking_repo/predictions/unknown/unet_transformer_val/split_0/44b6_2a2eff9f.geff/edges/props/zarr.json
Output file downloaded to E:\Project\Biohub_CellTracking\experiments\diag_051_public_0942_tracklet_evidence\artifacts\tracking_repo/predictions/unknown/unet_transformer_val/split_0/44b6_2a2eff9f.geff/edges/zarr.json
Output file downloaded to E:\Project\Biohub_CellTracking\experiments\diag_051_public_0942_tracklet_evidence\artifacts\tracking_repo/predictions/unknown/unet_transformer_val/split_0/44b6_2a2eff9f.geff/nodes/ids/c/0
Output file downloaded to E:\Project\Biohub_CellTracking\experiments\diag_051_public_0942_tracklet_evidence\artifacts\tracking_repo/predictions/unknown/unet_transformer_val/split_0/44b6_2a2eff9f.geff/nodes/ids/zarr.json
Output file downloaded to E:\Project\Biohub_CellTracking\experiments\diag_051_public_0942_tracklet_evidence\artifacts\tracking_repo/predictions/unknown/unet_transformer_val/split_0/44b6_2a2eff9f.geff/nodes/props/solution/values/c/0
Output file downloaded to E:\Project\Biohub_CellTracking\experiments\diag_051_public_0942_tracklet_evidence\artifacts\tracking_repo/predictions/unknown/unet_transformer_val/split_0/44b6_2a2eff9f.geff/nodes/props/solution/values/zarr.json
Output file downloaded to E:\Project\Biohub_CellTracking\experiments\diag_051_public_0942_tracklet_evidence\artifacts\tracking_repo/predictions/unknown/unet_transformer_val/split_0/44b6_2a2eff9f.geff/nodes/props/solution/zarr.json
Output file downloaded to E:\Project\Biohub_CellTracking\experiments\diag_051_public_0942_tracklet_evidence\artifacts\tracking_repo/predictions/unknown/unet_transformer_val/split_0/44b6_2a2eff9f.geff/nodes/props/t/values/c/0
Output file downloaded to E:\Project\Biohub_CellTracking\experiments\diag_051_public_0942_tracklet_evidence\artifacts\tracking_repo/predictions/unknown/unet_transformer_val/split_0/44b6_2a2eff9f.geff/nodes/props/t/values/zarr.json
Output file downloaded to E:\Project\Biohub_CellTracking\experiments\diag_051_public_0942_tracklet_evidence\artifacts\tracking_repo/predictions/unknown/unet_transformer_val/split_0/44b6_2a2eff9f.geff/nodes/props/t/zarr.json
Output file downloaded to E:\Project\Biohub_CellTracking\experiments\diag_051_public_0942_tracklet_evidence\artifacts\tracking_repo/predictions/unknown/unet_transformer_val/split_0/44b6_2a2eff9f.geff/nodes/props/x/values/c/0
Output file downloaded to E:\Project\Biohub_CellTracking\experiments\diag_051_public_0942_tracklet_evidence\artifacts\tracking_repo/predictions/unknown/unet_transformer_val/split_0/44b6_2a2eff9f.geff/nodes/props/x/values/zarr.json
Output file downloaded to E:\Project\Biohub_CellTracking\experiments\diag_051_public_0942_tracklet_evidence\artifacts\tracking_repo/predictions/unknown/unet_transformer_val/split_0/44b6_2a2eff9f.geff/nodes/props/x/zarr.json
Output file downloaded to E:\Project\Biohub_CellTracking\experiments\diag_051_public_0942_tracklet_evidence\artifacts\tracking_repo/predictions/unknown/unet_transformer_val/split_0/44b6_2a2eff9f.geff/nodes/props/y/values/c/0
Output file downloaded to E:\Project\Biohub_CellTracking\experiments\diag_051_public_0942_tracklet_evidence\artifacts\tracking_repo/predictions/unknown/unet_transformer_val/split_0/44b6_2a2eff9f.geff/nodes/props/y/values/zarr.json
Output file downloaded to E:\Project\Biohub_CellTracking\experiments\diag_051_public_0942_tracklet_evidence\artifacts\tracking_repo/predictions/unknown/unet_transformer_val/split_0/44b6_2a2eff9f.geff/nodes/props/y/zarr.json
Output file downloaded to E:\Project\Biohub_CellTracking\experiments\diag_051_public_0942_tracklet_evidence\artifacts\tracking_repo/predictions/unknown/unet_transformer_val/split_0/44b6_2a2eff9f.geff/nodes/props/z/values/c/0
Output file downloaded to E:\Project\Biohub_CellTracking\experiments\diag_051_public_0942_tracklet_evidence\artifacts\tracking_repo/predictions/unknown/unet_transformer_val/split_0/44b6_2a2eff9f.geff/nodes/props/z/values/zarr.json
Output file downloaded to E:\Project\Biohub_CellTracking\experiments\diag_051_public_0942_tracklet_evidence\artifacts\tracking_repo/predictions/unknown/unet_transformer_val/split_0/44b6_2a2eff9f.geff/nodes/props/z/zarr.json
Output file downloaded to E:\Project\Biohub_CellTracking\experiments\diag_051_public_0942_tracklet_evidence\artifacts\tracking_repo/predictions/unknown/unet_transformer_val/split_0/44b6_2a2eff9f.geff/nodes/props/zarr.json
Output file downloaded to E:\Project\Biohub_CellTracking\experiments\diag_051_public_0942_tracklet_evidence\artifacts\tracking_repo/predictions/unknown/unet_transformer_val/split_0/44b6_2a2eff9f.geff/nodes/zarr.json
Output file downloaded to E:\Project\Biohub_CellTracking\experiments\diag_051_public_0942_tracklet_evidence\artifacts\tracking_repo/predictions/unknown/unet_transformer_val/split_0/44b6_2a2eff9f.geff/zarr.json
Output file downloaded to E:\Project\Biohub_CellTracking\experiments\diag_051_public_0942_tracklet_evidence\artifacts\tracking_repo/predictions/unknown/unet_transformer_val/split_0/44b6_551a5dba.geff/edges/ids/c/0/0
Output file downloaded to E:\Project\Biohub_CellTracking\experiments\diag_051_public_0942_tracklet_evidence\artifacts\tracking_repo/predictions/unknown/unet_transformer_val/split_0/44b6_551a5dba.geff/edges/ids/zarr.json
Output file downloaded to E:\Project\Biohub_CellTracking\experiments\diag_051_public_0942_tracklet_evidence\artifacts\tracking_repo/predictions/unknown/unet_transformer_val/split_0/44b6_551a5dba.geff/edges/props/edge_dist/values/c/0
Output file downloaded to E:\Project\Biohub_CellTracking\experiments\diag_051_public_0942_tracklet_evidence\artifacts\tracking_repo/predictions/unknown/unet_transformer_val/split_0/44b6_551a5dba.geff/edges/props/edge_dist/values/zarr.json
Output file downloaded to E:\Project\Biohub_CellTracking\experiments\diag_051_public_0942_tracklet_evidence\artifacts\tracking_repo/predictions/unknown/unet_transformer_val/split_0/44b6_551a5dba.geff/edges/props/edge_dist/zarr.json
Output file downloaded to E:\Project\Biohub_CellTracking\experiments\diag_051_public_0942_tracklet_evidence\artifacts\tracking_repo/predictions/unknown/unet_transformer_val/split_0/44b6_551a5dba.geff/edges/props/edge_prob/values/c/0
Output file downloaded to E:\Project\Biohub_CellTracking\experiments\diag_051_public_0942_tracklet_evidence\artifacts\tracking_repo/predictions/unknown/unet_transformer_val/split_0/44b6_551a5dba.geff/edges/props/edge_prob/values/zarr.json
Output file downloaded to E:\Project\Biohub_CellTracking\experiments\diag_051_public_0942_tracklet_evidence\artifacts\tracking_repo/predictions/unknown/unet_transformer_val/split_0/44b6_551a5dba.geff/edges/props/edge_prob/zarr.json
Output file downloaded to E:\Project\Biohub_CellTracking\experiments\diag_051_public_0942_tracklet_evidence\artifacts\tracking_repo/predictions/unknown/unet_transformer_val/split_0/44b6_551a5dba.geff/edges/props/solution/values/c/0
Output file downloaded to E:\Project\Biohub_CellTracking\experiments\diag_051_public_0942_tracklet_evidence\artifacts\tracking_repo/predictions/unknown/unet_transformer_val/split_0/44b6_551a5dba.geff/edges/props/solution/values/zarr.json
Output file downloaded to E:\Project\Biohub_CellTracking\experiments\diag_051_public_0942_tracklet_evidence\artifacts\tracking_repo/predictions/unknown/unet_transformer_val/split_0/44b6_551a5dba.geff/edges/props/solution/zarr.json
Output file downloaded to E:\Project\Biohub_CellTracking\experiments\diag_051_public_0942_tracklet_evidence\artifacts\tracking_repo/predictions/unknown/unet_transformer_val/split_0/44b6_551a5dba.geff/edges/props/zarr.json
Output file downloaded to E:\Project\Biohub_CellTracking\experiments\diag_051_public_0942_tracklet_evidence\artifacts\tracking_repo/predictions/unknown/unet_transformer_val/split_0/44b6_551a5dba.geff/edges/zarr.json
Output file downloaded to E:\Project\Biohub_CellTracking\experiments\diag_051_public_0942_tracklet_evidence\artifacts\tracking_repo/predictions/unknown/unet_transformer_val/split_0/44b6_551a5dba.geff/nodes/ids/c/0
Output file downloaded to E:\Project\Biohub_CellTracking\experiments\diag_051_public_0942_tracklet_evidence\artifacts\tracking_repo/predictions/unknown/unet_transformer_val/split_0/44b6_551a5dba.geff/nodes/ids/zarr.json
Output file downloaded to E:\Project\Biohub_CellTracking\experiments\diag_051_public_0942_tracklet_evidence\artifacts\tracking_repo/predictions/unknown/unet_transformer_val/split_0/44b6_551a5dba.geff/nodes/props/solution/values/c/0
Output file downloaded to E:\Project\Biohub_CellTracking\experiments\diag_051_public_0942_tracklet_evidence\artifacts\tracking_repo/predictions/unknown/unet_transformer_val/split_0/44b6_551a5dba.geff/nodes/props/solution/values/zarr.json
Output file downloaded to E:\Project\Biohub_CellTracking\experiments\diag_051_public_0942_tracklet_evidence\artifacts\tracking_repo/predictions/unknown/unet_transformer_val/split_0/44b6_551a5dba.geff/nodes/props/solution/zarr.json
Output file downloaded to E:\Project\Biohub_CellTracking\experiments\diag_051_public_0942_tracklet_evidence\artifacts\tracking_repo/predictions/unknown/unet_transformer_val/split_0/44b6_551a5dba.geff/nodes/props/t/values/c/0
Output file downloaded to E:\Project\Biohub_CellTracking\experiments\diag_051_public_0942_tracklet_evidence\artifacts\tracking_repo/predictions/unknown/unet_transformer_val/split_0/44b6_551a5dba.geff/nodes/props/t/values/zarr.json
Output file downloaded to E:\Project\Biohub_CellTracking\experiments\diag_051_public_0942_tracklet_evidence\artifacts\tracking_repo/predictions/unknown/unet_transformer_val/split_0/44b6_551a5dba.geff/nodes/props/t/zarr.json
Output file downloaded to E:\Project\Biohub_CellTracking\experiments\diag_051_public_0942_tracklet_evidence\artifacts\tracking_repo/predictions/unknown/unet_transformer_val/split_0/44b6_551a5dba.geff/nodes/props/x/values/c/0
Output file downloaded to E:\Project\Biohub_CellTracking\experiments\diag_051_public_0942_tracklet_evidence\artifacts\tracking_repo/predictions/unknown/unet_transformer_val/split_0/44b6_551a5dba.geff/nodes/props/x/values/zarr.json
Output file downloaded to E:\Project\Biohub_CellTracking\experiments\diag_051_public_0942_tracklet_evidence\artifacts\tracking_repo/predictions/unknown/unet_transformer_val/split_0/44b6_551a5dba.geff/nodes/props/x/zarr.json
Output file downloaded to E:\Project\Biohub_CellTracking\experiments\diag_051_public_0942_tracklet_evidence\artifacts\tracking_repo/predictions/unknown/unet_transformer_val/split_0/44b6_551a5dba.geff/nodes/props/y/values/c/0
Output file downloaded to E:\Project\Biohub_CellTracking\experiments\diag_051_public_0942_tracklet_evidence\artifacts\tracking_repo/predictions/unknown/unet_transformer_val/split_0/44b6_551a5dba.geff/nodes/props/y/values/zarr.json
Output file downloaded to E:\Project\Biohub_CellTracking\experiments\diag_051_public_0942_tracklet_evidence\artifacts\tracking_repo/predictions/unknown/unet_transformer_val/split_0/44b6_551a5dba.geff/nodes/props/y/zarr.json
Output file downloaded to E:\Project\Biohub_CellTracking\experiments\diag_051_public_0942_tracklet_evidence\artifacts\tracking_repo/predictions/unknown/unet_transformer_val/split_0/44b6_551a5dba.geff/nodes/props/z/values/c/0
Output file downloaded to E:\Project\Biohub_CellTracking\experiments\diag_051_public_0942_tracklet_evidence\artifacts\tracking_repo/predictions/unknown/unet_transformer_val/split_0/44b6_551a5dba.geff/nodes/props/z/values/zarr.json
Output file downloaded to E:\Project\Biohub_CellTracking\experiments\diag_051_public_0942_tracklet_evidence\artifacts\tracking_repo/predictions/unknown/unet_transformer_val/split_0/44b6_551a5dba.geff/nodes/props/z/zarr.json
Output file downloaded to E:\Project\Biohub_CellTracking\experiments\diag_051_public_0942_tracklet_evidence\artifacts\tracking_repo/predictions/unknown/unet_transformer_val/split_0/44b6_551a5dba.geff/nodes/props/zarr.json
Output file downloaded to E:\Project\Biohub_CellTracking\experiments\diag_051_public_0942_tracklet_evidence\artifacts\tracking_repo/predictions/unknown/unet_transformer_val/split_0/44b6_551a5dba.geff/nodes/zarr.json
Output file downloaded to E:\Project\Biohub_CellTracking\experiments\diag_051_public_0942_tracklet_evidence\artifacts\tracking_repo/predictions/unknown/unet_transformer_val/split_0/44b6_551a5dba.geff/zarr.json
Output file downloaded to E:\Project\Biohub_CellTracking\experiments\diag_051_public_0942_tracklet_evidence\artifacts\tracking_repo/predictions/unknown/unet_transformer_val/split_0/44b6_7a302da0.geff/edges/ids/c/0/0
Output file downloaded to E:\Project\Biohub_CellTracking\experiments\diag_051_public_0942_tracklet_evidence\artifacts\tracking_repo/predictions/unknown/unet_transformer_val/split_0/44b6_7a302da0.geff/edges/ids/zarr.json
Output file downloaded to E:\Project\Biohub_CellTracking\experiments\diag_051_public_0942_tracklet_evidence\artifacts\tracking_repo/predictions/unknown/unet_transformer_val/split_0/44b6_7a302da0.geff/edges/props/edge_dist/values/c/0
Output file downloaded to E:\Project\Biohub_CellTracking\experiments\diag_051_public_0942_tracklet_evidence\artifacts\tracking_repo/predictions/unknown/unet_transformer_val/split_0/44b6_7a302da0.geff/edges/props/edge_dist/values/zarr.json
Output file downloaded to E:\Project\Biohub_CellTracking\experiments\diag_051_public_0942_tracklet_evidence\artifacts\tracking_repo/predictions/unknown/unet_transformer_val/split_0/44b6_7a302da0.geff/edges/props/edge_dist/zarr.json
Output file downloaded to E:\Project\Biohub_CellTracking\experiments\diag_051_public_0942_tracklet_evidence\artifacts\tracking_repo/predictions/unknown/unet_transformer_val/split_0/44b6_7a302da0.geff/edges/props/edge_prob/values/c/0
Output file downloaded to E:\Project\Biohub_CellTracking\experiments\diag_051_public_0942_tracklet_evidence\artifacts\tracking_repo/predictions/unknown/unet_transformer_val/split_0/44b6_7a302da0.geff/edges/props/edge_prob/values/zarr.json
Output file downloaded to E:\Project\Biohub_CellTracking\experiments\diag_051_public_0942_tracklet_evidence\artifacts\tracking_repo/predictions/unknown/unet_transformer_val/split_0/44b6_7a302da0.geff/edges/props/edge_prob/zarr.json
Output file downloaded to E:\Project\Biohub_CellTracking\experiments\diag_051_public_0942_tracklet_evidence\artifacts\tracking_repo/predictions/unknown/unet_transformer_val/split_0/44b6_7a302da0.geff/edges/props/solution/values/c/0
Output file downloaded to E:\Project\Biohub_CellTracking\experiments\diag_051_public_0942_tracklet_evidence\artifacts\tracking_repo/predictions/unknown/unet_transformer_val/split_0/44b6_7a302da0.geff/edges/props/solution/values/zarr.json
Output file downloaded to E:\Project\Biohub_CellTracking\experiments\diag_051_public_0942_tracklet_evidence\artifacts\tracking_repo/predictions/unknown/unet_transformer_val/split_0/44b6_7a302da0.geff/edges/props/solution/zarr.json
Output file downloaded to E:\Project\Biohub_CellTracking\experiments\diag_051_public_0942_tracklet_evidence\artifacts\tracking_repo/predictions/unknown/unet_transformer_val/split_0/44b6_7a302da0.geff/edges/props/zarr.json
Output file downloaded to E:\Project\Biohub_CellTracking\experiments\diag_051_public_0942_tracklet_evidence\artifacts\tracking_repo/predictions/unknown/unet_transformer_val/split_0/44b6_7a302da0.geff/edges/zarr.json
Output file downloaded to E:\Project\Biohub_CellTracking\experiments\diag_051_public_0942_tracklet_evidence\artifacts\tracking_repo/predictions/unknown/unet_transformer_val/split_0/44b6_7a302da0.geff/nodes/ids/c/0
Output file downloaded to E:\Project\Biohub_CellTracking\experiments\diag_051_public_0942_tracklet_evidence\artifacts\tracking_repo/predictions/unknown/unet_transformer_val/split_0/44b6_7a302da0.geff/nodes/ids/zarr.json
Output file downloaded to E:\Project\Biohub_CellTracking\experiments\diag_051_public_0942_tracklet_evidence\artifacts\tracking_repo/predictions/unknown/unet_transformer_val/split_0/44b6_7a302da0.geff/nodes/props/solution/values/c/0
Output file downloaded to E:\Project\Biohub_CellTracking\experiments\diag_051_public_0942_tracklet_evidence\artifacts\tracking_repo/predictions/unknown/unet_transformer_val/split_0/44b6_7a302da0.geff/nodes/props/solution/values/zarr.json
Output file downloaded to E:\Project\Biohub_CellTracking\experiments\diag_051_public_0942_tracklet_evidence\artifacts\tracking_repo/predictions/unknown/unet_transformer_val/split_0/44b6_7a302da0.geff/nodes/props/solution/zarr.json
Output file downloaded to E:\Project\Biohub_CellTracking\experiments\diag_051_public_0942_tracklet_evidence\artifacts\tracking_repo/predictions/unknown/unet_transformer_val/split_0/44b6_7a302da0.geff/nodes/props/t/values/c/0
Output file downloaded to E:\Project\Biohub_CellTracking\experiments\diag_051_public_0942_tracklet_evidence\artifacts\tracking_repo/predictions/unknown/unet_transformer_val/split_0/44b6_7a302da0.geff/nodes/props/t/values/zarr.json
Output file downloaded to E:\Project\Biohub_CellTracking\experiments\diag_051_public_0942_tracklet_evidence\artifacts\tracking_repo/predictions/unknown/unet_transformer_val/split_0/44b6_7a302da0.geff/nodes/props/t/zarr.json
Output file downloaded to E:\Project\Biohub_CellTracking\experiments\diag_051_public_0942_tracklet_evidence\artifacts\tracking_repo/predictions/unknown/unet_transformer_val/split_0/44b6_7a302da0.geff/nodes/props/x/values/c/0
Output file downloaded to E:\Project\Biohub_CellTracking\experiments\diag_051_public_0942_tracklet_evidence\artifacts\tracking_repo/predictions/unknown/unet_transformer_val/split_0/44b6_7a302da0.geff/nodes/props/x/values/zarr.json
Output file downloaded to E:\Project\Biohub_CellTracking\experiments\diag_051_public_0942_tracklet_evidence\artifacts\tracking_repo/predictions/unknown/unet_transformer_val/split_0/44b6_7a302da0.geff/nodes/props/x/zarr.json
Output file downloaded to E:\Project\Biohub_CellTracking\experiments\diag_051_public_0942_tracklet_evidence\artifacts\tracking_repo/predictions/unknown/unet_transformer_val/split_0/44b6_7a302da0.geff/nodes/props/y/values/c/0
Output file downloaded to E:\Project\Biohub_CellTracking\experiments\diag_051_public_0942_tracklet_evidence\artifacts\tracking_repo/predictions/unknown/unet_transformer_val/split_0/44b6_7a302da0.geff/nodes/props/y/values/zarr.json
Output file downloaded to E:\Project\Biohub_CellTracking\experiments\diag_051_public_0942_tracklet_evidence\artifacts\tracking_repo/predictions/unknown/unet_transformer_val/split_0/44b6_7a302da0.geff/nodes/props/y/zarr.json
Output file downloaded to E:\Project\Biohub_CellTracking\experiments\diag_051_public_0942_tracklet_evidence\artifacts\tracking_repo/predictions/unknown/unet_transformer_val/split_0/44b6_7a302da0.geff/nodes/props/z/values/c/0
Output file downloaded to E:\Project\Biohub_CellTracking\experiments\diag_051_public_0942_tracklet_evidence\artifacts\tracking_repo/predictions/unknown/unet_transformer_val/split_0/44b6_7a302da0.geff/nodes/props/z/values/zarr.json
Output file downloaded to E:\Project\Biohub_CellTracking\experiments\diag_051_public_0942_tracklet_evidence\artifacts\tracking_repo/predictions/unknown/unet_transformer_val/split_0/44b6_7a302da0.geff/nodes/props/z/zarr.json
Output file downloaded to E:\Project\Biohub_CellTracking\experiments\diag_051_public_0942_tracklet_evidence\artifacts\tracking_repo/predictions/unknown/unet_transformer_val/split_0/44b6_7a302da0.geff/nodes/props/zarr.json
Output file downloaded to E:\Project\Biohub_CellTracking\experiments\diag_051_public_0942_tracklet_evidence\artifacts\tracking_repo/predictions/unknown/unet_transformer_val/split_0/44b6_7a302da0.geff/nodes/zarr.json
Output file downloaded to E:\Project\Biohub_CellTracking\experiments\diag_051_public_0942_tracklet_evidence\artifacts\tracking_repo/predictions/unknown/unet_transformer_val/split_0/44b6_7a302da0.geff/zarr.json
Output file downloaded to E:\Project\Biohub_CellTracking\experiments\diag_051_public_0942_tracklet_evidence\artifacts\tracking_repo/predictions/unknown/unet_transformer_val/split_0/44b6_7e557709.geff/edges/ids/c/0/0
Output file downloaded to E:\Project\Biohub_CellTracking\experiments\diag_051_public_0942_tracklet_evidence\artifacts\tracking_repo/predictions/unknown/unet_transformer_val/split_0/44b6_7e557709.geff/edges/ids/zarr.json
Output file downloaded to E:\Project\Biohub_CellTracking\experiments\diag_051_public_0942_tracklet_evidence\artifacts\tracking_repo/predictions/unknown/unet_transformer_val/split_0/44b6_7e557709.geff/edges/props/edge_dist/values/c/0
Output file downloaded to E:\Project\Biohub_CellTracking\experiments\diag_051_public_0942_tracklet_evidence\artifacts\tracking_repo/predictions/unknown/unet_transformer_val/split_0/44b6_7e557709.geff/edges/props/edge_dist/values/zarr.json
Output file downloaded to E:\Project\Biohub_CellTracking\experiments\diag_051_public_0942_tracklet_evidence\artifacts\tracking_repo/predictions/unknown/unet_transformer_val/split_0/44b6_7e557709.geff/edges/props/edge_dist/zarr.json
Output file downloaded to E:\Project\Biohub_CellTracking\experiments\diag_051_public_0942_tracklet_evidence\artifacts\tracking_repo/predictions/unknown/unet_transformer_val/split_0/44b6_7e557709.geff/edges/props/edge_prob/values/c/0
Output file downloaded to E:\Project\Biohub_CellTracking\experiments\diag_051_public_0942_tracklet_evidence\artifacts\tracking_repo/predictions/unknown/unet_transformer_val/split_0/44b6_7e557709.geff/edges/props/edge_prob/values/zarr.json
Output file downloaded to E:\Project\Biohub_CellTracking\experiments\diag_051_public_0942_tracklet_evidence\artifacts\tracking_repo/predictions/unknown/unet_transformer_val/split_0/44b6_7e557709.geff/edges/props/edge_prob/zarr.json
Output file downloaded to E:\Project\Biohub_CellTracking\experiments\diag_051_public_0942_tracklet_evidence\artifacts\tracking_repo/predictions/unknown/unet_transformer_val/split_0/44b6_7e557709.geff/edges/props/solution/values/c/0
Output file downloaded to E:\Project\Biohub_CellTracking\experiments\diag_051_public_0942_tracklet_evidence\artifacts\tracking_repo/predictions/unknown/unet_transformer_val/split_0/44b6_7e557709.geff/edges/props/solution/values/zarr.json
Output file downloaded to E:\Project\Biohub_CellTracking\experiments\diag_051_public_0942_tracklet_evidence\artifacts\tracking_repo/predictions/unknown/unet_transformer_val/split_0/44b6_7e557709.geff/edges/props/solution/zarr.json
Output file downloaded to E:\Project\Biohub_CellTracking\experiments\diag_051_public_0942_tracklet_evidence\artifacts\tracking_repo/predictions/unknown/unet_transformer_val/split_0/44b6_7e557709.geff/edges/props/zarr.json
Output file downloaded to E:\Project\Biohub_CellTracking\experiments\diag_051_public_0942_tracklet_evidence\artifacts\tracking_repo/predictions/unknown/unet_transformer_val/split_0/44b6_7e557709.geff/edges/zarr.json
Output file downloaded to E:\Project\Biohub_CellTracking\experiments\diag_051_public_0942_tracklet_evidence\artifacts\tracking_repo/predictions/unknown/unet_transformer_val/split_0/44b6_7e557709.geff/nodes/ids/c/0
Output file downloaded to E:\Project\Biohub_CellTracking\experiments\diag_051_public_0942_tracklet_evidence\artifacts\tracking_repo/predictions/unknown/unet_transformer_val/split_0/44b6_7e557709.geff/nodes/ids/zarr.json
Output file downloaded to E:\Project\Biohub_CellTracking\experiments\diag_051_public_0942_tracklet_evidence\artifacts\tracking_repo/predictions/unknown/unet_transformer_val/split_0/44b6_7e557709.geff/nodes/props/solution/values/c/0
Output file downloaded to E:\Project\Biohub_CellTracking\experiments\diag_051_public_0942_tracklet_evidence\artifacts\tracking_repo/predictions/unknown/unet_transformer_val/split_0/44b6_7e557709.geff/nodes/props/solution/values/zarr.json
Output file downloaded to E:\Project\Biohub_CellTracking\experiments\diag_051_public_0942_tracklet_evidence\artifacts\tracking_repo/predictions/unknown/unet_transformer_val/split_0/44b6_7e557709.geff/nodes/props/solution/zarr.json
Output file downloaded to E:\Project\Biohub_CellTracking\experiments\diag_051_public_0942_tracklet_evidence\artifacts\tracking_repo/predictions/unknown/unet_transformer_val/split_0/44b6_7e557709.geff/nodes/props/t/values/c/0
Output file downloaded to E:\Project\Biohub_CellTracking\experiments\diag_051_public_0942_tracklet_evidence\artifacts\tracking_repo/predictions/unknown/unet_transformer_val/split_0/44b6_7e557709.geff/nodes/props/t/values/zarr.json
Output file downloaded to E:\Project\Biohub_CellTracking\experiments\diag_051_public_0942_tracklet_evidence\artifacts\tracking_repo/predictions/unknown/unet_transformer_val/split_0/44b6_7e557709.geff/nodes/props/t/zarr.json
Output file downloaded to E:\Project\Biohub_CellTracking\experiments\diag_051_public_0942_tracklet_evidence\artifacts\tracking_repo/predictions/unknown/unet_transformer_val/split_0/44b6_7e557709.geff/nodes/props/x/values/c/0
Output file downloaded to E:\Project\Biohub_CellTracking\experiments\diag_051_public_0942_tracklet_evidence\artifacts\tracking_repo/predictions/unknown/unet_transformer_val/split_0/44b6_7e557709.geff/nodes/props/x/values/zarr.json
Output file downloaded to E:\Project\Biohub_CellTracking\experiments\diag_051_public_0942_tracklet_evidence\artifacts\tracking_repo/predictions/unknown/unet_transformer_val/split_0/44b6_7e557709.geff/nodes/props/x/zarr.json
Output file downloaded to E:\Project\Biohub_CellTracking\experiments\diag_051_public_0942_tracklet_evidence\artifacts\tracking_repo/predictions/unknown/unet_transformer_val/split_0/44b6_7e557709.geff/nodes/props/y/values/c/0
Output file downloaded to E:\Project\Biohub_CellTracking\experiments\diag_051_public_0942_tracklet_evidence\artifacts\tracking_repo/predictions/unknown/unet_transformer_val/split_0/44b6_7e557709.geff/nodes/props/y/values/zarr.json
Output file downloaded to E:\Project\Biohub_CellTracking\experiments\diag_051_public_0942_tracklet_evidence\artifacts\tracking_repo/predictions/unknown/unet_transformer_val/split_0/44b6_7e557709.geff/nodes/props/y/zarr.json
Output file downloaded to E:\Project\Biohub_CellTracking\experiments\diag_051_public_0942_tracklet_evidence\artifacts\tracking_repo/predictions/unknown/unet_transformer_val/split_0/44b6_7e557709.geff/nodes/props/z/values/c/0
Output file downloaded to E:\Project\Biohub_CellTracking\experiments\diag_051_public_0942_tracklet_evidence\artifacts\tracking_repo/predictions/unknown/unet_transformer_val/split_0/44b6_7e557709.geff/nodes/props/z/values/zarr.json
Output file downloaded to E:\Project\Biohub_CellTracking\experiments\diag_051_public_0942_tracklet_evidence\artifacts\tracking_repo/predictions/unknown/unet_transformer_val/split_0/44b6_7e557709.geff/nodes/props/z/zarr.json
Output file downloaded to E:\Project\Biohub_CellTracking\experiments\diag_051_public_0942_tracklet_evidence\artifacts\tracking_repo/predictions/unknown/unet_transformer_val/split_0/44b6_7e557709.geff/nodes/props/zarr.json
Output file downloaded to E:\Project\Biohub_CellTracking\experiments\diag_051_public_0942_tracklet_evidence\artifacts\tracking_repo/predictions/unknown/unet_transformer_val/split_0/44b6_7e557709.geff/nodes/zarr.json
Output file downloaded to E:\Project\Biohub_CellTracking\experiments\diag_051_public_0942_tracklet_evidence\artifacts\tracking_repo/predictions/unknown/unet_transformer_val/split_0/44b6_7e557709.geff/zarr.json
Output file downloaded to E:\Project\Biohub_CellTracking\experiments\diag_051_public_0942_tracklet_evidence\artifacts\tracking_repo/predictions/unknown/unet_transformer_val/split_0/44b6_aaf8b0ea.geff/edges/ids/c/0/0
Output file downloaded to E:\Project\Biohub_CellTracking\experiments\diag_051_public_0942_tracklet_evidence\artifacts\tracking_repo/predictions/unknown/unet_transformer_val/split_0/44b6_aaf8b0ea.geff/edges/ids/zarr.json
Output file downloaded to E:\Project\Biohub_CellTracking\experiments\diag_051_public_0942_tracklet_evidence\artifacts\tracking_repo/predictions/unknown/unet_transformer_val/split_0/44b6_aaf8b0ea.geff/edges/props/edge_dist/values/c/0
Output file downloaded to E:\Project\Biohub_CellTracking\experiments\diag_051_public_0942_tracklet_evidence\artifacts\tracking_repo/predictions/unknown/unet_transformer_val/split_0/44b6_aaf8b0ea.geff/edges/props/edge_dist/values/zarr.json
Output file downloaded to E:\Project\Biohub_CellTracking\experiments\diag_051_public_0942_tracklet_evidence\artifacts\tracking_repo/predictions/unknown/unet_transformer_val/split_0/44b6_aaf8b0ea.geff/edges/props/edge_dist/zarr.json
Output file downloaded to E:\Project\Biohub_CellTracking\experiments\diag_051_public_0942_tracklet_evidence\artifacts\tracking_repo/predictions/unknown/unet_transformer_val/split_0/44b6_aaf8b0ea.geff/edges/props/edge_prob/values/c/0
Output file downloaded to E:\Project\Biohub_CellTracking\experiments\diag_051_public_0942_tracklet_evidence\artifacts\tracking_repo/predictions/unknown/unet_transformer_val/split_0/44b6_aaf8b0ea.geff/edges/props/edge_prob/values/zarr.json
Output file downloaded to E:\Project\Biohub_CellTracking\experiments\diag_051_public_0942_tracklet_evidence\artifacts\tracking_repo/predictions/unknown/unet_transformer_val/split_0/44b6_aaf8b0ea.geff/edges/props/edge_prob/zarr.json
Output file downloaded to E:\Project\Biohub_CellTracking\experiments\diag_051_public_0942_tracklet_evidence\artifacts\tracking_repo/predictions/unknown/unet_transformer_val/split_0/44b6_aaf8b0ea.geff/edges/props/solution/values/c/0
Output file downloaded to E:\Project\Biohub_CellTracking\experiments\diag_051_public_0942_tracklet_evidence\artifacts\tracking_repo/predictions/unknown/unet_transformer_val/split_0/44b6_aaf8b0ea.geff/edges/props/solution/values/zarr.json
Output file downloaded to E:\Project\Biohub_CellTracking\experiments\diag_051_public_0942_tracklet_evidence\artifacts\tracking_repo/predictions/unknown/unet_transformer_val/split_0/44b6_aaf8b0ea.geff/edges/props/solution/zarr.json
Output file downloaded to E:\Project\Biohub_CellTracking\experiments\diag_051_public_0942_tracklet_evidence\artifacts\tracking_repo/predictions/unknown/unet_transformer_val/split_0/44b6_aaf8b0ea.geff/edges/props/zarr.json
Output file downloaded to E:\Project\Biohub_CellTracking\experiments\diag_051_public_0942_tracklet_evidence\artifacts\tracking_repo/predictions/unknown/unet_transformer_val/split_0/44b6_aaf8b0ea.geff/edges/zarr.json
Output file downloaded to E:\Project\Biohub_CellTracking\experiments\diag_051_public_0942_tracklet_evidence\artifacts\tracking_repo/predictions/unknown/unet_transformer_val/split_0/44b6_aaf8b0ea.geff/nodes/ids/c/0
Output file downloaded to E:\Project\Biohub_CellTracking\experiments\diag_051_public_0942_tracklet_evidence\artifacts\tracking_repo/predictions/unknown/unet_transformer_val/split_0/44b6_aaf8b0ea.geff/nodes/ids/zarr.json
Output file downloaded to E:\Project\Biohub_CellTracking\experiments\diag_051_public_0942_tracklet_evidence\artifacts\tracking_repo/predictions/unknown/unet_transformer_val/split_0/44b6_aaf8b0ea.geff/nodes/props/solution/values/c/0
Output file downloaded to E:\Project\Biohub_CellTracking\experiments\diag_051_public_0942_tracklet_evidence\artifacts\tracking_repo/predictions/unknown/unet_transformer_val/split_0/44b6_aaf8b0ea.geff/nodes/props/solution/values/zarr.json
Output file downloaded to E:\Project\Biohub_CellTracking\experiments\diag_051_public_0942_tracklet_evidence\artifacts\tracking_repo/predictions/unknown/unet_transformer_val/split_0/44b6_aaf8b0ea.geff/nodes/props/solution/zarr.json
Output file downloaded to E:\Project\Biohub_CellTracking\experiments\diag_051_public_0942_tracklet_evidence\artifacts\tracking_repo/predictions/unknown/unet_transformer_val/split_0/44b6_aaf8b0ea.geff/nodes/props/t/values/c/0
Output file downloaded to E:\Project\Biohub_CellTracking\experiments\diag_051_public_0942_tracklet_evidence\artifacts\tracking_repo/predictions/unknown/unet_transformer_val/split_0/44b6_aaf8b0ea.geff/nodes/props/t/values/zarr.json
Output file downloaded to E:\Project\Biohub_CellTracking\experiments\diag_051_public_0942_tracklet_evidence\artifacts\tracking_repo/predictions/unknown/unet_transformer_val/split_0/44b6_aaf8b0ea.geff/nodes/props/t/zarr.json
Output file downloaded to E:\Project\Biohub_CellTracking\experiments\diag_051_public_0942_tracklet_evidence\artifacts\tracking_repo/predictions/unknown/unet_transformer_val/split_0/44b6_aaf8b0ea.geff/nodes/props/x/values/c/0
Output file downloaded to E:\Project\Biohub_CellTracking\experiments\diag_051_public_0942_tracklet_evidence\artifacts\tracking_repo/predictions/unknown/unet_transformer_val/split_0/44b6_aaf8b0ea.geff/nodes/props/x/values/zarr.json
Output file downloaded to E:\Project\Biohub_CellTracking\experiments\diag_051_public_0942_tracklet_evidence\artifacts\tracking_repo/predictions/unknown/unet_transformer_val/split_0/44b6_aaf8b0ea.geff/nodes/props/x/zarr.json
Output file downloaded to E:\Project\Biohub_CellTracking\experiments\diag_051_public_0942_tracklet_evidence\artifacts\tracking_repo/predictions/unknown/unet_transformer_val/split_0/44b6_aaf8b0ea.geff/nodes/props/y/values/c/0
Output file downloaded to E:\Project\Biohub_CellTracking\experiments\diag_051_public_0942_tracklet_evidence\artifacts\tracking_repo/predictions/unknown/unet_transformer_val/split_0/44b6_aaf8b0ea.geff/nodes/props/y/values/zarr.json
Output file downloaded to E:\Project\Biohub_CellTracking\experiments\diag_051_public_0942_tracklet_evidence\artifacts\tracking_repo/predictions/unknown/unet_transformer_val/split_0/44b6_aaf8b0ea.geff/nodes/props/y/zarr.json
Output file downloaded to E:\Project\Biohub_CellTracking\experiments\diag_051_public_0942_tracklet_evidence\artifacts\tracking_repo/predictions/unknown/unet_transformer_val/split_0/44b6_aaf8b0ea.geff/nodes/props/z/values/c/0
Output file downloaded to E:\Project\Biohub_CellTracking\experiments\diag_051_public_0942_tracklet_evidence\artifacts\tracking_repo/predictions/unknown/unet_transformer_val/split_0/44b6_aaf8b0ea.geff/nodes/props/z/values/zarr.json
Output file downloaded to E:\Project\Biohub_CellTracking\experiments\diag_051_public_0942_tracklet_evidence\artifacts\tracking_repo/predictions/unknown/unet_transformer_val/split_0/44b6_aaf8b0ea.geff/nodes/props/z/zarr.json
Output file downloaded to E:\Project\Biohub_CellTracking\experiments\diag_051_public_0942_tracklet_evidence\artifacts\tracking_repo/predictions/unknown/unet_transformer_val/split_0/44b6_aaf8b0ea.geff/nodes/props/zarr.json
Output file downloaded to E:\Project\Biohub_CellTracking\experiments\diag_051_public_0942_tracklet_evidence\artifacts\tracking_repo/predictions/unknown/unet_transformer_val/split_0/44b6_aaf8b0ea.geff/nodes/zarr.json
Output file downloaded to E:\Project\Biohub_CellTracking\experiments\diag_051_public_0942_tracklet_evidence\artifacts\tracking_repo/predictions/unknown/unet_transformer_val/split_0/44b6_aaf8b0ea.geff/zarr.json
Output file downloaded to E:\Project\Biohub_CellTracking\experiments\diag_051_public_0942_tracklet_evidence\artifacts\tracking_repo/predictions/unknown/unet_transformer_val/split_0/44b6_c15fded2.geff/edges/ids/c/0/0
Output file downloaded to E:\Project\Biohub_CellTracking\experiments\diag_051_public_0942_tracklet_evidence\artifacts\tracking_repo/predictions/unknown/unet_transformer_val/split_0/44b6_c15fded2.geff/edges/ids/zarr.json
Output file downloaded to E:\Project\Biohub_CellTracking\experiments\diag_051_public_0942_tracklet_evidence\artifacts\tracking_repo/predictions/unknown/unet_transformer_val/split_0/44b6_c15fded2.geff/edges/props/edge_dist/values/c/0
Output file downloaded to E:\Project\Biohub_CellTracking\experiments\diag_051_public_0942_tracklet_evidence\artifacts\tracking_repo/predictions/unknown/unet_transformer_val/split_0/44b6_c15fded2.geff/edges/props/edge_dist/values/zarr.json
Output file downloaded to E:\Project\Biohub_CellTracking\experiments\diag_051_public_0942_tracklet_evidence\artifacts\tracking_repo/predictions/unknown/unet_transformer_val/split_0/44b6_c15fded2.geff/edges/props/edge_dist/zarr.json
Output file downloaded to E:\Project\Biohub_CellTracking\experiments\diag_051_public_0942_tracklet_evidence\artifacts\tracking_repo/predictions/unknown/unet_transformer_val/split_0/44b6_c15fded2.geff/edges/props/edge_prob/values/c/0
Output file downloaded to E:\Project\Biohub_CellTracking\experiments\diag_051_public_0942_tracklet_evidence\artifacts\tracking_repo/predictions/unknown/unet_transformer_val/split_0/44b6_c15fded2.geff/edges/props/edge_prob/values/zarr.json
Output file downloaded to E:\Project\Biohub_CellTracking\experiments\diag_051_public_0942_tracklet_evidence\artifacts\tracking_repo/predictions/unknown/unet_transformer_val/split_0/44b6_c15fded2.geff/edges/props/edge_prob/zarr.json
Output file downloaded to E:\Project\Biohub_CellTracking\experiments\diag_051_public_0942_tracklet_evidence\artifacts\tracking_repo/predictions/unknown/unet_transformer_val/split_0/44b6_c15fded2.geff/edges/props/solution/values/c/0
Output file downloaded to E:\Project\Biohub_CellTracking\experiments\diag_051_public_0942_tracklet_evidence\artifacts\tracking_repo/predictions/unknown/unet_transformer_val/split_0/44b6_c15fded2.geff/edges/props/solution/values/zarr.json
Output file downloaded to E:\Project\Biohub_CellTracking\experiments\diag_051_public_0942_tracklet_evidence\artifacts\tracking_repo/predictions/unknown/unet_transformer_val/split_0/44b6_c15fded2.geff/edges/props/solution/zarr.json
Output file downloaded to E:\Project\Biohub_CellTracking\experiments\diag_051_public_0942_tracklet_evidence\artifacts\tracking_repo/predictions/unknown/unet_transformer_val/split_0/44b6_c15fded2.geff/edges/props/zarr.json
Output file downloaded to E:\Project\Biohub_CellTracking\experiments\diag_051_public_0942_tracklet_evidence\artifacts\tracking_repo/predictions/unknown/unet_transformer_val/split_0/44b6_c15fded2.geff/edges/zarr.json
Output file downloaded to E:\Project\Biohub_CellTracking\experiments\diag_051_public_0942_tracklet_evidence\artifacts\tracking_repo/predictions/unknown/unet_transformer_val/split_0/44b6_c15fded2.geff/nodes/ids/c/0
Output file downloaded to E:\Project\Biohub_CellTracking\experiments\diag_051_public_0942_tracklet_evidence\artifacts\tracking_repo/predictions/unknown/unet_transformer_val/split_0/44b6_c15fded2.geff/nodes/ids/zarr.json
Output file downloaded to E:\Project\Biohub_CellTracking\experiments\diag_051_public_0942_tracklet_evidence\artifacts\tracking_repo/predictions/unknown/unet_transformer_val/split_0/44b6_c15fded2.geff/nodes/props/solution/values/c/0
Output file downloaded to E:\Project\Biohub_CellTracking\experiments\diag_051_public_0942_tracklet_evidence\artifacts\tracking_repo/predictions/unknown/unet_transformer_val/split_0/44b6_c15fded2.geff/nodes/props/solution/values/zarr.json
Output file downloaded to E:\Project\Biohub_CellTracking\experiments\diag_051_public_0942_tracklet_evidence\artifacts\tracking_repo/predictions/unknown/unet_transformer_val/split_0/44b6_c15fded2.geff/nodes/props/solution/zarr.json
Output file downloaded to E:\Project\Biohub_CellTracking\experiments\diag_051_public_0942_tracklet_evidence\artifacts\tracking_repo/predictions/unknown/unet_transformer_val/split_0/44b6_c15fded2.geff/nodes/props/t/values/c/0
Output file downloaded to E:\Project\Biohub_CellTracking\experiments\diag_051_public_0942_tracklet_evidence\artifacts\tracking_repo/predictions/unknown/unet_transformer_val/split_0/44b6_c15fded2.geff/nodes/props/t/values/zarr.json
Output file downloaded to E:\Project\Biohub_CellTracking\experiments\diag_051_public_0942_tracklet_evidence\artifacts\tracking_repo/predictions/unknown/unet_transformer_val/split_0/44b6_c15fded2.geff/nodes/props/t/zarr.json
Output file downloaded to E:\Project\Biohub_CellTracking\experiments\diag_051_public_0942_tracklet_evidence\artifacts\tracking_repo/predictions/unknown/unet_transformer_val/split_0/44b6_c15fded2.geff/nodes/props/x/values/c/0
Output file downloaded to E:\Project\Biohub_CellTracking\experiments\diag_051_public_0942_tracklet_evidence\artifacts\tracking_repo/predictions/unknown/unet_transformer_val/split_0/44b6_c15fded2.geff/nodes/props/x/values/zarr.json
Output file downloaded to E:\Project\Biohub_CellTracking\experiments\diag_051_public_0942_tracklet_evidence\artifacts\tracking_repo/predictions/unknown/unet_transformer_val/split_0/44b6_c15fded2.geff/nodes/props/x/zarr.json
Output file downloaded to E:\Project\Biohub_CellTracking\experiments\diag_051_public_0942_tracklet_evidence\artifacts\tracking_repo/predictions/unknown/unet_transformer_val/split_0/44b6_c15fded2.geff/nodes/props/y/values/c/0
Output file downloaded to E:\Project\Biohub_CellTracking\experiments\diag_051_public_0942_tracklet_evidence\artifacts\tracking_repo/predictions/unknown/unet_transformer_val/split_0/44b6_c15fded2.geff/nodes/props/y/values/zarr.json
Output file downloaded to E:\Project\Biohub_CellTracking\experiments\diag_051_public_0942_tracklet_evidence\artifacts\tracking_repo/predictions/unknown/unet_transformer_val/split_0/44b6_c15fded2.geff/nodes/props/y/zarr.json
Output file downloaded to E:\Project\Biohub_CellTracking\experiments\diag_051_public_0942_tracklet_evidence\artifacts\tracking_repo/predictions/unknown/unet_transformer_val/split_0/44b6_c15fded2.geff/nodes/props/z/values/c/0
Output file downloaded to E:\Project\Biohub_CellTracking\experiments\diag_051_public_0942_tracklet_evidence\artifacts\tracking_repo/predictions/unknown/unet_transformer_val/split_0/44b6_c15fded2.geff/nodes/props/z/values/zarr.json
Output file downloaded to E:\Project\Biohub_CellTracking\experiments\diag_051_public_0942_tracklet_evidence\artifacts\tracking_repo/predictions/unknown/unet_transformer_val/split_0/44b6_c15fded2.geff/nodes/props/z/zarr.json
Output file downloaded to E:\Project\Biohub_CellTracking\experiments\diag_051_public_0942_tracklet_evidence\artifacts\tracking_repo/predictions/unknown/unet_transformer_val/split_0/44b6_c15fded2.geff/nodes/props/zarr.json
Output file downloaded to E:\Project\Biohub_CellTracking\experiments\diag_051_public_0942_tracklet_evidence\artifacts\tracking_repo/predictions/unknown/unet_transformer_val/split_0/44b6_c15fded2.geff/nodes/zarr.json
Output file downloaded to E:\Project\Biohub_CellTracking\experiments\diag_051_public_0942_tracklet_evidence\artifacts\tracking_repo/predictions/unknown/unet_transformer_val/split_0/44b6_c15fded2.geff/zarr.json
Output file downloaded to E:\Project\Biohub_CellTracking\experiments\diag_051_public_0942_tracklet_evidence\artifacts\tracking_repo/predictions/unknown/unet_transformer_val/split_0/44b6_c50204e0.geff/edges/ids/c/0/0
Output file downloaded to E:\Project\Biohub_CellTracking\experiments\diag_051_public_0942_tracklet_evidence\artifacts\tracking_repo/predictions/unknown/unet_transformer_val/split_0/44b6_c50204e0.geff/edges/ids/zarr.json
Output file downloaded to E:\Project\Biohub_CellTracking\experiments\diag_051_public_0942_tracklet_evidence\artifacts\tracking_repo/predictions/unknown/unet_transformer_val/split_0/44b6_c50204e0.geff/edges/props/edge_dist/values/c/0
Output file downloaded to E:\Project\Biohub_CellTracking\experiments\diag_051_public_0942_tracklet_evidence\artifacts\tracking_repo/predictions/unknown/unet_transformer_val/split_0/44b6_c50204e0.geff/edges/props/edge_dist/values/zarr.json
Output file downloaded to E:\Project\Biohub_CellTracking\experiments\diag_051_public_0942_tracklet_evidence\artifacts\tracking_repo/predictions/unknown/unet_transformer_val/split_0/44b6_c50204e0.geff/edges/props/edge_dist/zarr.json
Output file downloaded to E:\Project\Biohub_CellTracking\experiments\diag_051_public_0942_tracklet_evidence\artifacts\tracking_repo/predictions/unknown/unet_transformer_val/split_0/44b6_c50204e0.geff/edges/props/edge_prob/values/c/0
Output file downloaded to E:\Project\Biohub_CellTracking\experiments\diag_051_public_0942_tracklet_evidence\artifacts\tracking_repo/predictions/unknown/unet_transformer_val/split_0/44b6_c50204e0.geff/edges/props/edge_prob/values/zarr.json
Output file downloaded to E:\Project\Biohub_CellTracking\experiments\diag_051_public_0942_tracklet_evidence\artifacts\tracking_repo/predictions/unknown/unet_transformer_val/split_0/44b6_c50204e0.geff/edges/props/edge_prob/zarr.json
Output file downloaded to E:\Project\Biohub_CellTracking\experiments\diag_051_public_0942_tracklet_evidence\artifacts\tracking_repo/predictions/unknown/unet_transformer_val/split_0/44b6_c50204e0.geff/edges/props/solution/values/c/0
Output file downloaded to E:\Project\Biohub_CellTracking\experiments\diag_051_public_0942_tracklet_evidence\artifacts\tracking_repo/predictions/unknown/unet_transformer_val/split_0/44b6_c50204e0.geff/edges/props/solution/values/zarr.json
Output file downloaded to E:\Project\Biohub_CellTracking\experiments\diag_051_public_0942_tracklet_evidence\artifacts\tracking_repo/predictions/unknown/unet_transformer_val/split_0/44b6_c50204e0.geff/edges/props/solution/zarr.json
Output file downloaded to E:\Project\Biohub_CellTracking\experiments\diag_051_public_0942_tracklet_evidence\artifacts\tracking_repo/predictions/unknown/unet_transformer_val/split_0/44b6_c50204e0.geff/edges/props/zarr.json
Output file downloaded to E:\Project\Biohub_CellTracking\experiments\diag_051_public_0942_tracklet_evidence\artifacts\tracking_repo/predictions/unknown/unet_transformer_val/split_0/44b6_c50204e0.geff/edges/zarr.json
Output file downloaded to E:\Project\Biohub_CellTracking\experiments\diag_051_public_0942_tracklet_evidence\artifacts\tracking_repo/predictions/unknown/unet_transformer_val/split_0/44b6_c50204e0.geff/nodes/ids/c/0
Output file downloaded to E:\Project\Biohub_CellTracking\experiments\diag_051_public_0942_tracklet_evidence\artifacts\tracking_repo/predictions/unknown/unet_transformer_val/split_0/44b6_c50204e0.geff/nodes/ids/zarr.json
Output file downloaded to E:\Project\Biohub_CellTracking\experiments\diag_051_public_0942_tracklet_evidence\artifacts\tracking_repo/predictions/unknown/unet_transformer_val/split_0/44b6_c50204e0.geff/nodes/props/solution/values/c/0
Output file downloaded to E:\Project\Biohub_CellTracking\experiments\diag_051_public_0942_tracklet_evidence\artifacts\tracking_repo/predictions/unknown/unet_transformer_val/split_0/44b6_c50204e0.geff/nodes/props/solution/values/zarr.json
Output file downloaded to E:\Project\Biohub_CellTracking\experiments\diag_051_public_0942_tracklet_evidence\artifacts\tracking_repo/predictions/unknown/unet_transformer_val/split_0/44b6_c50204e0.geff/nodes/props/solution/zarr.json
Output file downloaded to E:\Project\Biohub_CellTracking\experiments\diag_051_public_0942_tracklet_evidence\artifacts\tracking_repo/predictions/unknown/unet_transformer_val/split_0/44b6_c50204e0.geff/nodes/props/t/values/c/0
Output file downloaded to E:\Project\Biohub_CellTracking\experiments\diag_051_public_0942_tracklet_evidence\artifacts\tracking_repo/predictions/unknown/unet_transformer_val/split_0/44b6_c50204e0.geff/nodes/props/t/values/zarr.json
Output file downloaded to E:\Project\Biohub_CellTracking\experiments\diag_051_public_0942_tracklet_evidence\artifacts\tracking_repo/predictions/unknown/unet_transformer_val/split_0/44b6_c50204e0.geff/nodes/props/t/zarr.json
Output file downloaded to E:\Project\Biohub_CellTracking\experiments\diag_051_public_0942_tracklet_evidence\artifacts\tracking_repo/predictions/unknown/unet_transformer_val/split_0/44b6_c50204e0.geff/nodes/props/x/values/c/0
Output file downloaded to E:\Project\Biohub_CellTracking\experiments\diag_051_public_0942_tracklet_evidence\artifacts\tracking_repo/predictions/unknown/unet_transformer_val/split_0/44b6_c50204e0.geff/nodes/props/x/values/zarr.json
Output file downloaded to E:\Project\Biohub_CellTracking\experiments\diag_051_public_0942_tracklet_evidence\artifacts\tracking_repo/predictions/unknown/unet_transformer_val/split_0/44b6_c50204e0.geff/nodes/props/x/zarr.json
Output file downloaded to E:\Project\Biohub_CellTracking\experiments\diag_051_public_0942_tracklet_evidence\artifacts\tracking_repo/predictions/unknown/unet_transformer_val/split_0/44b6_c50204e0.geff/nodes/props/y/values/c/0
Output file downloaded to E:\Project\Biohub_CellTracking\experiments\diag_051_public_0942_tracklet_evidence\artifacts\tracking_repo/predictions/unknown/unet_transformer_val/split_0/44b6_c50204e0.geff/nodes/props/y/values/zarr.json
Output file downloaded to E:\Project\Biohub_CellTracking\experiments\diag_051_public_0942_tracklet_evidence\artifacts\tracking_repo/predictions/unknown/unet_transformer_val/split_0/44b6_c50204e0.geff/nodes/props/y/zarr.json
Output file downloaded to E:\Project\Biohub_CellTracking\experiments\diag_051_public_0942_tracklet_evidence\artifacts\tracking_repo/predictions/unknown/unet_transformer_val/split_0/44b6_c50204e0.geff/nodes/props/z/values/c/0
Output file downloaded to E:\Project\Biohub_CellTracking\experiments\diag_051_public_0942_tracklet_evidence\artifacts\tracking_repo/predictions/unknown/unet_transformer_val/split_0/44b6_c50204e0.geff/nodes/props/z/values/zarr.json
Output file downloaded to E:\Project\Biohub_CellTracking\experiments\diag_051_public_0942_tracklet_evidence\artifacts\tracking_repo/predictions/unknown/unet_transformer_val/split_0/44b6_c50204e0.geff/nodes/props/z/zarr.json
Output file downloaded to E:\Project\Biohub_CellTracking\experiments\diag_051_public_0942_tracklet_evidence\artifacts\tracking_repo/predictions/unknown/unet_transformer_val/split_0/44b6_c50204e0.geff/nodes/props/zarr.json
Output file downloaded to E:\Project\Biohub_CellTracking\experiments\diag_051_public_0942_tracklet_evidence\artifacts\tracking_repo/predictions/unknown/unet_transformer_val/split_0/44b6_c50204e0.geff/nodes/zarr.json
Output file downloaded to E:\Project\Biohub_CellTracking\experiments\diag_051_public_0942_tracklet_evidence\artifacts\tracking_repo/predictions/unknown/unet_transformer_val/split_0/44b6_c50204e0.geff/zarr.json
Output file downloaded to E:\Project\Biohub_CellTracking\experiments\diag_051_public_0942_tracklet_evidence\artifacts\tracking_repo/predictions/unknown/unet_transformer_val/split_0/6bba_0c7fa718.geff/edges/ids/c/0/0
Output file downloaded to E:\Project\Biohub_CellTracking\experiments\diag_051_public_0942_tracklet_evidence\artifacts\tracking_repo/predictions/unknown/unet_transformer_val/split_0/6bba_0c7fa718.geff/edges/ids/zarr.json
Output file downloaded to E:\Project\Biohub_CellTracking\experiments\diag_051_public_0942_tracklet_evidence\artifacts\tracking_repo/predictions/unknown/unet_transformer_val/split_0/6bba_0c7fa718.geff/edges/props/edge_dist/values/c/0
Output file downloaded to E:\Project\Biohub_CellTracking\experiments\diag_051_public_0942_tracklet_evidence\artifacts\tracking_repo/predictions/unknown/unet_transformer_val/split_0/6bba_0c7fa718.geff/edges/props/edge_dist/values/zarr.json
Output file downloaded to E:\Project\Biohub_CellTracking\experiments\diag_051_public_0942_tracklet_evidence\artifacts\tracking_repo/predictions/unknown/unet_transformer_val/split_0/6bba_0c7fa718.geff/edges/props/edge_dist/zarr.json
Output file downloaded to E:\Project\Biohub_CellTracking\experiments\diag_051_public_0942_tracklet_evidence\artifacts\tracking_repo/predictions/unknown/unet_transformer_val/split_0/6bba_0c7fa718.geff/edges/props/edge_prob/values/c/0
Output file downloaded to E:\Project\Biohub_CellTracking\experiments\diag_051_public_0942_tracklet_evidence\artifacts\tracking_repo/predictions/unknown/unet_transformer_val/split_0/6bba_0c7fa718.geff/edges/props/edge_prob/values/zarr.json
Output file downloaded to E:\Project\Biohub_CellTracking\experiments\diag_051_public_0942_tracklet_evidence\artifacts\tracking_repo/predictions/unknown/unet_transformer_val/split_0/6bba_0c7fa718.geff/edges/props/edge_prob/zarr.json
Output file downloaded to E:\Project\Biohub_CellTracking\experiments\diag_051_public_0942_tracklet_evidence\artifacts\tracking_repo/predictions/unknown/unet_transformer_val/split_0/6bba_0c7fa718.geff/edges/props/solution/values/c/0
Output file downloaded to E:\Project\Biohub_CellTracking\experiments\diag_051_public_0942_tracklet_evidence\artifacts\tracking_repo/predictions/unknown/unet_transformer_val/split_0/6bba_0c7fa718.geff/edges/props/solution/values/zarr.json
Output file downloaded to E:\Project\Biohub_CellTracking\experiments\diag_051_public_0942_tracklet_evidence\artifacts\tracking_repo/predictions/unknown/unet_transformer_val/split_0/6bba_0c7fa718.geff/edges/props/solution/zarr.json
Output file downloaded to E:\Project\Biohub_CellTracking\experiments\diag_051_public_0942_tracklet_evidence\artifacts\tracking_repo/predictions/unknown/unet_transformer_val/split_0/6bba_0c7fa718.geff/edges/props/zarr.json
Output file downloaded to E:\Project\Biohub_CellTracking\experiments\diag_051_public_0942_tracklet_evidence\artifacts\tracking_repo/predictions/unknown/unet_transformer_val/split_0/6bba_0c7fa718.geff/edges/zarr.json
Output file downloaded to E:\Project\Biohub_CellTracking\experiments\diag_051_public_0942_tracklet_evidence\artifacts\tracking_repo/predictions/unknown/unet_transformer_val/split_0/6bba_0c7fa718.geff/nodes/ids/c/0
Output file downloaded to E:\Project\Biohub_CellTracking\experiments\diag_051_public_0942_tracklet_evidence\artifacts\tracking_repo/predictions/unknown/unet_transformer_val/split_0/6bba_0c7fa718.geff/nodes/ids/zarr.json
Output file downloaded to E:\Project\Biohub_CellTracking\experiments\diag_051_public_0942_tracklet_evidence\artifacts\tracking_repo/predictions/unknown/unet_transformer_val/split_0/6bba_0c7fa718.geff/nodes/props/solution/values/c/0
Output file downloaded to E:\Project\Biohub_CellTracking\experiments\diag_051_public_0942_tracklet_evidence\artifacts\tracking_repo/predictions/unknown/unet_transformer_val/split_0/6bba_0c7fa718.geff/nodes/props/solution/values/zarr.json
Output file downloaded to E:\Project\Biohub_CellTracking\experiments\diag_051_public_0942_tracklet_evidence\artifacts\tracking_repo/predictions/unknown/unet_transformer_val/split_0/6bba_0c7fa718.geff/nodes/props/solution/zarr.json
Output file downloaded to E:\Project\Biohub_CellTracking\experiments\diag_051_public_0942_tracklet_evidence\artifacts\tracking_repo/predictions/unknown/unet_transformer_val/split_0/6bba_0c7fa718.geff/nodes/props/t/values/c/0
Output file downloaded to E:\Project\Biohub_CellTracking\experiments\diag_051_public_0942_tracklet_evidence\artifacts\tracking_repo/predictions/unknown/unet_transformer_val/split_0/6bba_0c7fa718.geff/nodes/props/t/values/zarr.json
Output file downloaded to E:\Project\Biohub_CellTracking\experiments\diag_051_public_0942_tracklet_evidence\artifacts\tracking_repo/predictions/unknown/unet_transformer_val/split_0/6bba_0c7fa718.geff/nodes/props/t/zarr.json
Output file downloaded to E:\Project\Biohub_CellTracking\experiments\diag_051_public_0942_tracklet_evidence\artifacts\tracking_repo/predictions/unknown/unet_transformer_val/split_0/6bba_0c7fa718.geff/nodes/props/x/values/c/0
Output file downloaded to E:\Project\Biohub_CellTracking\experiments\diag_051_public_0942_tracklet_evidence\artifacts\tracking_repo/predictions/unknown/unet_transformer_val/split_0/6bba_0c7fa718.geff/nodes/props/x/values/zarr.json
Output file downloaded to E:\Project\Biohub_CellTracking\experiments\diag_051_public_0942_tracklet_evidence\artifacts\tracking_repo/predictions/unknown/unet_transformer_val/split_0/6bba_0c7fa718.geff/nodes/props/x/zarr.json
Output file downloaded to E:\Project\Biohub_CellTracking\experiments\diag_051_public_0942_tracklet_evidence\artifacts\tracking_repo/predictions/unknown/unet_transformer_val/split_0/6bba_0c7fa718.geff/nodes/props/y/values/c/0
Output file downloaded to E:\Project\Biohub_CellTracking\experiments\diag_051_public_0942_tracklet_evidence\artifacts\tracking_repo/predictions/unknown/unet_transformer_val/split_0/6bba_0c7fa718.geff/nodes/props/y/values/zarr.json
Output file downloaded to E:\Project\Biohub_CellTracking\experiments\diag_051_public_0942_tracklet_evidence\artifacts\tracking_repo/predictions/unknown/unet_transformer_val/split_0/6bba_0c7fa718.geff/nodes/props/y/zarr.json
Output file downloaded to E:\Project\Biohub_CellTracking\experiments\diag_051_public_0942_tracklet_evidence\artifacts\tracking_repo/predictions/unknown/unet_transformer_val/split_0/6bba_0c7fa718.geff/nodes/props/z/values/c/0
Output file downloaded to E:\Project\Biohub_CellTracking\experiments\diag_051_public_0942_tracklet_evidence\artifacts\tracking_repo/predictions/unknown/unet_transformer_val/split_0/6bba_0c7fa718.geff/nodes/props/z/values/zarr.json
Output file downloaded to E:\Project\Biohub_CellTracking\experiments\diag_051_public_0942_tracklet_evidence\artifacts\tracking_repo/predictions/unknown/unet_transformer_val/split_0/6bba_0c7fa718.geff/nodes/props/z/zarr.json
Output file downloaded to E:\Project\Biohub_CellTracking\experiments\diag_051_public_0942_tracklet_evidence\artifacts\tracking_repo/predictions/unknown/unet_transformer_val/split_0/6bba_0c7fa718.geff/nodes/props/zarr.json
Output file downloaded to E:\Project\Biohub_CellTracking\experiments\diag_051_public_0942_tracklet_evidence\artifacts\tracking_repo/predictions/unknown/unet_transformer_val/split_0/6bba_0c7fa718.geff/nodes/zarr.json
Output file downloaded to E:\Project\Biohub_CellTracking\experiments\diag_051_public_0942_tracklet_evidence\artifacts\tracking_repo/predictions/unknown/unet_transformer_val/split_0/6bba_0c7fa718.geff/zarr.json
Output file downloaded to E:\Project\Biohub_CellTracking\experiments\diag_051_public_0942_tracklet_evidence\artifacts\tracking_repo/predictions/unknown/unet_transformer_val/split_0/6bba_283bf9f1.geff/edges/ids/c/0/0
Output file downloaded to E:\Project\Biohub_CellTracking\experiments\diag_051_public_0942_tracklet_evidence\artifacts\tracking_repo/predictions/unknown/unet_transformer_val/split_0/6bba_283bf9f1.geff/edges/ids/zarr.json
Output file downloaded to E:\Project\Biohub_CellTracking\experiments\diag_051_public_0942_tracklet_evidence\artifacts\tracking_repo/predictions/unknown/unet_transformer_val/split_0/6bba_283bf9f1.geff/edges/props/edge_dist/values/c/0
Output file downloaded to E:\Project\Biohub_CellTracking\experiments\diag_051_public_0942_tracklet_evidence\artifacts\tracking_repo/predictions/unknown/unet_transformer_val/split_0/6bba_283bf9f1.geff/edges/props/edge_dist/values/zarr.json
Output file downloaded to E:\Project\Biohub_CellTracking\experiments\diag_051_public_0942_tracklet_evidence\artifacts\tracking_repo/predictions/unknown/unet_transformer_val/split_0/6bba_283bf9f1.geff/edges/props/edge_dist/zarr.json
Output file downloaded to E:\Project\Biohub_CellTracking\experiments\diag_051_public_0942_tracklet_evidence\artifacts\tracking_repo/predictions/unknown/unet_transformer_val/split_0/6bba_283bf9f1.geff/edges/props/edge_prob/values/c/0
Output file downloaded to E:\Project\Biohub_CellTracking\experiments\diag_051_public_0942_tracklet_evidence\artifacts\tracking_repo/predictions/unknown/unet_transformer_val/split_0/6bba_283bf9f1.geff/edges/props/edge_prob/values/zarr.json
Output file downloaded to E:\Project\Biohub_CellTracking\experiments\diag_051_public_0942_tracklet_evidence\artifacts\tracking_repo/predictions/unknown/unet_transformer_val/split_0/6bba_283bf9f1.geff/edges/props/edge_prob/zarr.json
Output file downloaded to E:\Project\Biohub_CellTracking\experiments\diag_051_public_0942_tracklet_evidence\artifacts\tracking_repo/predictions/unknown/unet_transformer_val/split_0/6bba_283bf9f1.geff/edges/props/solution/values/c/0
Output file downloaded to E:\Project\Biohub_CellTracking\experiments\diag_051_public_0942_tracklet_evidence\artifacts\tracking_repo/predictions/unknown/unet_transformer_val/split_0/6bba_283bf9f1.geff/edges/props/solution/values/zarr.json
Output file downloaded to E:\Project\Biohub_CellTracking\experiments\diag_051_public_0942_tracklet_evidence\artifacts\tracking_repo/predictions/unknown/unet_transformer_val/split_0/6bba_283bf9f1.geff/edges/props/solution/zarr.json
Output file downloaded to E:\Project\Biohub_CellTracking\experiments\diag_051_public_0942_tracklet_evidence\artifacts\tracking_repo/predictions/unknown/unet_transformer_val/split_0/6bba_283bf9f1.geff/edges/props/zarr.json
Output file downloaded to E:\Project\Biohub_CellTracking\experiments\diag_051_public_0942_tracklet_evidence\artifacts\tracking_repo/predictions/unknown/unet_transformer_val/split_0/6bba_283bf9f1.geff/edges/zarr.json
Output file downloaded to E:\Project\Biohub_CellTracking\experiments\diag_051_public_0942_tracklet_evidence\artifacts\tracking_repo/predictions/unknown/unet_transformer_val/split_0/6bba_283bf9f1.geff/nodes/ids/c/0
Output file downloaded to E:\Project\Biohub_CellTracking\experiments\diag_051_public_0942_tracklet_evidence\artifacts\tracking_repo/predictions/unknown/unet_transformer_val/split_0/6bba_283bf9f1.geff/nodes/ids/zarr.json
Output file downloaded to E:\Project\Biohub_CellTracking\experiments\diag_051_public_0942_tracklet_evidence\artifacts\tracking_repo/predictions/unknown/unet_transformer_val/split_0/6bba_283bf9f1.geff/nodes/props/solution/values/c/0
Output file downloaded to E:\Project\Biohub_CellTracking\experiments\diag_051_public_0942_tracklet_evidence\artifacts\tracking_repo/predictions/unknown/unet_transformer_val/split_0/6bba_283bf9f1.geff/nodes/props/solution/values/zarr.json
Output file downloaded to E:\Project\Biohub_CellTracking\experiments\diag_051_public_0942_tracklet_evidence\artifacts\tracking_repo/predictions/unknown/unet_transformer_val/split_0/6bba_283bf9f1.geff/nodes/props/solution/zarr.json
Output file downloaded to E:\Project\Biohub_CellTracking\experiments\diag_051_public_0942_tracklet_evidence\artifacts\tracking_repo/predictions/unknown/unet_transformer_val/split_0/6bba_283bf9f1.geff/nodes/props/t/values/c/0
Output file downloaded to E:\Project\Biohub_CellTracking\experiments\diag_051_public_0942_tracklet_evidence\artifacts\tracking_repo/predictions/unknown/unet_transformer_val/split_0/6bba_283bf9f1.geff/nodes/props/t/values/zarr.json
Output file downloaded to E:\Project\Biohub_CellTracking\experiments\diag_051_public_0942_tracklet_evidence\artifacts\tracking_repo/predictions/unknown/unet_transformer_val/split_0/6bba_283bf9f1.geff/nodes/props/t/zarr.json
Output file downloaded to E:\Project\Biohub_CellTracking\experiments\diag_051_public_0942_tracklet_evidence\artifacts\tracking_repo/predictions/unknown/unet_transformer_val/split_0/6bba_283bf9f1.geff/nodes/props/x/values/c/0
Output file downloaded to E:\Project\Biohub_CellTracking\experiments\diag_051_public_0942_tracklet_evidence\artifacts\tracking_repo/predictions/unknown/unet_transformer_val/split_0/6bba_283bf9f1.geff/nodes/props/x/values/zarr.json
Output file downloaded to E:\Project\Biohub_CellTracking\experiments\diag_051_public_0942_tracklet_evidence\artifacts\tracking_repo/predictions/unknown/unet_transformer_val/split_0/6bba_283bf9f1.geff/nodes/props/x/zarr.json
Output file downloaded to E:\Project\Biohub_CellTracking\experiments\diag_051_public_0942_tracklet_evidence\artifacts\tracking_repo/predictions/unknown/unet_transformer_val/split_0/6bba_283bf9f1.geff/nodes/props/y/values/c/0
Output file downloaded to E:\Project\Biohub_CellTracking\experiments\diag_051_public_0942_tracklet_evidence\artifacts\tracking_repo/predictions/unknown/unet_transformer_val/split_0/6bba_283bf9f1.geff/nodes/props/y/values/zarr.json
Output file downloaded to E:\Project\Biohub_CellTracking\experiments\diag_051_public_0942_tracklet_evidence\artifacts\tracking_repo/predictions/unknown/unet_transformer_val/split_0/6bba_283bf9f1.geff/nodes/props/y/zarr.json
Output file downloaded to E:\Project\Biohub_CellTracking\experiments\diag_051_public_0942_tracklet_evidence\artifacts\tracking_repo/predictions/unknown/unet_transformer_val/split_0/6bba_283bf9f1.geff/nodes/props/z/values/c/0
Output file downloaded to E:\Project\Biohub_CellTracking\experiments\diag_051_public_0942_tracklet_evidence\artifacts\tracking_repo/predictions/unknown/unet_transformer_val/split_0/6bba_283bf9f1.geff/nodes/props/z/values/zarr.json
Output file downloaded to E:\Project\Biohub_CellTracking\experiments\diag_051_public_0942_tracklet_evidence\artifacts\tracking_repo/predictions/unknown/unet_transformer_val/split_0/6bba_283bf9f1.geff/nodes/props/z/zarr.json
Output file downloaded to E:\Project\Biohub_CellTracking\experiments\diag_051_public_0942_tracklet_evidence\artifacts\tracking_repo/predictions/unknown/unet_transformer_val/split_0/6bba_283bf9f1.geff/nodes/props/zarr.json
Output file downloaded to E:\Project\Biohub_CellTracking\experiments\diag_051_public_0942_tracklet_evidence\artifacts\tracking_repo/predictions/unknown/unet_transformer_val/split_0/6bba_283bf9f1.geff/nodes/zarr.json
Output file downloaded to E:\Project\Biohub_CellTracking\experiments\diag_051_public_0942_tracklet_evidence\artifacts\tracking_repo/predictions/unknown/unet_transformer_val/split_0/6bba_283bf9f1.geff/zarr.json
Output file downloaded to E:\Project\Biohub_CellTracking\experiments\diag_051_public_0942_tracklet_evidence\artifacts\tracking_repo/predictions/unknown/unet_transformer_val/split_0/6bba_337b1b3a.geff/edges/ids/c/0/0
Output file downloaded to E:\Project\Biohub_CellTracking\experiments\diag_051_public_0942_tracklet_evidence\artifacts\tracking_repo/predictions/unknown/unet_transformer_val/split_0/6bba_337b1b3a.geff/edges/ids/zarr.json
Output file downloaded to E:\Project\Biohub_CellTracking\experiments\diag_051_public_0942_tracklet_evidence\artifacts\tracking_repo/predictions/unknown/unet_transformer_val/split_0/6bba_337b1b3a.geff/edges/props/edge_dist/values/c/0
Output file downloaded to E:\Project\Biohub_CellTracking\experiments\diag_051_public_0942_tracklet_evidence\artifacts\tracking_repo/predictions/unknown/unet_transformer_val/split_0/6bba_337b1b3a.geff/edges/props/edge_dist/values/zarr.json
Output file downloaded to E:\Project\Biohub_CellTracking\experiments\diag_051_public_0942_tracklet_evidence\artifacts\tracking_repo/predictions/unknown/unet_transformer_val/split_0/6bba_337b1b3a.geff/edges/props/edge_dist/zarr.json
Output file downloaded to E:\Project\Biohub_CellTracking\experiments\diag_051_public_0942_tracklet_evidence\artifacts\tracking_repo/predictions/unknown/unet_transformer_val/split_0/6bba_337b1b3a.geff/edges/props/edge_prob/values/c/0
Output file downloaded to E:\Project\Biohub_CellTracking\experiments\diag_051_public_0942_tracklet_evidence\artifacts\tracking_repo/predictions/unknown/unet_transformer_val/split_0/6bba_337b1b3a.geff/edges/props/edge_prob/values/zarr.json
Output file downloaded to E:\Project\Biohub_CellTracking\experiments\diag_051_public_0942_tracklet_evidence\artifacts\tracking_repo/predictions/unknown/unet_transformer_val/split_0/6bba_337b1b3a.geff/edges/props/edge_prob/zarr.json
Output file downloaded to E:\Project\Biohub_CellTracking\experiments\diag_051_public_0942_tracklet_evidence\artifacts\tracking_repo/predictions/unknown/unet_transformer_val/split_0/6bba_337b1b3a.geff/edges/props/solution/values/c/0
Output file downloaded to E:\Project\Biohub_CellTracking\experiments\diag_051_public_0942_tracklet_evidence\artifacts\tracking_repo/predictions/unknown/unet_transformer_val/split_0/6bba_337b1b3a.geff/edges/props/solution/values/zarr.json
Output file downloaded to E:\Project\Biohub_CellTracking\experiments\diag_051_public_0942_tracklet_evidence\artifacts\tracking_repo/predictions/unknown/unet_transformer_val/split_0/6bba_337b1b3a.geff/edges/props/solution/zarr.json
Output file downloaded to E:\Project\Biohub_CellTracking\experiments\diag_051_public_0942_tracklet_evidence\artifacts\tracking_repo/predictions/unknown/unet_transformer_val/split_0/6bba_337b1b3a.geff/edges/props/zarr.json
Output file downloaded to E:\Project\Biohub_CellTracking\experiments\diag_051_public_0942_tracklet_evidence\artifacts\tracking_repo/predictions/unknown/unet_transformer_val/split_0/6bba_337b1b3a.geff/edges/zarr.json
Output file downloaded to E:\Project\Biohub_CellTracking\experiments\diag_051_public_0942_tracklet_evidence\artifacts\tracking_repo/predictions/unknown/unet_transformer_val/split_0/6bba_337b1b3a.geff/nodes/ids/c/0
Output file downloaded to E:\Project\Biohub_CellTracking\experiments\diag_051_public_0942_tracklet_evidence\artifacts\tracking_repo/predictions/unknown/unet_transformer_val/split_0/6bba_337b1b3a.geff/nodes/ids/zarr.json
Output file downloaded to E:\Project\Biohub_CellTracking\experiments\diag_051_public_0942_tracklet_evidence\artifacts\tracking_repo/predictions/unknown/unet_transformer_val/split_0/6bba_337b1b3a.geff/nodes/props/solution/values/c/0
Output file downloaded to E:\Project\Biohub_CellTracking\experiments\diag_051_public_0942_tracklet_evidence\artifacts\tracking_repo/predictions/unknown/unet_transformer_val/split_0/6bba_337b1b3a.geff/nodes/props/solution/values/zarr.json
Output file downloaded to E:\Project\Biohub_CellTracking\experiments\diag_051_public_0942_tracklet_evidence\artifacts\tracking_repo/predictions/unknown/unet_transformer_val/split_0/6bba_337b1b3a.geff/nodes/props/solution/zarr.json
Output file downloaded to E:\Project\Biohub_CellTracking\experiments\diag_051_public_0942_tracklet_evidence\artifacts\tracking_repo/predictions/unknown/unet_transformer_val/split_0/6bba_337b1b3a.geff/nodes/props/t/values/c/0
Output file downloaded to E:\Project\Biohub_CellTracking\experiments\diag_051_public_0942_tracklet_evidence\artifacts\tracking_repo/predictions/unknown/unet_transformer_val/split_0/6bba_337b1b3a.geff/nodes/props/t/values/zarr.json
Output file downloaded to E:\Project\Biohub_CellTracking\experiments\diag_051_public_0942_tracklet_evidence\artifacts\tracking_repo/predictions/unknown/unet_transformer_val/split_0/6bba_337b1b3a.geff/nodes/props/t/zarr.json
Output file downloaded to E:\Project\Biohub_CellTracking\experiments\diag_051_public_0942_tracklet_evidence\artifacts\tracking_repo/predictions/unknown/unet_transformer_val/split_0/6bba_337b1b3a.geff/nodes/props/x/values/c/0
Output file downloaded to E:\Project\Biohub_CellTracking\experiments\diag_051_public_0942_tracklet_evidence\artifacts\tracking_repo/predictions/unknown/unet_transformer_val/split_0/6bba_337b1b3a.geff/nodes/props/x/values/zarr.json
Output file downloaded to E:\Project\Biohub_CellTracking\experiments\diag_051_public_0942_tracklet_evidence\artifacts\tracking_repo/predictions/unknown/unet_transformer_val/split_0/6bba_337b1b3a.geff/nodes/props/x/zarr.json
Output file downloaded to E:\Project\Biohub_CellTracking\experiments\diag_051_public_0942_tracklet_evidence\artifacts\tracking_repo/predictions/unknown/unet_transformer_val/split_0/6bba_337b1b3a.geff/nodes/props/y/values/c/0
Output file downloaded to E:\Project\Biohub_CellTracking\experiments\diag_051_public_0942_tracklet_evidence\artifacts\tracking_repo/predictions/unknown/unet_transformer_val/split_0/6bba_337b1b3a.geff/nodes/props/y/values/zarr.json
Output file downloaded to E:\Project\Biohub_CellTracking\experiments\diag_051_public_0942_tracklet_evidence\artifacts\tracking_repo/predictions/unknown/unet_transformer_val/split_0/6bba_337b1b3a.geff/nodes/props/y/zarr.json
Output file downloaded to E:\Project\Biohub_CellTracking\experiments\diag_051_public_0942_tracklet_evidence\artifacts\tracking_repo/predictions/unknown/unet_transformer_val/split_0/6bba_337b1b3a.geff/nodes/props/z/values/c/0
Output file downloaded to E:\Project\Biohub_CellTracking\experiments\diag_051_public_0942_tracklet_evidence\artifacts\tracking_repo/predictions/unknown/unet_transformer_val/split_0/6bba_337b1b3a.geff/nodes/props/z/values/zarr.json
Output file downloaded to E:\Project\Biohub_CellTracking\experiments\diag_051_public_0942_tracklet_evidence\artifacts\tracking_repo/predictions/unknown/unet_transformer_val/split_0/6bba_337b1b3a.geff/nodes/props/z/zarr.json
Output file downloaded to E:\Project\Biohub_CellTracking\experiments\diag_051_public_0942_tracklet_evidence\artifacts\tracking_repo/predictions/unknown/unet_transformer_val/split_0/6bba_337b1b3a.geff/nodes/props/zarr.json
Output file downloaded to E:\Project\Biohub_CellTracking\experiments\diag_051_public_0942_tracklet_evidence\artifacts\tracking_repo/predictions/unknown/unet_transformer_val/split_0/6bba_337b1b3a.geff/nodes/zarr.json
Output file downloaded to E:\Project\Biohub_CellTracking\experiments\diag_051_public_0942_tracklet_evidence\artifacts\tracking_repo/predictions/unknown/unet_transformer_val/split_0/6bba_337b1b3a.geff/zarr.json
Output file downloaded to E:\Project\Biohub_CellTracking\experiments\diag_051_public_0942_tracklet_evidence\artifacts\tracking_repo/predictions/unknown/unet_transformer_val/split_0/6bba_372c8cb8.geff/edges/ids/c/0/0
Output file downloaded to E:\Project\Biohub_CellTracking\experiments\diag_051_public_0942_tracklet_evidence\artifacts\tracking_repo/predictions/unknown/unet_transformer_val/split_0/6bba_372c8cb8.geff/edges/ids/zarr.json
Output file downloaded to E:\Project\Biohub_CellTracking\experiments\diag_051_public_0942_tracklet_evidence\artifacts\tracking_repo/predictions/unknown/unet_transformer_val/split_0/6bba_372c8cb8.geff/edges/props/edge_dist/values/c/0
Output file downloaded to E:\Project\Biohub_CellTracking\experiments\diag_051_public_0942_tracklet_evidence\artifacts\tracking_repo/predictions/unknown/unet_transformer_val/split_0/6bba_372c8cb8.geff/edges/props/edge_dist/values/zarr.json
Output file downloaded to E:\Project\Biohub_CellTracking\experiments\diag_051_public_0942_tracklet_evidence\artifacts\tracking_repo/predictions/unknown/unet_transformer_val/split_0/6bba_372c8cb8.geff/edges/props/edge_dist/zarr.json
Output file downloaded to E:\Project\Biohub_CellTracking\experiments\diag_051_public_0942_tracklet_evidence\artifacts\tracking_repo/predictions/unknown/unet_transformer_val/split_0/6bba_372c8cb8.geff/edges/props/edge_prob/values/c/0
Output file downloaded to E:\Project\Biohub_CellTracking\experiments\diag_051_public_0942_tracklet_evidence\artifacts\tracking_repo/predictions/unknown/unet_transformer_val/split_0/6bba_372c8cb8.geff/edges/props/edge_prob/values/zarr.json
Output file downloaded to E:\Project\Biohub_CellTracking\experiments\diag_051_public_0942_tracklet_evidence\artifacts\tracking_repo/predictions/unknown/unet_transformer_val/split_0/6bba_372c8cb8.geff/edges/props/edge_prob/zarr.json
Output file downloaded to E:\Project\Biohub_CellTracking\experiments\diag_051_public_0942_tracklet_evidence\artifacts\tracking_repo/predictions/unknown/unet_transformer_val/split_0/6bba_372c8cb8.geff/edges/props/solution/values/c/0
Output file downloaded to E:\Project\Biohub_CellTracking\experiments\diag_051_public_0942_tracklet_evidence\artifacts\tracking_repo/predictions/unknown/unet_transformer_val/split_0/6bba_372c8cb8.geff/edges/props/solution/values/zarr.json
Output file downloaded to E:\Project\Biohub_CellTracking\experiments\diag_051_public_0942_tracklet_evidence\artifacts\tracking_repo/predictions/unknown/unet_transformer_val/split_0/6bba_372c8cb8.geff/edges/props/solution/zarr.json
Output file downloaded to E:\Project\Biohub_CellTracking\experiments\diag_051_public_0942_tracklet_evidence\artifacts\tracking_repo/predictions/unknown/unet_transformer_val/split_0/6bba_372c8cb8.geff/edges/props/zarr.json
Output file downloaded to E:\Project\Biohub_CellTracking\experiments\diag_051_public_0942_tracklet_evidence\artifacts\tracking_repo/predictions/unknown/unet_transformer_val/split_0/6bba_372c8cb8.geff/edges/zarr.json
Output file downloaded to E:\Project\Biohub_CellTracking\experiments\diag_051_public_0942_tracklet_evidence\artifacts\tracking_repo/predictions/unknown/unet_transformer_val/split_0/6bba_372c8cb8.geff/nodes/ids/c/0
Output file downloaded to E:\Project\Biohub_CellTracking\experiments\diag_051_public_0942_tracklet_evidence\artifacts\tracking_repo/predictions/unknown/unet_transformer_val/split_0/6bba_372c8cb8.geff/nodes/ids/zarr.json
Output file downloaded to E:\Project\Biohub_CellTracking\experiments\diag_051_public_0942_tracklet_evidence\artifacts\tracking_repo/predictions/unknown/unet_transformer_val/split_0/6bba_372c8cb8.geff/nodes/props/solution/values/c/0
Output file downloaded to E:\Project\Biohub_CellTracking\experiments\diag_051_public_0942_tracklet_evidence\artifacts\tracking_repo/predictions/unknown/unet_transformer_val/split_0/6bba_372c8cb8.geff/nodes/props/solution/values/zarr.json
Output file downloaded to E:\Project\Biohub_CellTracking\experiments\diag_051_public_0942_tracklet_evidence\artifacts\tracking_repo/predictions/unknown/unet_transformer_val/split_0/6bba_372c8cb8.geff/nodes/props/solution/zarr.json
Output file downloaded to E:\Project\Biohub_CellTracking\experiments\diag_051_public_0942_tracklet_evidence\artifacts\tracking_repo/predictions/unknown/unet_transformer_val/split_0/6bba_372c8cb8.geff/nodes/props/t/values/c/0
Output file downloaded to E:\Project\Biohub_CellTracking\experiments\diag_051_public_0942_tracklet_evidence\artifacts\tracking_repo/predictions/unknown/unet_transformer_val/split_0/6bba_372c8cb8.geff/nodes/props/t/values/zarr.json
Output file downloaded to E:\Project\Biohub_CellTracking\experiments\diag_051_public_0942_tracklet_evidence\artifacts\tracking_repo/predictions/unknown/unet_transformer_val/split_0/6bba_372c8cb8.geff/nodes/props/t/zarr.json
Output file downloaded to E:\Project\Biohub_CellTracking\experiments\diag_051_public_0942_tracklet_evidence\artifacts\tracking_repo/predictions/unknown/unet_transformer_val/split_0/6bba_372c8cb8.geff/nodes/props/x/values/c/0
Output file downloaded to E:\Project\Biohub_CellTracking\experiments\diag_051_public_0942_tracklet_evidence\artifacts\tracking_repo/predictions/unknown/unet_transformer_val/split_0/6bba_372c8cb8.geff/nodes/props/x/values/zarr.json
Output file downloaded to E:\Project\Biohub_CellTracking\experiments\diag_051_public_0942_tracklet_evidence\artifacts\tracking_repo/predictions/unknown/unet_transformer_val/split_0/6bba_372c8cb8.geff/nodes/props/x/zarr.json
Output file downloaded to E:\Project\Biohub_CellTracking\experiments\diag_051_public_0942_tracklet_evidence\artifacts\tracking_repo/predictions/unknown/unet_transformer_val/split_0/6bba_372c8cb8.geff/nodes/props/y/values/c/0
Output file downloaded to E:\Project\Biohub_CellTracking\experiments\diag_051_public_0942_tracklet_evidence\artifacts\tracking_repo/predictions/unknown/unet_transformer_val/split_0/6bba_372c8cb8.geff/nodes/props/y/values/zarr.json
Output file downloaded to E:\Project\Biohub_CellTracking\experiments\diag_051_public_0942_tracklet_evidence\artifacts\tracking_repo/predictions/unknown/unet_transformer_val/split_0/6bba_372c8cb8.geff/nodes/props/y/zarr.json
Output file downloaded to E:\Project\Biohub_CellTracking\experiments\diag_051_public_0942_tracklet_evidence\artifacts\tracking_repo/predictions/unknown/unet_transformer_val/split_0/6bba_372c8cb8.geff/nodes/props/z/values/c/0
Output file downloaded to E:\Project\Biohub_CellTracking\experiments\diag_051_public_0942_tracklet_evidence\artifacts\tracking_repo/predictions/unknown/unet_transformer_val/split_0/6bba_372c8cb8.geff/nodes/props/z/values/zarr.json
Output file downloaded to E:\Project\Biohub_CellTracking\experiments\diag_051_public_0942_tracklet_evidence\artifacts\tracking_repo/predictions/unknown/unet_transformer_val/split_0/6bba_372c8cb8.geff/nodes/props/z/zarr.json
Output file downloaded to E:\Project\Biohub_CellTracking\experiments\diag_051_public_0942_tracklet_evidence\artifacts\tracking_repo/predictions/unknown/unet_transformer_val/split_0/6bba_372c8cb8.geff/nodes/props/zarr.json
Output file downloaded to E:\Project\Biohub_CellTracking\experiments\diag_051_public_0942_tracklet_evidence\artifacts\tracking_repo/predictions/unknown/unet_transformer_val/split_0/6bba_372c8cb8.geff/nodes/zarr.json
Output file downloaded to E:\Project\Biohub_CellTracking\experiments\diag_051_public_0942_tracklet_evidence\artifacts\tracking_repo/predictions/unknown/unet_transformer_val/split_0/6bba_372c8cb8.geff/zarr.json
Output file downloaded to E:\Project\Biohub_CellTracking\experiments\diag_051_public_0942_tracklet_evidence\artifacts\tracking_repo/predictions/unknown/unet_transformer_val/split_0/6bba_55c70843.geff/edges/ids/c/0/0
Output file downloaded to E:\Project\Biohub_CellTracking\experiments\diag_051_public_0942_tracklet_evidence\artifacts\tracking_repo/predictions/unknown/unet_transformer_val/split_0/6bba_55c70843.geff/edges/ids/zarr.json
Output file downloaded to E:\Project\Biohub_CellTracking\experiments\diag_051_public_0942_tracklet_evidence\artifacts\tracking_repo/predictions/unknown/unet_transformer_val/split_0/6bba_55c70843.geff/edges/props/edge_dist/values/c/0
Output file downloaded to E:\Project\Biohub_CellTracking\experiments\diag_051_public_0942_tracklet_evidence\artifacts\tracking_repo/predictions/unknown/unet_transformer_val/split_0/6bba_55c70843.geff/edges/props/edge_dist/values/zarr.json
Output file downloaded to E:\Project\Biohub_CellTracking\experiments\diag_051_public_0942_tracklet_evidence\artifacts\tracking_repo/predictions/unknown/unet_transformer_val/split_0/6bba_55c70843.geff/edges/props/edge_dist/zarr.json
Output file downloaded to E:\Project\Biohub_CellTracking\experiments\diag_051_public_0942_tracklet_evidence\artifacts\tracking_repo/predictions/unknown/unet_transformer_val/split_0/6bba_55c70843.geff/edges/props/edge_prob/values/c/0
Output file downloaded to E:\Project\Biohub_CellTracking\experiments\diag_051_public_0942_tracklet_evidence\artifacts\tracking_repo/predictions/unknown/unet_transformer_val/split_0/6bba_55c70843.geff/edges/props/edge_prob/values/zarr.json
Output file downloaded to E:\Project\Biohub_CellTracking\experiments\diag_051_public_0942_tracklet_evidence\artifacts\tracking_repo/predictions/unknown/unet_transformer_val/split_0/6bba_55c70843.geff/edges/props/edge_prob/zarr.json
Output file downloaded to E:\Project\Biohub_CellTracking\experiments\diag_051_public_0942_tracklet_evidence\artifacts\tracking_repo/predictions/unknown/unet_transformer_val/split_0/6bba_55c70843.geff/edges/props/solution/values/c/0
Output file downloaded to E:\Project\Biohub_CellTracking\experiments\diag_051_public_0942_tracklet_evidence\artifacts\tracking_repo/predictions/unknown/unet_transformer_val/split_0/6bba_55c70843.geff/edges/props/solution/values/zarr.json
Output file downloaded to E:\Project\Biohub_CellTracking\experiments\diag_051_public_0942_tracklet_evidence\artifacts\tracking_repo/predictions/unknown/unet_transformer_val/split_0/6bba_55c70843.geff/edges/props/solution/zarr.json
Output file downloaded to E:\Project\Biohub_CellTracking\experiments\diag_051_public_0942_tracklet_evidence\artifacts\tracking_repo/predictions/unknown/unet_transformer_val/split_0/6bba_55c70843.geff/edges/props/zarr.json
Output file downloaded to E:\Project\Biohub_CellTracking\experiments\diag_051_public_0942_tracklet_evidence\artifacts\tracking_repo/predictions/unknown/unet_transformer_val/split_0/6bba_55c70843.geff/edges/zarr.json
Output file downloaded to E:\Project\Biohub_CellTracking\experiments\diag_051_public_0942_tracklet_evidence\artifacts\tracking_repo/predictions/unknown/unet_transformer_val/split_0/6bba_55c70843.geff/nodes/ids/c/0
Output file downloaded to E:\Project\Biohub_CellTracking\experiments\diag_051_public_0942_tracklet_evidence\artifacts\tracking_repo/predictions/unknown/unet_transformer_val/split_0/6bba_55c70843.geff/nodes/ids/zarr.json
Output file downloaded to E:\Project\Biohub_CellTracking\experiments\diag_051_public_0942_tracklet_evidence\artifacts\tracking_repo/predictions/unknown/unet_transformer_val/split_0/6bba_55c70843.geff/nodes/props/solution/values/c/0
Output file downloaded to E:\Project\Biohub_CellTracking\experiments\diag_051_public_0942_tracklet_evidence\artifacts\tracking_repo/predictions/unknown/unet_transformer_val/split_0/6bba_55c70843.geff/nodes/props/solution/values/zarr.json
Output file downloaded to E:\Project\Biohub_CellTracking\experiments\diag_051_public_0942_tracklet_evidence\artifacts\tracking_repo/predictions/unknown/unet_transformer_val/split_0/6bba_55c70843.geff/nodes/props/solution/zarr.json
Output file downloaded to E:\Project\Biohub_CellTracking\experiments\diag_051_public_0942_tracklet_evidence\artifacts\tracking_repo/predictions/unknown/unet_transformer_val/split_0/6bba_55c70843.geff/nodes/props/t/values/c/0
Output file downloaded to E:\Project\Biohub_CellTracking\experiments\diag_051_public_0942_tracklet_evidence\artifacts\tracking_repo/predictions/unknown/unet_transformer_val/split_0/6bba_55c70843.geff/nodes/props/t/values/zarr.json
Output file downloaded to E:\Project\Biohub_CellTracking\experiments\diag_051_public_0942_tracklet_evidence\artifacts\tracking_repo/predictions/unknown/unet_transformer_val/split_0/6bba_55c70843.geff/nodes/props/t/zarr.json
Output file downloaded to E:\Project\Biohub_CellTracking\experiments\diag_051_public_0942_tracklet_evidence\artifacts\tracking_repo/predictions/unknown/unet_transformer_val/split_0/6bba_55c70843.geff/nodes/props/x/values/c/0
Output file downloaded to E:\Project\Biohub_CellTracking\experiments\diag_051_public_0942_tracklet_evidence\artifacts\tracking_repo/predictions/unknown/unet_transformer_val/split_0/6bba_55c70843.geff/nodes/props/x/values/zarr.json
Output file downloaded to E:\Project\Biohub_CellTracking\experiments\diag_051_public_0942_tracklet_evidence\artifacts\tracking_repo/predictions/unknown/unet_transformer_val/split_0/6bba_55c70843.geff/nodes/props/x/zarr.json
Output file downloaded to E:\Project\Biohub_CellTracking\experiments\diag_051_public_0942_tracklet_evidence\artifacts\tracking_repo/predictions/unknown/unet_transformer_val/split_0/6bba_55c70843.geff/nodes/props/y/values/c/0
Output file downloaded to E:\Project\Biohub_CellTracking\experiments\diag_051_public_0942_tracklet_evidence\artifacts\tracking_repo/predictions/unknown/unet_transformer_val/split_0/6bba_55c70843.geff/nodes/props/y/values/zarr.json
Output file downloaded to E:\Project\Biohub_CellTracking\experiments\diag_051_public_0942_tracklet_evidence\artifacts\tracking_repo/predictions/unknown/unet_transformer_val/split_0/6bba_55c70843.geff/nodes/props/y/zarr.json
Output file downloaded to E:\Project\Biohub_CellTracking\experiments\diag_051_public_0942_tracklet_evidence\artifacts\tracking_repo/predictions/unknown/unet_transformer_val/split_0/6bba_55c70843.geff/nodes/props/z/values/c/0
Output file downloaded to E:\Project\Biohub_CellTracking\experiments\diag_051_public_0942_tracklet_evidence\artifacts\tracking_repo/predictions/unknown/unet_transformer_val/split_0/6bba_55c70843.geff/nodes/props/z/values/zarr.json
Output file downloaded to E:\Project\Biohub_CellTracking\experiments\diag_051_public_0942_tracklet_evidence\artifacts\tracking_repo/predictions/unknown/unet_transformer_val/split_0/6bba_55c70843.geff/nodes/props/z/zarr.json
Output file downloaded to E:\Project\Biohub_CellTracking\experiments\diag_051_public_0942_tracklet_evidence\artifacts\tracking_repo/predictions/unknown/unet_transformer_val/split_0/6bba_55c70843.geff/nodes/props/zarr.json
Output file downloaded to E:\Project\Biohub_CellTracking\experiments\diag_051_public_0942_tracklet_evidence\artifacts\tracking_repo/predictions/unknown/unet_transformer_val/split_0/6bba_55c70843.geff/nodes/zarr.json
Output file downloaded to E:\Project\Biohub_CellTracking\experiments\diag_051_public_0942_tracklet_evidence\artifacts\tracking_repo/predictions/unknown/unet_transformer_val/split_0/6bba_55c70843.geff/zarr.json
Output file downloaded to E:\Project\Biohub_CellTracking\experiments\diag_051_public_0942_tracklet_evidence\artifacts\tracking_repo/predictions/unknown/unet_transformer_val/split_0/6bba_80d12824.geff/edges/ids/c/0/0
Output file downloaded to E:\Project\Biohub_CellTracking\experiments\diag_051_public_0942_tracklet_evidence\artifacts\tracking_repo/predictions/unknown/unet_transformer_val/split_0/6bba_80d12824.geff/edges/ids/zarr.json
Output file downloaded to E:\Project\Biohub_CellTracking\experiments\diag_051_public_0942_tracklet_evidence\artifacts\tracking_repo/predictions/unknown/unet_transformer_val/split_0/6bba_80d12824.geff/edges/props/edge_dist/values/c/0
Output file downloaded to E:\Project\Biohub_CellTracking\experiments\diag_051_public_0942_tracklet_evidence\artifacts\tracking_repo/predictions/unknown/unet_transformer_val/split_0/6bba_80d12824.geff/edges/props/edge_dist/values/zarr.json
Output file downloaded to E:\Project\Biohub_CellTracking\experiments\diag_051_public_0942_tracklet_evidence\artifacts\tracking_repo/predictions/unknown/unet_transformer_val/split_0/6bba_80d12824.geff/edges/props/edge_dist/zarr.json
Output file downloaded to E:\Project\Biohub_CellTracking\experiments\diag_051_public_0942_tracklet_evidence\artifacts\tracking_repo/predictions/unknown/unet_transformer_val/split_0/6bba_80d12824.geff/edges/props/edge_prob/values/c/0
Output file downloaded to E:\Project\Biohub_CellTracking\experiments\diag_051_public_0942_tracklet_evidence\artifacts\tracking_repo/predictions/unknown/unet_transformer_val/split_0/6bba_80d12824.geff/edges/props/edge_prob/values/zarr.json
Output file downloaded to E:\Project\Biohub_CellTracking\experiments\diag_051_public_0942_tracklet_evidence\artifacts\tracking_repo/predictions/unknown/unet_transformer_val/split_0/6bba_80d12824.geff/edges/props/edge_prob/zarr.json
Output file downloaded to E:\Project\Biohub_CellTracking\experiments\diag_051_public_0942_tracklet_evidence\artifacts\tracking_repo/predictions/unknown/unet_transformer_val/split_0/6bba_80d12824.geff/edges/props/solution/values/c/0
Output file downloaded to E:\Project\Biohub_CellTracking\experiments\diag_051_public_0942_tracklet_evidence\artifacts\tracking_repo/predictions/unknown/unet_transformer_val/split_0/6bba_80d12824.geff/edges/props/solution/values/zarr.json
Output file downloaded to E:\Project\Biohub_CellTracking\experiments\diag_051_public_0942_tracklet_evidence\artifacts\tracking_repo/predictions/unknown/unet_transformer_val/split_0/6bba_80d12824.geff/edges/props/solution/zarr.json
Output file downloaded to E:\Project\Biohub_CellTracking\experiments\diag_051_public_0942_tracklet_evidence\artifacts\tracking_repo/predictions/unknown/unet_transformer_val/split_0/6bba_80d12824.geff/edges/props/zarr.json
Output file downloaded to E:\Project\Biohub_CellTracking\experiments\diag_051_public_0942_tracklet_evidence\artifacts\tracking_repo/predictions/unknown/unet_transformer_val/split_0/6bba_80d12824.geff/edges/zarr.json
Output file downloaded to E:\Project\Biohub_CellTracking\experiments\diag_051_public_0942_tracklet_evidence\artifacts\tracking_repo/predictions/unknown/unet_transformer_val/split_0/6bba_80d12824.geff/nodes/ids/c/0
Output file downloaded to E:\Project\Biohub_CellTracking\experiments\diag_051_public_0942_tracklet_evidence\artifacts\tracking_repo/predictions/unknown/unet_transformer_val/split_0/6bba_80d12824.geff/nodes/ids/zarr.json
Output file downloaded to E:\Project\Biohub_CellTracking\experiments\diag_051_public_0942_tracklet_evidence\artifacts\tracking_repo/predictions/unknown/unet_transformer_val/split_0/6bba_80d12824.geff/nodes/props/solution/values/c/0
Output file downloaded to E:\Project\Biohub_CellTracking\experiments\diag_051_public_0942_tracklet_evidence\artifacts\tracking_repo/predictions/unknown/unet_transformer_val/split_0/6bba_80d12824.geff/nodes/props/solution/values/zarr.json
Output file downloaded to E:\Project\Biohub_CellTracking\experiments\diag_051_public_0942_tracklet_evidence\artifacts\tracking_repo/predictions/unknown/unet_transformer_val/split_0/6bba_80d12824.geff/nodes/props/solution/zarr.json
Output file downloaded to E:\Project\Biohub_CellTracking\experiments\diag_051_public_0942_tracklet_evidence\artifacts\tracking_repo/predictions/unknown/unet_transformer_val/split_0/6bba_80d12824.geff/nodes/props/t/values/c/0
Output file downloaded to E:\Project\Biohub_CellTracking\experiments\diag_051_public_0942_tracklet_evidence\artifacts\tracking_repo/predictions/unknown/unet_transformer_val/split_0/6bba_80d12824.geff/nodes/props/t/values/zarr.json
Output file downloaded to E:\Project\Biohub_CellTracking\experiments\diag_051_public_0942_tracklet_evidence\artifacts\tracking_repo/predictions/unknown/unet_transformer_val/split_0/6bba_80d12824.geff/nodes/props/t/zarr.json
Output file downloaded to E:\Project\Biohub_CellTracking\experiments\diag_051_public_0942_tracklet_evidence\artifacts\tracking_repo/predictions/unknown/unet_transformer_val/split_0/6bba_80d12824.geff/nodes/props/x/values/c/0
Output file downloaded to E:\Project\Biohub_CellTracking\experiments\diag_051_public_0942_tracklet_evidence\artifacts\tracking_repo/predictions/unknown/unet_transformer_val/split_0/6bba_80d12824.geff/nodes/props/x/values/zarr.json
Output file downloaded to E:\Project\Biohub_CellTracking\experiments\diag_051_public_0942_tracklet_evidence\artifacts\tracking_repo/predictions/unknown/unet_transformer_val/split_0/6bba_80d12824.geff/nodes/props/x/zarr.json
Output file downloaded to E:\Project\Biohub_CellTracking\experiments\diag_051_public_0942_tracklet_evidence\artifacts\tracking_repo/predictions/unknown/unet_transformer_val/split_0/6bba_80d12824.geff/nodes/props/y/values/c/0
Output file downloaded to E:\Project\Biohub_CellTracking\experiments\diag_051_public_0942_tracklet_evidence\artifacts\tracking_repo/predictions/unknown/unet_transformer_val/split_0/6bba_80d12824.geff/nodes/props/y/values/zarr.json
Output file downloaded to E:\Project\Biohub_CellTracking\experiments\diag_051_public_0942_tracklet_evidence\artifacts\tracking_repo/predictions/unknown/unet_transformer_val/split_0/6bba_80d12824.geff/nodes/props/y/zarr.json
Output file downloaded to E:\Project\Biohub_CellTracking\experiments\diag_051_public_0942_tracklet_evidence\artifacts\tracking_repo/predictions/unknown/unet_transformer_val/split_0/6bba_80d12824.geff/nodes/props/z/values/c/0
Output file downloaded to E:\Project\Biohub_CellTracking\experiments\diag_051_public_0942_tracklet_evidence\artifacts\tracking_repo/predictions/unknown/unet_transformer_val/split_0/6bba_80d12824.geff/nodes/props/z/values/zarr.json
Output file downloaded to E:\Project\Biohub_CellTracking\experiments\diag_051_public_0942_tracklet_evidence\artifacts\tracking_repo/predictions/unknown/unet_transformer_val/split_0/6bba_80d12824.geff/nodes/props/z/zarr.json
Output file downloaded to E:\Project\Biohub_CellTracking\experiments\diag_051_public_0942_tracklet_evidence\artifacts\tracking_repo/predictions/unknown/unet_transformer_val/split_0/6bba_80d12824.geff/nodes/props/zarr.json
Output file downloaded to E:\Project\Biohub_CellTracking\experiments\diag_051_public_0942_tracklet_evidence\artifacts\tracking_repo/predictions/unknown/unet_transformer_val/split_0/6bba_80d12824.geff/nodes/zarr.json
Output file downloaded to E:\Project\Biohub_CellTracking\experiments\diag_051_public_0942_tracklet_evidence\artifacts\tracking_repo/predictions/unknown/unet_transformer_val/split_0/6bba_80d12824.geff/zarr.json
Output file downloaded to E:\Project\Biohub_CellTracking\experiments\diag_051_public_0942_tracklet_evidence\artifacts\tracking_repo/predictions/unknown/unet_transformer_val/split_0/6bba_ef7b4f7e.geff/edges/ids/c/0/0
Output file downloaded to E:\Project\Biohub_CellTracking\experiments\diag_051_public_0942_tracklet_evidence\artifacts\tracking_repo/predictions/unknown/unet_transformer_val/split_0/6bba_ef7b4f7e.geff/edges/ids/zarr.json
Output file downloaded to E:\Project\Biohub_CellTracking\experiments\diag_051_public_0942_tracklet_evidence\artifacts\tracking_repo/predictions/unknown/unet_transformer_val/split_0/6bba_ef7b4f7e.geff/edges/props/edge_dist/values/c/0
Output file downloaded to E:\Project\Biohub_CellTracking\experiments\diag_051_public_0942_tracklet_evidence\artifacts\tracking_repo/predictions/unknown/unet_transformer_val/split_0/6bba_ef7b4f7e.geff/edges/props/edge_dist/values/zarr.json
Output file downloaded to E:\Project\Biohub_CellTracking\experiments\diag_051_public_0942_tracklet_evidence\artifacts\tracking_repo/predictions/unknown/unet_transformer_val/split_0/6bba_ef7b4f7e.geff/edges/props/edge_dist/zarr.json
Output file downloaded to E:\Project\Biohub_CellTracking\experiments\diag_051_public_0942_tracklet_evidence\artifacts\tracking_repo/predictions/unknown/unet_transformer_val/split_0/6bba_ef7b4f7e.geff/edges/props/edge_prob/values/c/0
Output file downloaded to E:\Project\Biohub_CellTracking\experiments\diag_051_public_0942_tracklet_evidence\artifacts\tracking_repo/predictions/unknown/unet_transformer_val/split_0/6bba_ef7b4f7e.geff/edges/props/edge_prob/values/zarr.json
Output file downloaded to E:\Project\Biohub_CellTracking\experiments\diag_051_public_0942_tracklet_evidence\artifacts\tracking_repo/predictions/unknown/unet_transformer_val/split_0/6bba_ef7b4f7e.geff/edges/props/edge_prob/zarr.json
Output file downloaded to E:\Project\Biohub_CellTracking\experiments\diag_051_public_0942_tracklet_evidence\artifacts\tracking_repo/predictions/unknown/unet_transformer_val/split_0/6bba_ef7b4f7e.geff/edges/props/solution/values/c/0
Output file downloaded to E:\Project\Biohub_CellTracking\experiments\diag_051_public_0942_tracklet_evidence\artifacts\tracking_repo/predictions/unknown/unet_transformer_val/split_0/6bba_ef7b4f7e.geff/edges/props/solution/values/zarr.json
Output file downloaded to E:\Project\Biohub_CellTracking\experiments\diag_051_public_0942_tracklet_evidence\artifacts\tracking_repo/predictions/unknown/unet_transformer_val/split_0/6bba_ef7b4f7e.geff/edges/props/solution/zarr.json
Output file downloaded to E:\Project\Biohub_CellTracking\experiments\diag_051_public_0942_tracklet_evidence\artifacts\tracking_repo/predictions/unknown/unet_transformer_val/split_0/6bba_ef7b4f7e.geff/edges/props/zarr.json
Output file downloaded to E:\Project\Biohub_CellTracking\experiments\diag_051_public_0942_tracklet_evidence\artifacts\tracking_repo/predictions/unknown/unet_transformer_val/split_0/6bba_ef7b4f7e.geff/edges/zarr.json
Output file downloaded to E:\Project\Biohub_CellTracking\experiments\diag_051_public_0942_tracklet_evidence\artifacts\tracking_repo/predictions/unknown/unet_transformer_val/split_0/6bba_ef7b4f7e.geff/nodes/ids/c/0
Output file downloaded to E:\Project\Biohub_CellTracking\experiments\diag_051_public_0942_tracklet_evidence\artifacts\tracking_repo/predictions/unknown/unet_transformer_val/split_0/6bba_ef7b4f7e.geff/nodes/ids/zarr.json
Output file downloaded to E:\Project\Biohub_CellTracking\experiments\diag_051_public_0942_tracklet_evidence\artifacts\tracking_repo/predictions/unknown/unet_transformer_val/split_0/6bba_ef7b4f7e.geff/nodes/props/solution/values/c/0
Output file downloaded to E:\Project\Biohub_CellTracking\experiments\diag_051_public_0942_tracklet_evidence\artifacts\tracking_repo/predictions/unknown/unet_transformer_val/split_0/6bba_ef7b4f7e.geff/nodes/props/solution/values/zarr.json
Output file downloaded to E:\Project\Biohub_CellTracking\experiments\diag_051_public_0942_tracklet_evidence\artifacts\tracking_repo/predictions/unknown/unet_transformer_val/split_0/6bba_ef7b4f7e.geff/nodes/props/solution/zarr.json
Output file downloaded to E:\Project\Biohub_CellTracking\experiments\diag_051_public_0942_tracklet_evidence\artifacts\tracking_repo/predictions/unknown/unet_transformer_val/split_0/6bba_ef7b4f7e.geff/nodes/props/t/values/c/0
Output file downloaded to E:\Project\Biohub_CellTracking\experiments\diag_051_public_0942_tracklet_evidence\artifacts\tracking_repo/predictions/unknown/unet_transformer_val/split_0/6bba_ef7b4f7e.geff/nodes/props/t/values/zarr.json
Output file downloaded to E:\Project\Biohub_CellTracking\experiments\diag_051_public_0942_tracklet_evidence\artifacts\tracking_repo/predictions/unknown/unet_transformer_val/split_0/6bba_ef7b4f7e.geff/nodes/props/t/zarr.json
Output file downloaded to E:\Project\Biohub_CellTracking\experiments\diag_051_public_0942_tracklet_evidence\artifacts\tracking_repo/predictions/unknown/unet_transformer_val/split_0/6bba_ef7b4f7e.geff/nodes/props/x/values/c/0
Output file downloaded to E:\Project\Biohub_CellTracking\experiments\diag_051_public_0942_tracklet_evidence\artifacts\tracking_repo/predictions/unknown/unet_transformer_val/split_0/6bba_ef7b4f7e.geff/nodes/props/x/values/zarr.json
Output file downloaded to E:\Project\Biohub_CellTracking\experiments\diag_051_public_0942_tracklet_evidence\artifacts\tracking_repo/predictions/unknown/unet_transformer_val/split_0/6bba_ef7b4f7e.geff/nodes/props/x/zarr.json
Output file downloaded to E:\Project\Biohub_CellTracking\experiments\diag_051_public_0942_tracklet_evidence\artifacts\tracking_repo/predictions/unknown/unet_transformer_val/split_0/6bba_ef7b4f7e.geff/nodes/props/y/values/c/0
Output file downloaded to E:\Project\Biohub_CellTracking\experiments\diag_051_public_0942_tracklet_evidence\artifacts\tracking_repo/predictions/unknown/unet_transformer_val/split_0/6bba_ef7b4f7e.geff/nodes/props/y/values/zarr.json
Output file downloaded to E:\Project\Biohub_CellTracking\experiments\diag_051_public_0942_tracklet_evidence\artifacts\tracking_repo/predictions/unknown/unet_transformer_val/split_0/6bba_ef7b4f7e.geff/nodes/props/y/zarr.json
Output file downloaded to E:\Project\Biohub_CellTracking\experiments\diag_051_public_0942_tracklet_evidence\artifacts\tracking_repo/predictions/unknown/unet_transformer_val/split_0/6bba_ef7b4f7e.geff/nodes/props/z/values/c/0
Output file downloaded to E:\Project\Biohub_CellTracking\experiments\diag_051_public_0942_tracklet_evidence\artifacts\tracking_repo/predictions/unknown/unet_transformer_val/split_0/6bba_ef7b4f7e.geff/nodes/props/z/values/zarr.json
Output file downloaded to E:\Project\Biohub_CellTracking\experiments\diag_051_public_0942_tracklet_evidence\artifacts\tracking_repo/predictions/unknown/unet_transformer_val/split_0/6bba_ef7b4f7e.geff/nodes/props/z/zarr.json
Output file downloaded to E:\Project\Biohub_CellTracking\experiments\diag_051_public_0942_tracklet_evidence\artifacts\tracking_repo/predictions/unknown/unet_transformer_val/split_0/6bba_ef7b4f7e.geff/nodes/props/zarr.json
Output file downloaded to E:\Project\Biohub_CellTracking\experiments\diag_051_public_0942_tracklet_evidence\artifacts\tracking_repo/predictions/unknown/unet_transformer_val/split_0/6bba_ef7b4f7e.geff/nodes/zarr.json
Output file downloaded to E:\Project\Biohub_CellTracking\experiments\diag_051_public_0942_tracklet_evidence\artifacts\tracking_repo/predictions/unknown/unet_transformer_val/split_0/6bba_ef7b4f7e.geff/zarr.json
Output file downloaded to E:\Project\Biohub_CellTracking\experiments\diag_051_public_0942_tracklet_evidence\artifacts\tracking_repo/predictions/unknown/unet_transformer_val/split_0/6bba_fe670320.geff/edges/ids/c/0/0
Output file downloaded to E:\Project\Biohub_CellTracking\experiments\diag_051_public_0942_tracklet_evidence\artifacts\tracking_repo/predictions/unknown/unet_transformer_val/split_0/6bba_fe670320.geff/edges/ids/zarr.json
Output file downloaded to E:\Project\Biohub_CellTracking\experiments\diag_051_public_0942_tracklet_evidence\artifacts\tracking_repo/predictions/unknown/unet_transformer_val/split_0/6bba_fe670320.geff/edges/props/edge_dist/values/c/0
Output file downloaded to E:\Project\Biohub_CellTracking\experiments\diag_051_public_0942_tracklet_evidence\artifacts\tracking_repo/predictions/unknown/unet_transformer_val/split_0/6bba_fe670320.geff/edges/props/edge_dist/values/zarr.json
Output file downloaded to E:\Project\Biohub_CellTracking\experiments\diag_051_public_0942_tracklet_evidence\artifacts\tracking_repo/predictions/unknown/unet_transformer_val/split_0/6bba_fe670320.geff/edges/props/edge_dist/zarr.json
Output file downloaded to E:\Project\Biohub_CellTracking\experiments\diag_051_public_0942_tracklet_evidence\artifacts\tracking_repo/predictions/unknown/unet_transformer_val/split_0/6bba_fe670320.geff/edges/props/edge_prob/values/c/0
Output file downloaded to E:\Project\Biohub_CellTracking\experiments\diag_051_public_0942_tracklet_evidence\artifacts\tracking_repo/predictions/unknown/unet_transformer_val/split_0/6bba_fe670320.geff/edges/props/edge_prob/values/zarr.json
Output file downloaded to E:\Project\Biohub_CellTracking\experiments\diag_051_public_0942_tracklet_evidence\artifacts\tracking_repo/predictions/unknown/unet_transformer_val/split_0/6bba_fe670320.geff/edges/props/edge_prob/zarr.json
Output file downloaded to E:\Project\Biohub_CellTracking\experiments\diag_051_public_0942_tracklet_evidence\artifacts\tracking_repo/predictions/unknown/unet_transformer_val/split_0/6bba_fe670320.geff/edges/props/solution/values/c/0
Output file downloaded to E:\Project\Biohub_CellTracking\experiments\diag_051_public_0942_tracklet_evidence\artifacts\tracking_repo/predictions/unknown/unet_transformer_val/split_0/6bba_fe670320.geff/edges/props/solution/values/zarr.json
Output file downloaded to E:\Project\Biohub_CellTracking\experiments\diag_051_public_0942_tracklet_evidence\artifacts\tracking_repo/predictions/unknown/unet_transformer_val/split_0/6bba_fe670320.geff/edges/props/solution/zarr.json
Output file downloaded to E:\Project\Biohub_CellTracking\experiments\diag_051_public_0942_tracklet_evidence\artifacts\tracking_repo/predictions/unknown/unet_transformer_val/split_0/6bba_fe670320.geff/edges/props/zarr.json
Output file downloaded to E:\Project\Biohub_CellTracking\experiments\diag_051_public_0942_tracklet_evidence\artifacts\tracking_repo/predictions/unknown/unet_transformer_val/split_0/6bba_fe670320.geff/edges/zarr.json
Output file downloaded to E:\Project\Biohub_CellTracking\experiments\diag_051_public_0942_tracklet_evidence\artifacts\tracking_repo/predictions/unknown/unet_transformer_val/split_0/6bba_fe670320.geff/nodes/ids/c/0
Output file downloaded to E:\Project\Biohub_CellTracking\experiments\diag_051_public_0942_tracklet_evidence\artifacts\tracking_repo/predictions/unknown/unet_transformer_val/split_0/6bba_fe670320.geff/nodes/ids/zarr.json
Output file downloaded to E:\Project\Biohub_CellTracking\experiments\diag_051_public_0942_tracklet_evidence\artifacts\tracking_repo/predictions/unknown/unet_transformer_val/split_0/6bba_fe670320.geff/nodes/props/solution/values/c/0
Output file downloaded to E:\Project\Biohub_CellTracking\experiments\diag_051_public_0942_tracklet_evidence\artifacts\tracking_repo/predictions/unknown/unet_transformer_val/split_0/6bba_fe670320.geff/nodes/props/solution/values/zarr.json
Output file downloaded to E:\Project\Biohub_CellTracking\experiments\diag_051_public_0942_tracklet_evidence\artifacts\tracking_repo/predictions/unknown/unet_transformer_val/split_0/6bba_fe670320.geff/nodes/props/solution/zarr.json
Output file downloaded to E:\Project\Biohub_CellTracking\experiments\diag_051_public_0942_tracklet_evidence\artifacts\tracking_repo/predictions/unknown/unet_transformer_val/split_0/6bba_fe670320.geff/nodes/props/t/values/c/0
Output file downloaded to E:\Project\Biohub_CellTracking\experiments\diag_051_public_0942_tracklet_evidence\artifacts\tracking_repo/predictions/unknown/unet_transformer_val/split_0/6bba_fe670320.geff/nodes/props/t/values/zarr.json
Output file downloaded to E:\Project\Biohub_CellTracking\experiments\diag_051_public_0942_tracklet_evidence\artifacts\tracking_repo/predictions/unknown/unet_transformer_val/split_0/6bba_fe670320.geff/nodes/props/t/zarr.json
Output file downloaded to E:\Project\Biohub_CellTracking\experiments\diag_051_public_0942_tracklet_evidence\artifacts\tracking_repo/predictions/unknown/unet_transformer_val/split_0/6bba_fe670320.geff/nodes/props/x/values/c/0
Output file downloaded to E:\Project\Biohub_CellTracking\experiments\diag_051_public_0942_tracklet_evidence\artifacts\tracking_repo/predictions/unknown/unet_transformer_val/split_0/6bba_fe670320.geff/nodes/props/x/values/zarr.json
Output file downloaded to E:\Project\Biohub_CellTracking\experiments\diag_051_public_0942_tracklet_evidence\artifacts\tracking_repo/predictions/unknown/unet_transformer_val/split_0/6bba_fe670320.geff/nodes/props/x/zarr.json
Output file downloaded to E:\Project\Biohub_CellTracking\experiments\diag_051_public_0942_tracklet_evidence\artifacts\tracking_repo/predictions/unknown/unet_transformer_val/split_0/6bba_fe670320.geff/nodes/props/y/values/c/0
Output file downloaded to E:\Project\Biohub_CellTracking\experiments\diag_051_public_0942_tracklet_evidence\artifacts\tracking_repo/predictions/unknown/unet_transformer_val/split_0/6bba_fe670320.geff/nodes/props/y/values/zarr.json
Output file downloaded to E:\Project\Biohub_CellTracking\experiments\diag_051_public_0942_tracklet_evidence\artifacts\tracking_repo/predictions/unknown/unet_transformer_val/split_0/6bba_fe670320.geff/nodes/props/y/zarr.json
Output file downloaded to E:\Project\Biohub_CellTracking\experiments\diag_051_public_0942_tracklet_evidence\artifacts\tracking_repo/predictions/unknown/unet_transformer_val/split_0/6bba_fe670320.geff/nodes/props/z/values/c/0
Output file downloaded to E:\Project\Biohub_CellTracking\experiments\diag_051_public_0942_tracklet_evidence\artifacts\tracking_repo/predictions/unknown/unet_transformer_val/split_0/6bba_fe670320.geff/nodes/props/z/values/zarr.json
Output file downloaded to E:\Project\Biohub_CellTracking\experiments\diag_051_public_0942_tracklet_evidence\artifacts\tracking_repo/predictions/unknown/unet_transformer_val/split_0/6bba_fe670320.geff/nodes/props/z/zarr.json
Output file downloaded to E:\Project\Biohub_CellTracking\experiments\diag_051_public_0942_tracklet_evidence\artifacts\tracking_repo/predictions/unknown/unet_transformer_val/split_0/6bba_fe670320.geff/nodes/props/zarr.json
Output file downloaded to E:\Project\Biohub_CellTracking\experiments\diag_051_public_0942_tracklet_evidence\artifacts\tracking_repo/predictions/unknown/unet_transformer_val/split_0/6bba_fe670320.geff/nodes/zarr.json
Output file downloaded to E:\Project\Biohub_CellTracking\experiments\diag_051_public_0942_tracklet_evidence\artifacts\tracking_repo/predictions/unknown/unet_transformer_val/split_0/6bba_fe670320.geff/zarr.json
Output file downloaded to E:\Project\Biohub_CellTracking\experiments\diag_051_public_0942_tracklet_evidence\artifacts\tracking_repo/scripts/__pycache__/augmentations.cpython-312.pyc
Output file downloaded to E:\Project\Biohub_CellTracking\experiments\diag_051_public_0942_tracklet_evidence\artifacts\tracking_repo/scripts/__pycache__/dataspec.cpython-312.pyc
Output file downloaded to E:\Project\Biohub_CellTracking\experiments\diag_051_public_0942_tracklet_evidence\artifacts\tracking_repo/scripts/__pycache__/evaluate.cpython-312.pyc
Output file downloaded to E:\Project\Biohub_CellTracking\experiments\diag_051_public_0942_tracklet_evidence\artifacts\tracking_repo/scripts/__pycache__/train_unet_transformer.cpython-312.pyc
Output file downloaded to E:\Project\Biohub_CellTracking\experiments\diag_051_public_0942_tracklet_evidence\artifacts\tracking_repo/scripts/augmentations.py
Output file downloaded to E:\Project\Biohub_CellTracking\experiments\diag_051_public_0942_tracklet_evidence\artifacts\tracking_repo/scripts/dataspec.py
Output file downloaded to E:\Project\Biohub_CellTracking\experiments\diag_051_public_0942_tracklet_evidence\artifacts\tracking_repo/scripts/evaluate.py
Output file downloaded to E:\Project\Biohub_CellTracking\experiments\diag_051_public_0942_tracklet_evidence\artifacts\tracking_repo/scripts/predict_unet_transformer.py
Output file downloaded to E:\Project\Biohub_CellTracking\experiments\diag_051_public_0942_tracklet_evidence\artifacts\tracking_repo/scripts/train_unet_transformer.py
Output file downloaded to E:\Project\Biohub_CellTracking\experiments\diag_051_public_0942_tracklet_evidence\artifacts\tracking_repo/src/biohub_tracking/__init__.py
Output file downloaded to E:\Project\Biohub_CellTracking\experiments\diag_051_public_0942_tracklet_evidence\artifacts\tracking_repo/src/biohub_tracking/__pycache__/__init__.cpython-312.pyc
Output file downloaded to E:\Project\Biohub_CellTracking\experiments\diag_051_public_0942_tracklet_evidence\artifacts\tracking_repo/src/biohub_tracking/__pycache__/io.cpython-312.pyc
Output file downloaded to E:\Project\Biohub_CellTracking\experiments\diag_051_public_0942_tracklet_evidence\artifacts\tracking_repo/src/biohub_tracking/__pycache__/metrics.cpython-312.pyc
Output file downloaded to E:\Project\Biohub_CellTracking\experiments\diag_051_public_0942_tracklet_evidence\artifacts\tracking_repo/src/biohub_tracking/division_metrics.py
Output file downloaded to E:\Project\Biohub_CellTracking\experiments\diag_051_public_0942_tracklet_evidence\artifacts\tracking_repo/src/biohub_tracking/img_proc.py
Output file downloaded to E:\Project\Biohub_CellTracking\experiments\diag_051_public_0942_tracklet_evidence\artifacts\tracking_repo/src/biohub_tracking/io.py
Output file downloaded to E:\Project\Biohub_CellTracking\experiments\diag_051_public_0942_tracklet_evidence\artifacts\tracking_repo/src/biohub_tracking/metrics.py
Output file downloaded to E:\Project\Biohub_CellTracking\experiments\diag_051_public_0942_tracklet_evidence\artifacts\tracking_repo/src/biohub_tracking/models/__init__.py
Output file downloaded to E:\Project\Biohub_CellTracking\experiments\diag_051_public_0942_tracklet_evidence\artifacts\tracking_repo/src/biohub_tracking/models/__pycache__/__init__.cpython-312.pyc
Output file downloaded to E:\Project\Biohub_CellTracking\experiments\diag_051_public_0942_tracklet_evidence\artifacts\tracking_repo/src/biohub_tracking/models/__pycache__/simple_node_transformer.cpython-312.pyc
Output file downloaded to E:\Project\Biohub_CellTracking\experiments\diag_051_public_0942_tracklet_evidence\artifacts\tracking_repo/src/biohub_tracking/models/__pycache__/temporal_unet.cpython-312.pyc
Output file downloaded to E:\Project\Biohub_CellTracking\experiments\diag_051_public_0942_tracklet_evidence\artifacts\tracking_repo/src/biohub_tracking/models/simple_node_transformer.py
Output file downloaded to E:\Project\Biohub_CellTracking\experiments\diag_051_public_0942_tracklet_evidence\artifacts\tracking_repo/src/biohub_tracking/models/temporal_unet.py
Output file downloaded to E:\Project\Biohub_CellTracking\experiments\diag_051_public_0942_tracklet_evidence\artifacts\tracklet_evidence/44b6_1d530831/degree_repaired.json.gz
Output file downloaded to E:\Project\Biohub_CellTracking\experiments\diag_051_public_0942_tracklet_evidence\artifacts\tracklet_evidence/44b6_1d530831/distance_filtered.json.gz
Output file downloaded to E:\Project\Biohub_CellTracking\experiments\diag_051_public_0942_tracklet_evidence\artifacts\tracklet_evidence/44b6_1d530831/final_scored.json.gz
Output file downloaded to E:\Project\Biohub_CellTracking\experiments\diag_051_public_0942_tracklet_evidence\artifacts\tracklet_evidence/44b6_1d530831/gap1.json.gz
Output file downloaded to E:\Project\Biohub_CellTracking\experiments\diag_051_public_0942_tracklet_evidence\artifacts\tracklet_evidence/44b6_1d530831/gap2.json.gz
Output file downloaded to E:\Project\Biohub_CellTracking\experiments\diag_051_public_0942_tracklet_evidence\artifacts\tracklet_evidence/44b6_1d530831/geometry_and_isolated.json.gz
Output file downloaded to E:\Project\Biohub_CellTracking\experiments\diag_051_public_0942_tracklet_evidence\artifacts\tracklet_evidence/44b6_1d530831/motion_relinked.json.gz
Output file downloaded to E:\Project\Biohub_CellTracking\experiments\diag_051_public_0942_tracklet_evidence\artifacts\tracklet_evidence/44b6_1d530831/pair_000_001.npz
Output file downloaded to E:\Project\Biohub_CellTracking\experiments\diag_051_public_0942_tracklet_evidence\artifacts\tracklet_evidence/44b6_1d530831/pair_001_002.npz
Output file downloaded to E:\Project\Biohub_CellTracking\experiments\diag_051_public_0942_tracklet_evidence\artifacts\tracklet_evidence/44b6_1d530831/pair_002_003.npz
Output file downloaded to E:\Project\Biohub_CellTracking\experiments\diag_051_public_0942_tracklet_evidence\artifacts\tracklet_evidence/44b6_1d530831/pair_003_004.npz
Output file downloaded to E:\Project\Biohub_CellTracking\experiments\diag_051_public_0942_tracklet_evidence\artifacts\tracklet_evidence/44b6_1d530831/pair_004_005.npz
Output file downloaded to E:\Project\Biohub_CellTracking\experiments\diag_051_public_0942_tracklet_evidence\artifacts\tracklet_evidence/44b6_1d530831/pair_005_006.npz
Output file downloaded to E:\Project\Biohub_CellTracking\experiments\diag_051_public_0942_tracklet_evidence\artifacts\tracklet_evidence/44b6_1d530831/pair_006_007.npz
Output file downloaded to E:\Project\Biohub_CellTracking\experiments\diag_051_public_0942_tracklet_evidence\artifacts\tracklet_evidence/44b6_1d530831/pair_007_008.npz
Output file downloaded to E:\Project\Biohub_CellTracking\experiments\diag_051_public_0942_tracklet_evidence\artifacts\tracklet_evidence/44b6_1d530831/pair_008_009.npz
Output file downloaded to E:\Project\Biohub_CellTracking\experiments\diag_051_public_0942_tracklet_evidence\artifacts\tracklet_evidence/44b6_1d530831/pair_009_010.npz
Output file downloaded to E:\Project\Biohub_CellTracking\experiments\diag_051_public_0942_tracklet_evidence\artifacts\tracklet_evidence/44b6_1d530831/pair_010_011.npz
Output file downloaded to E:\Project\Biohub_CellTracking\experiments\diag_051_public_0942_tracklet_evidence\artifacts\tracklet_evidence/44b6_1d530831/pair_011_012.npz
Output file downloaded to E:\Project\Biohub_CellTracking\experiments\diag_051_public_0942_tracklet_evidence\artifacts\tracklet_evidence/44b6_1d530831/pair_012_013.npz
Output file downloaded to E:\Project\Biohub_CellTracking\experiments\diag_051_public_0942_tracklet_evidence\artifacts\tracklet_evidence/44b6_1d530831/pair_013_014.npz
Output file downloaded to E:\Project\Biohub_CellTracking\experiments\diag_051_public_0942_tracklet_evidence\artifacts\tracklet_evidence/44b6_1d530831/pair_014_015.npz
Output file downloaded to E:\Project\Biohub_CellTracking\experiments\diag_051_public_0942_tracklet_evidence\artifacts\tracklet_evidence/44b6_1d530831/pair_015_016.npz
Output file downloaded to E:\Project\Biohub_CellTracking\experiments\diag_051_public_0942_tracklet_evidence\artifacts\tracklet_evidence/44b6_1d530831/pair_016_017.npz
Output file downloaded to E:\Project\Biohub_CellTracking\experiments\diag_051_public_0942_tracklet_evidence\artifacts\tracklet_evidence/44b6_1d530831/pair_017_018.npz
Output file downloaded to E:\Project\Biohub_CellTracking\experiments\diag_051_public_0942_tracklet_evidence\artifacts\tracklet_evidence/44b6_1d530831/pair_018_019.npz
Output file downloaded to E:\Project\Biohub_CellTracking\experiments\diag_051_public_0942_tracklet_evidence\artifacts\tracklet_evidence/44b6_1d530831/pair_019_020.npz
Output file downloaded to E:\Project\Biohub_CellTracking\experiments\diag_051_public_0942_tracklet_evidence\artifacts\tracklet_evidence/44b6_1d530831/pair_020_021.npz
Output file downloaded to E:\Project\Biohub_CellTracking\experiments\diag_051_public_0942_tracklet_evidence\artifacts\tracklet_evidence/44b6_1d530831/pair_021_022.npz
Output file downloaded to E:\Project\Biohub_CellTracking\experiments\diag_051_public_0942_tracklet_evidence\artifacts\tracklet_evidence/44b6_1d530831/pair_022_023.npz
Output file downloaded to E:\Project\Biohub_CellTracking\experiments\diag_051_public_0942_tracklet_evidence\artifacts\tracklet_evidence/44b6_1d530831/pair_023_024.npz
Output file downloaded to E:\Project\Biohub_CellTracking\experiments\diag_051_public_0942_tracklet_evidence\artifacts\tracklet_evidence/44b6_1d530831/pair_024_025.npz
Output file downloaded to E:\Project\Biohub_CellTracking\experiments\diag_051_public_0942_tracklet_evidence\artifacts\tracklet_evidence/44b6_1d530831/pair_025_026.npz
Output file downloaded to E:\Project\Biohub_CellTracking\experiments\diag_051_public_0942_tracklet_evidence\artifacts\tracklet_evidence/44b6_1d530831/pair_026_027.npz
Output file downloaded to E:\Project\Biohub_CellTracking\experiments\diag_051_public_0942_tracklet_evidence\artifacts\tracklet_evidence/44b6_1d530831/pair_027_028.npz
Output file downloaded to E:\Project\Biohub_CellTracking\experiments\diag_051_public_0942_tracklet_evidence\artifacts\tracklet_evidence/44b6_1d530831/pair_028_029.npz
Output file downloaded to E:\Project\Biohub_CellTracking\experiments\diag_051_public_0942_tracklet_evidence\artifacts\tracklet_evidence/44b6_1d530831/pair_029_030.npz
Output file downloaded to E:\Project\Biohub_CellTracking\experiments\diag_051_public_0942_tracklet_evidence\artifacts\tracklet_evidence/44b6_1d530831/pair_030_031.npz
Output file downloaded to E:\Project\Biohub_CellTracking\experiments\diag_051_public_0942_tracklet_evidence\artifacts\tracklet_evidence/44b6_1d530831/pair_031_032.npz
Output file downloaded to E:\Project\Biohub_CellTracking\experiments\diag_051_public_0942_tracklet_evidence\artifacts\tracklet_evidence/44b6_1d530831/pair_032_033.npz
Output file downloaded to E:\Project\Biohub_CellTracking\experiments\diag_051_public_0942_tracklet_evidence\artifacts\tracklet_evidence/44b6_1d530831/pair_033_034.npz
Output file downloaded to E:\Project\Biohub_CellTracking\experiments\diag_051_public_0942_tracklet_evidence\artifacts\tracklet_evidence/44b6_1d530831/pair_034_035.npz
Output file downloaded to E:\Project\Biohub_CellTracking\experiments\diag_051_public_0942_tracklet_evidence\artifacts\tracklet_evidence/44b6_1d530831/pair_035_036.npz
Output file downloaded to E:\Project\Biohub_CellTracking\experiments\diag_051_public_0942_tracklet_evidence\artifacts\tracklet_evidence/44b6_1d530831/pair_036_037.npz
Output file downloaded to E:\Project\Biohub_CellTracking\experiments\diag_051_public_0942_tracklet_evidence\artifacts\tracklet_evidence/44b6_1d530831/pair_037_038.npz
Output file downloaded to E:\Project\Biohub_CellTracking\experiments\diag_051_public_0942_tracklet_evidence\artifacts\tracklet_evidence/44b6_1d530831/pair_038_039.npz
Output file downloaded to E:\Project\Biohub_CellTracking\experiments\diag_051_public_0942_tracklet_evidence\artifacts\tracklet_evidence/44b6_1d530831/pair_039_040.npz
Output file downloaded to E:\Project\Biohub_CellTracking\experiments\diag_051_public_0942_tracklet_evidence\artifacts\tracklet_evidence/44b6_1d530831/pair_040_041.npz
Output file downloaded to E:\Project\Biohub_CellTracking\experiments\diag_051_public_0942_tracklet_evidence\artifacts\tracklet_evidence/44b6_1d530831/pair_041_042.npz
Output file downloaded to E:\Project\Biohub_CellTracking\experiments\diag_051_public_0942_tracklet_evidence\artifacts\tracklet_evidence/44b6_1d530831/pair_042_043.npz
Output file downloaded to E:\Project\Biohub_CellTracking\experiments\diag_051_public_0942_tracklet_evidence\artifacts\tracklet_evidence/44b6_1d530831/pair_043_044.npz
Output file downloaded to E:\Project\Biohub_CellTracking\experiments\diag_051_public_0942_tracklet_evidence\artifacts\tracklet_evidence/44b6_1d530831/pair_044_045.npz
Output file downloaded to E:\Project\Biohub_CellTracking\experiments\diag_051_public_0942_tracklet_evidence\artifacts\tracklet_evidence/44b6_1d530831/pair_045_046.npz
Output file downloaded to E:\Project\Biohub_CellTracking\experiments\diag_051_public_0942_tracklet_evidence\artifacts\tracklet_evidence/44b6_1d530831/pair_046_047.npz
Output file downloaded to E:\Project\Biohub_CellTracking\experiments\diag_051_public_0942_tracklet_evidence\artifacts\tracklet_evidence/44b6_1d530831/pair_047_048.npz
Output file downloaded to E:\Project\Biohub_CellTracking\experiments\diag_051_public_0942_tracklet_evidence\artifacts\tracklet_evidence/44b6_1d530831/pair_048_049.npz
Output file downloaded to E:\Project\Biohub_CellTracking\experiments\diag_051_public_0942_tracklet_evidence\artifacts\tracklet_evidence/44b6_1d530831/pair_049_050.npz
Output file downloaded to E:\Project\Biohub_CellTracking\experiments\diag_051_public_0942_tracklet_evidence\artifacts\tracklet_evidence/44b6_1d530831/pair_050_051.npz
Output file downloaded to E:\Project\Biohub_CellTracking\experiments\diag_051_public_0942_tracklet_evidence\artifacts\tracklet_evidence/44b6_1d530831/pair_051_052.npz
Output file downloaded to E:\Project\Biohub_CellTracking\experiments\diag_051_public_0942_tracklet_evidence\artifacts\tracklet_evidence/44b6_1d530831/pair_052_053.npz
Output file downloaded to E:\Project\Biohub_CellTracking\experiments\diag_051_public_0942_tracklet_evidence\artifacts\tracklet_evidence/44b6_1d530831/pair_053_054.npz
Output file downloaded to E:\Project\Biohub_CellTracking\experiments\diag_051_public_0942_tracklet_evidence\artifacts\tracklet_evidence/44b6_1d530831/pair_054_055.npz
Output file downloaded to E:\Project\Biohub_CellTracking\experiments\diag_051_public_0942_tracklet_evidence\artifacts\tracklet_evidence/44b6_1d530831/pair_055_056.npz
Output file downloaded to E:\Project\Biohub_CellTracking\experiments\diag_051_public_0942_tracklet_evidence\artifacts\tracklet_evidence/44b6_1d530831/pair_056_057.npz
Output file downloaded to E:\Project\Biohub_CellTracking\experiments\diag_051_public_0942_tracklet_evidence\artifacts\tracklet_evidence/44b6_1d530831/pair_057_058.npz
Output file downloaded to E:\Project\Biohub_CellTracking\experiments\diag_051_public_0942_tracklet_evidence\artifacts\tracklet_evidence/44b6_1d530831/pair_058_059.npz
Output file downloaded to E:\Project\Biohub_CellTracking\experiments\diag_051_public_0942_tracklet_evidence\artifacts\tracklet_evidence/44b6_1d530831/pair_059_060.npz
Output file downloaded to E:\Project\Biohub_CellTracking\experiments\diag_051_public_0942_tracklet_evidence\artifacts\tracklet_evidence/44b6_1d530831/pair_060_061.npz
Output file downloaded to E:\Project\Biohub_CellTracking\experiments\diag_051_public_0942_tracklet_evidence\artifacts\tracklet_evidence/44b6_1d530831/pair_061_062.npz
Output file downloaded to E:\Project\Biohub_CellTracking\experiments\diag_051_public_0942_tracklet_evidence\artifacts\tracklet_evidence/44b6_1d530831/pair_062_063.npz
Output file downloaded to E:\Project\Biohub_CellTracking\experiments\diag_051_public_0942_tracklet_evidence\artifacts\tracklet_evidence/44b6_1d530831/pair_063_064.npz
Output file downloaded to E:\Project\Biohub_CellTracking\experiments\diag_051_public_0942_tracklet_evidence\artifacts\tracklet_evidence/44b6_1d530831/pair_064_065.npz
Output file downloaded to E:\Project\Biohub_CellTracking\experiments\diag_051_public_0942_tracklet_evidence\artifacts\tracklet_evidence/44b6_1d530831/pair_065_066.npz
Output file downloaded to E:\Project\Biohub_CellTracking\experiments\diag_051_public_0942_tracklet_evidence\artifacts\tracklet_evidence/44b6_1d530831/pair_066_067.npz
Output file downloaded to E:\Project\Biohub_CellTracking\experiments\diag_051_public_0942_tracklet_evidence\artifacts\tracklet_evidence/44b6_1d530831/pair_067_068.npz
Output file downloaded to E:\Project\Biohub_CellTracking\experiments\diag_051_public_0942_tracklet_evidence\artifacts\tracklet_evidence/44b6_1d530831/pair_068_069.npz
Output file downloaded to E:\Project\Biohub_CellTracking\experiments\diag_051_public_0942_tracklet_evidence\artifacts\tracklet_evidence/44b6_1d530831/pair_069_070.npz
Output file downloaded to E:\Project\Biohub_CellTracking\experiments\diag_051_public_0942_tracklet_evidence\artifacts\tracklet_evidence/44b6_1d530831/pair_070_071.npz
Output file downloaded to E:\Project\Biohub_CellTracking\experiments\diag_051_public_0942_tracklet_evidence\artifacts\tracklet_evidence/44b6_1d530831/pair_071_072.npz
Output file downloaded to E:\Project\Biohub_CellTracking\experiments\diag_051_public_0942_tracklet_evidence\artifacts\tracklet_evidence/44b6_1d530831/pair_072_073.npz
Output file downloaded to E:\Project\Biohub_CellTracking\experiments\diag_051_public_0942_tracklet_evidence\artifacts\tracklet_evidence/44b6_1d530831/pair_073_074.npz
Output file downloaded to E:\Project\Biohub_CellTracking\experiments\diag_051_public_0942_tracklet_evidence\artifacts\tracklet_evidence/44b6_1d530831/pair_074_075.npz
Output file downloaded to E:\Project\Biohub_CellTracking\experiments\diag_051_public_0942_tracklet_evidence\artifacts\tracklet_evidence/44b6_1d530831/pair_075_076.npz
Output file downloaded to E:\Project\Biohub_CellTracking\experiments\diag_051_public_0942_tracklet_evidence\artifacts\tracklet_evidence/44b6_1d530831/pair_076_077.npz
Output file downloaded to E:\Project\Biohub_CellTracking\experiments\diag_051_public_0942_tracklet_evidence\artifacts\tracklet_evidence/44b6_1d530831/pair_077_078.npz
Output file downloaded to E:\Project\Biohub_CellTracking\experiments\diag_051_public_0942_tracklet_evidence\artifacts\tracklet_evidence/44b6_1d530831/pair_078_079.npz
Output file downloaded to E:\Project\Biohub_CellTracking\experiments\diag_051_public_0942_tracklet_evidence\artifacts\tracklet_evidence/44b6_1d530831/pair_079_080.npz
Output file downloaded to E:\Project\Biohub_CellTracking\experiments\diag_051_public_0942_tracklet_evidence\artifacts\tracklet_evidence/44b6_1d530831/pair_080_081.npz
Output file downloaded to E:\Project\Biohub_CellTracking\experiments\diag_051_public_0942_tracklet_evidence\artifacts\tracklet_evidence/44b6_1d530831/pair_081_082.npz
Output file downloaded to E:\Project\Biohub_CellTracking\experiments\diag_051_public_0942_tracklet_evidence\artifacts\tracklet_evidence/44b6_1d530831/pair_082_083.npz
Output file downloaded to E:\Project\Biohub_CellTracking\experiments\diag_051_public_0942_tracklet_evidence\artifacts\tracklet_evidence/44b6_1d530831/pair_083_084.npz
Output file downloaded to E:\Project\Biohub_CellTracking\experiments\diag_051_public_0942_tracklet_evidence\artifacts\tracklet_evidence/44b6_1d530831/pair_084_085.npz
Output file downloaded to E:\Project\Biohub_CellTracking\experiments\diag_051_public_0942_tracklet_evidence\artifacts\tracklet_evidence/44b6_1d530831/pair_085_086.npz
Output file downloaded to E:\Project\Biohub_CellTracking\experiments\diag_051_public_0942_tracklet_evidence\artifacts\tracklet_evidence/44b6_1d530831/pair_086_087.npz
Output file downloaded to E:\Project\Biohub_CellTracking\experiments\diag_051_public_0942_tracklet_evidence\artifacts\tracklet_evidence/44b6_1d530831/pair_087_088.npz
Output file downloaded to E:\Project\Biohub_CellTracking\experiments\diag_051_public_0942_tracklet_evidence\artifacts\tracklet_evidence/44b6_1d530831/pair_088_089.npz
Output file downloaded to E:\Project\Biohub_CellTracking\experiments\diag_051_public_0942_tracklet_evidence\artifacts\tracklet_evidence/44b6_1d530831/pair_089_090.npz
Output file downloaded to E:\Project\Biohub_CellTracking\experiments\diag_051_public_0942_tracklet_evidence\artifacts\tracklet_evidence/44b6_1d530831/pair_090_091.npz
Output file downloaded to E:\Project\Biohub_CellTracking\experiments\diag_051_public_0942_tracklet_evidence\artifacts\tracklet_evidence/44b6_1d530831/pair_091_092.npz
Output file downloaded to E:\Project\Biohub_CellTracking\experiments\diag_051_public_0942_tracklet_evidence\artifacts\tracklet_evidence/44b6_1d530831/pair_092_093.npz
Output file downloaded to E:\Project\Biohub_CellTracking\experiments\diag_051_public_0942_tracklet_evidence\artifacts\tracklet_evidence/44b6_1d530831/pair_093_094.npz
Output file downloaded to E:\Project\Biohub_CellTracking\experiments\diag_051_public_0942_tracklet_evidence\artifacts\tracklet_evidence/44b6_1d530831/pair_094_095.npz
Output file downloaded to E:\Project\Biohub_CellTracking\experiments\diag_051_public_0942_tracklet_evidence\artifacts\tracklet_evidence/44b6_1d530831/pair_095_096.npz
Output file downloaded to E:\Project\Biohub_CellTracking\experiments\diag_051_public_0942_tracklet_evidence\artifacts\tracklet_evidence/44b6_1d530831/pair_096_097.npz
Output file downloaded to E:\Project\Biohub_CellTracking\experiments\diag_051_public_0942_tracklet_evidence\artifacts\tracklet_evidence/44b6_1d530831/pair_097_098.npz
Output file downloaded to E:\Project\Biohub_CellTracking\experiments\diag_051_public_0942_tracklet_evidence\artifacts\tracklet_evidence/44b6_1d530831/pair_098_099.npz
Output file downloaded to E:\Project\Biohub_CellTracking\experiments\diag_051_public_0942_tracklet_evidence\artifacts\tracklet_evidence/44b6_1d530831/pre_ilp_nodes.npz
Output file downloaded to E:\Project\Biohub_CellTracking\experiments\diag_051_public_0942_tracklet_evidence\artifacts\tracklet_evidence/44b6_1d530831/raw_post_ilp.json.gz
Output file downloaded to E:\Project\Biohub_CellTracking\experiments\diag_051_public_0942_tracklet_evidence\artifacts\tracklet_evidence/44b6_1d530831/safe_divisions.json.gz
Output file downloaded to E:\Project\Biohub_CellTracking\experiments\diag_051_public_0942_tracklet_evidence\artifacts\tracklet_evidence/44b6_1d530831/scorer_matching.json.gz
Output file downloaded to E:\Project\Biohub_CellTracking\experiments\diag_051_public_0942_tracklet_evidence\artifacts\tracklet_evidence/44b6_1d530831/short_track_filtered.json.gz
Output file downloaded to E:\Project\Biohub_CellTracking\experiments\diag_051_public_0942_tracklet_evidence\artifacts\tracklet_evidence/44b6_2a2eff9f/degree_repaired.json.gz
Output file downloaded to E:\Project\Biohub_CellTracking\experiments\diag_051_public_0942_tracklet_evidence\artifacts\tracklet_evidence/44b6_2a2eff9f/distance_filtered.json.gz
Output file downloaded to E:\Project\Biohub_CellTracking\experiments\diag_051_public_0942_tracklet_evidence\artifacts\tracklet_evidence/44b6_2a2eff9f/final_scored.json.gz
Output file downloaded to E:\Project\Biohub_CellTracking\experiments\diag_051_public_0942_tracklet_evidence\artifacts\tracklet_evidence/44b6_2a2eff9f/gap1.json.gz
Output file downloaded to E:\Project\Biohub_CellTracking\experiments\diag_051_public_0942_tracklet_evidence\artifacts\tracklet_evidence/44b6_2a2eff9f/gap2.json.gz
Output file downloaded to E:\Project\Biohub_CellTracking\experiments\diag_051_public_0942_tracklet_evidence\artifacts\tracklet_evidence/44b6_2a2eff9f/geometry_and_isolated.json.gz
Output file downloaded to E:\Project\Biohub_CellTracking\experiments\diag_051_public_0942_tracklet_evidence\artifacts\tracklet_evidence/44b6_2a2eff9f/motion_relinked.json.gz
Output file downloaded to E:\Project\Biohub_CellTracking\experiments\diag_051_public_0942_tracklet_evidence\artifacts\tracklet_evidence/44b6_2a2eff9f/pair_000_001.npz
Output file downloaded to E:\Project\Biohub_CellTracking\experiments\diag_051_public_0942_tracklet_evidence\artifacts\tracklet_evidence/44b6_2a2eff9f/pair_001_002.npz
Output file downloaded to E:\Project\Biohub_CellTracking\experiments\diag_051_public_0942_tracklet_evidence\artifacts\tracklet_evidence/44b6_2a2eff9f/pair_002_003.npz
Output file downloaded to E:\Project\Biohub_CellTracking\experiments\diag_051_public_0942_tracklet_evidence\artifacts\tracklet_evidence/44b6_2a2eff9f/pair_003_004.npz
Output file downloaded to E:\Project\Biohub_CellTracking\experiments\diag_051_public_0942_tracklet_evidence\artifacts\tracklet_evidence/44b6_2a2eff9f/pair_004_005.npz
Output file downloaded to E:\Project\Biohub_CellTracking\experiments\diag_051_public_0942_tracklet_evidence\artifacts\tracklet_evidence/44b6_2a2eff9f/pair_005_006.npz
Output file downloaded to E:\Project\Biohub_CellTracking\experiments\diag_051_public_0942_tracklet_evidence\artifacts\tracklet_evidence/44b6_2a2eff9f/pair_006_007.npz
Output file downloaded to E:\Project\Biohub_CellTracking\experiments\diag_051_public_0942_tracklet_evidence\artifacts\tracklet_evidence/44b6_2a2eff9f/pair_007_008.npz
Output file downloaded to E:\Project\Biohub_CellTracking\experiments\diag_051_public_0942_tracklet_evidence\artifacts\tracklet_evidence/44b6_2a2eff9f/pair_008_009.npz
Output file downloaded to E:\Project\Biohub_CellTracking\experiments\diag_051_public_0942_tracklet_evidence\artifacts\tracklet_evidence/44b6_2a2eff9f/pair_009_010.npz
Output file downloaded to E:\Project\Biohub_CellTracking\experiments\diag_051_public_0942_tracklet_evidence\artifacts\tracklet_evidence/44b6_2a2eff9f/pair_010_011.npz
Output file downloaded to E:\Project\Biohub_CellTracking\experiments\diag_051_public_0942_tracklet_evidence\artifacts\tracklet_evidence/44b6_2a2eff9f/pair_011_012.npz
Output file downloaded to E:\Project\Biohub_CellTracking\experiments\diag_051_public_0942_tracklet_evidence\artifacts\tracklet_evidence/44b6_2a2eff9f/pair_012_013.npz
Output file downloaded to E:\Project\Biohub_CellTracking\experiments\diag_051_public_0942_tracklet_evidence\artifacts\tracklet_evidence/44b6_2a2eff9f/pair_013_014.npz
Output file downloaded to E:\Project\Biohub_CellTracking\experiments\diag_051_public_0942_tracklet_evidence\artifacts\tracklet_evidence/44b6_2a2eff9f/pair_014_015.npz
Output file downloaded to E:\Project\Biohub_CellTracking\experiments\diag_051_public_0942_tracklet_evidence\artifacts\tracklet_evidence/44b6_2a2eff9f/pair_015_016.npz
Output file downloaded to E:\Project\Biohub_CellTracking\experiments\diag_051_public_0942_tracklet_evidence\artifacts\tracklet_evidence/44b6_2a2eff9f/pair_016_017.npz
Output file downloaded to E:\Project\Biohub_CellTracking\experiments\diag_051_public_0942_tracklet_evidence\artifacts\tracklet_evidence/44b6_2a2eff9f/pair_017_018.npz
Output file downloaded to E:\Project\Biohub_CellTracking\experiments\diag_051_public_0942_tracklet_evidence\artifacts\tracklet_evidence/44b6_2a2eff9f/pair_018_019.npz
Output file downloaded to E:\Project\Biohub_CellTracking\experiments\diag_051_public_0942_tracklet_evidence\artifacts\tracklet_evidence/44b6_2a2eff9f/pair_019_020.npz
Output file downloaded to E:\Project\Biohub_CellTracking\experiments\diag_051_public_0942_tracklet_evidence\artifacts\tracklet_evidence/44b6_2a2eff9f/pair_020_021.npz
Output file downloaded to E:\Project\Biohub_CellTracking\experiments\diag_051_public_0942_tracklet_evidence\artifacts\tracklet_evidence/44b6_2a2eff9f/pair_021_022.npz
Output file downloaded to E:\Project\Biohub_CellTracking\experiments\diag_051_public_0942_tracklet_evidence\artifacts\tracklet_evidence/44b6_2a2eff9f/pair_022_023.npz
Output file downloaded to E:\Project\Biohub_CellTracking\experiments\diag_051_public_0942_tracklet_evidence\artifacts\tracklet_evidence/44b6_2a2eff9f/pair_023_024.npz
Output file downloaded to E:\Project\Biohub_CellTracking\experiments\diag_051_public_0942_tracklet_evidence\artifacts\tracklet_evidence/44b6_2a2eff9f/pair_024_025.npz
Output file downloaded to E:\Project\Biohub_CellTracking\experiments\diag_051_public_0942_tracklet_evidence\artifacts\tracklet_evidence/44b6_2a2eff9f/pair_025_026.npz
Output file downloaded to E:\Project\Biohub_CellTracking\experiments\diag_051_public_0942_tracklet_evidence\artifacts\tracklet_evidence/44b6_2a2eff9f/pair_026_027.npz
Output file downloaded to E:\Project\Biohub_CellTracking\experiments\diag_051_public_0942_tracklet_evidence\artifacts\tracklet_evidence/44b6_2a2eff9f/pair_027_028.npz
Output file downloaded to E:\Project\Biohub_CellTracking\experiments\diag_051_public_0942_tracklet_evidence\artifacts\tracklet_evidence/44b6_2a2eff9f/pair_028_029.npz
Output file downloaded to E:\Project\Biohub_CellTracking\experiments\diag_051_public_0942_tracklet_evidence\artifacts\tracklet_evidence/44b6_2a2eff9f/pair_029_030.npz
Output file downloaded to E:\Project\Biohub_CellTracking\experiments\diag_051_public_0942_tracklet_evidence\artifacts\tracklet_evidence/44b6_2a2eff9f/pair_030_031.npz
Output file downloaded to E:\Project\Biohub_CellTracking\experiments\diag_051_public_0942_tracklet_evidence\artifacts\tracklet_evidence/44b6_2a2eff9f/pair_031_032.npz
Output file downloaded to E:\Project\Biohub_CellTracking\experiments\diag_051_public_0942_tracklet_evidence\artifacts\tracklet_evidence/44b6_2a2eff9f/pair_032_033.npz
Output file downloaded to E:\Project\Biohub_CellTracking\experiments\diag_051_public_0942_tracklet_evidence\artifacts\tracklet_evidence/44b6_2a2eff9f/pair_033_034.npz
Output file downloaded to E:\Project\Biohub_CellTracking\experiments\diag_051_public_0942_tracklet_evidence\artifacts\tracklet_evidence/44b6_2a2eff9f/pair_034_035.npz
Output file downloaded to E:\Project\Biohub_CellTracking\experiments\diag_051_public_0942_tracklet_evidence\artifacts\tracklet_evidence/44b6_2a2eff9f/pair_035_036.npz
Output file downloaded to E:\Project\Biohub_CellTracking\experiments\diag_051_public_0942_tracklet_evidence\artifacts\tracklet_evidence/44b6_2a2eff9f/pair_036_037.npz
Output file downloaded to E:\Project\Biohub_CellTracking\experiments\diag_051_public_0942_tracklet_evidence\artifacts\tracklet_evidence/44b6_2a2eff9f/pair_037_038.npz
Output file downloaded to E:\Project\Biohub_CellTracking\experiments\diag_051_public_0942_tracklet_evidence\artifacts\tracklet_evidence/44b6_2a2eff9f/pair_038_039.npz
Output file downloaded to E:\Project\Biohub_CellTracking\experiments\diag_051_public_0942_tracklet_evidence\artifacts\tracklet_evidence/44b6_2a2eff9f/pair_039_040.npz
Output file downloaded to E:\Project\Biohub_CellTracking\experiments\diag_051_public_0942_tracklet_evidence\artifacts\tracklet_evidence/44b6_2a2eff9f/pair_040_041.npz
Output file downloaded to E:\Project\Biohub_CellTracking\experiments\diag_051_public_0942_tracklet_evidence\artifacts\tracklet_evidence/44b6_2a2eff9f/pair_041_042.npz
Output file downloaded to E:\Project\Biohub_CellTracking\experiments\diag_051_public_0942_tracklet_evidence\artifacts\tracklet_evidence/44b6_2a2eff9f/pair_042_043.npz
Output file downloaded to E:\Project\Biohub_CellTracking\experiments\diag_051_public_0942_tracklet_evidence\artifacts\tracklet_evidence/44b6_2a2eff9f/pair_043_044.npz
Output file downloaded to E:\Project\Biohub_CellTracking\experiments\diag_051_public_0942_tracklet_evidence\artifacts\tracklet_evidence/44b6_2a2eff9f/pair_044_045.npz
Output file downloaded to E:\Project\Biohub_CellTracking\experiments\diag_051_public_0942_tracklet_evidence\artifacts\tracklet_evidence/44b6_2a2eff9f/pair_045_046.npz
Output file downloaded to E:\Project\Biohub_CellTracking\experiments\diag_051_public_0942_tracklet_evidence\artifacts\tracklet_evidence/44b6_2a2eff9f/pair_046_047.npz
Output file downloaded to E:\Project\Biohub_CellTracking\experiments\diag_051_public_0942_tracklet_evidence\artifacts\tracklet_evidence/44b6_2a2eff9f/pair_047_048.npz
Output file downloaded to E:\Project\Biohub_CellTracking\experiments\diag_051_public_0942_tracklet_evidence\artifacts\tracklet_evidence/44b6_2a2eff9f/pair_048_049.npz
Output file downloaded to E:\Project\Biohub_CellTracking\experiments\diag_051_public_0942_tracklet_evidence\artifacts\tracklet_evidence/44b6_2a2eff9f/pair_049_050.npz
Output file downloaded to E:\Project\Biohub_CellTracking\experiments\diag_051_public_0942_tracklet_evidence\artifacts\tracklet_evidence/44b6_2a2eff9f/pair_050_051.npz
Output file downloaded to E:\Project\Biohub_CellTracking\experiments\diag_051_public_0942_tracklet_evidence\artifacts\tracklet_evidence/44b6_2a2eff9f/pair_051_052.npz
Output file downloaded to E:\Project\Biohub_CellTracking\experiments\diag_051_public_0942_tracklet_evidence\artifacts\tracklet_evidence/44b6_2a2eff9f/pair_052_053.npz
Output file downloaded to E:\Project\Biohub_CellTracking\experiments\diag_051_public_0942_tracklet_evidence\artifacts\tracklet_evidence/44b6_2a2eff9f/pair_053_054.npz
Output file downloaded to E:\Project\Biohub_CellTracking\experiments\diag_051_public_0942_tracklet_evidence\artifacts\tracklet_evidence/44b6_2a2eff9f/pair_054_055.npz
Output file downloaded to E:\Project\Biohub_CellTracking\experiments\diag_051_public_0942_tracklet_evidence\artifacts\tracklet_evidence/44b6_2a2eff9f/pair_055_056.npz
Output file downloaded to E:\Project\Biohub_CellTracking\experiments\diag_051_public_0942_tracklet_evidence\artifacts\tracklet_evidence/44b6_2a2eff9f/pair_056_057.npz
Output file downloaded to E:\Project\Biohub_CellTracking\experiments\diag_051_public_0942_tracklet_evidence\artifacts\tracklet_evidence/44b6_2a2eff9f/pair_057_058.npz
Output file downloaded to E:\Project\Biohub_CellTracking\experiments\diag_051_public_0942_tracklet_evidence\artifacts\tracklet_evidence/44b6_2a2eff9f/pair_058_059.npz
Output file downloaded to E:\Project\Biohub_CellTracking\experiments\diag_051_public_0942_tracklet_evidence\artifacts\tracklet_evidence/44b6_2a2eff9f/pair_059_060.npz
Output file downloaded to E:\Project\Biohub_CellTracking\experiments\diag_051_public_0942_tracklet_evidence\artifacts\tracklet_evidence/44b6_2a2eff9f/pair_060_061.npz
Output file downloaded to E:\Project\Biohub_CellTracking\experiments\diag_051_public_0942_tracklet_evidence\artifacts\tracklet_evidence/44b6_2a2eff9f/pair_061_062.npz
Output file downloaded to E:\Project\Biohub_CellTracking\experiments\diag_051_public_0942_tracklet_evidence\artifacts\tracklet_evidence/44b6_2a2eff9f/pair_062_063.npz
Output file downloaded to E:\Project\Biohub_CellTracking\experiments\diag_051_public_0942_tracklet_evidence\artifacts\tracklet_evidence/44b6_2a2eff9f/pair_063_064.npz
Output file downloaded to E:\Project\Biohub_CellTracking\experiments\diag_051_public_0942_tracklet_evidence\artifacts\tracklet_evidence/44b6_2a2eff9f/pair_064_065.npz
Output file downloaded to E:\Project\Biohub_CellTracking\experiments\diag_051_public_0942_tracklet_evidence\artifacts\tracklet_evidence/44b6_2a2eff9f/pair_065_066.npz
Output file downloaded to E:\Project\Biohub_CellTracking\experiments\diag_051_public_0942_tracklet_evidence\artifacts\tracklet_evidence/44b6_2a2eff9f/pair_066_067.npz
Output file downloaded to E:\Project\Biohub_CellTracking\experiments\diag_051_public_0942_tracklet_evidence\artifacts\tracklet_evidence/44b6_2a2eff9f/pair_067_068.npz
Output file downloaded to E:\Project\Biohub_CellTracking\experiments\diag_051_public_0942_tracklet_evidence\artifacts\tracklet_evidence/44b6_2a2eff9f/pair_068_069.npz
Output file downloaded to E:\Project\Biohub_CellTracking\experiments\diag_051_public_0942_tracklet_evidence\artifacts\tracklet_evidence/44b6_2a2eff9f/pair_069_070.npz
Output file downloaded to E:\Project\Biohub_CellTracking\experiments\diag_051_public_0942_tracklet_evidence\artifacts\tracklet_evidence/44b6_2a2eff9f/pair_070_071.npz
Output file downloaded to E:\Project\Biohub_CellTracking\experiments\diag_051_public_0942_tracklet_evidence\artifacts\tracklet_evidence/44b6_2a2eff9f/pair_071_072.npz
Output file downloaded to E:\Project\Biohub_CellTracking\experiments\diag_051_public_0942_tracklet_evidence\artifacts\tracklet_evidence/44b6_2a2eff9f/pair_072_073.npz
Output file downloaded to E:\Project\Biohub_CellTracking\experiments\diag_051_public_0942_tracklet_evidence\artifacts\tracklet_evidence/44b6_2a2eff9f/pair_073_074.npz
Output file downloaded to E:\Project\Biohub_CellTracking\experiments\diag_051_public_0942_tracklet_evidence\artifacts\tracklet_evidence/44b6_2a2eff9f/pair_074_075.npz
Output file downloaded to E:\Project\Biohub_CellTracking\experiments\diag_051_public_0942_tracklet_evidence\artifacts\tracklet_evidence/44b6_2a2eff9f/pair_075_076.npz
Output file downloaded to E:\Project\Biohub_CellTracking\experiments\diag_051_public_0942_tracklet_evidence\artifacts\tracklet_evidence/44b6_2a2eff9f/pair_076_077.npz
Output file downloaded to E:\Project\Biohub_CellTracking\experiments\diag_051_public_0942_tracklet_evidence\artifacts\tracklet_evidence/44b6_2a2eff9f/pair_077_078.npz
Output file downloaded to E:\Project\Biohub_CellTracking\experiments\diag_051_public_0942_tracklet_evidence\artifacts\tracklet_evidence/44b6_2a2eff9f/pair_078_079.npz
Output file downloaded to E:\Project\Biohub_CellTracking\experiments\diag_051_public_0942_tracklet_evidence\artifacts\tracklet_evidence/44b6_2a2eff9f/pair_079_080.npz
Output file downloaded to E:\Project\Biohub_CellTracking\experiments\diag_051_public_0942_tracklet_evidence\artifacts\tracklet_evidence/44b6_2a2eff9f/pair_080_081.npz
Output file downloaded to E:\Project\Biohub_CellTracking\experiments\diag_051_public_0942_tracklet_evidence\artifacts\tracklet_evidence/44b6_2a2eff9f/pair_081_082.npz
Output file downloaded to E:\Project\Biohub_CellTracking\experiments\diag_051_public_0942_tracklet_evidence\artifacts\tracklet_evidence/44b6_2a2eff9f/pair_082_083.npz
Output file downloaded to E:\Project\Biohub_CellTracking\experiments\diag_051_public_0942_tracklet_evidence\artifacts\tracklet_evidence/44b6_2a2eff9f/pair_083_084.npz
Output file downloaded to E:\Project\Biohub_CellTracking\experiments\diag_051_public_0942_tracklet_evidence\artifacts\tracklet_evidence/44b6_2a2eff9f/pair_084_085.npz
Output file downloaded to E:\Project\Biohub_CellTracking\experiments\diag_051_public_0942_tracklet_evidence\artifacts\tracklet_evidence/44b6_2a2eff9f/pair_085_086.npz
Output file downloaded to E:\Project\Biohub_CellTracking\experiments\diag_051_public_0942_tracklet_evidence\artifacts\tracklet_evidence/44b6_2a2eff9f/pair_086_087.npz
Output file downloaded to E:\Project\Biohub_CellTracking\experiments\diag_051_public_0942_tracklet_evidence\artifacts\tracklet_evidence/44b6_2a2eff9f/pair_087_088.npz
Output file downloaded to E:\Project\Biohub_CellTracking\experiments\diag_051_public_0942_tracklet_evidence\artifacts\tracklet_evidence/44b6_2a2eff9f/pair_088_089.npz
Output file downloaded to E:\Project\Biohub_CellTracking\experiments\diag_051_public_0942_tracklet_evidence\artifacts\tracklet_evidence/44b6_2a2eff9f/pair_089_090.npz
Output file downloaded to E:\Project\Biohub_CellTracking\experiments\diag_051_public_0942_tracklet_evidence\artifacts\tracklet_evidence/44b6_2a2eff9f/pair_090_091.npz
Output file downloaded to E:\Project\Biohub_CellTracking\experiments\diag_051_public_0942_tracklet_evidence\artifacts\tracklet_evidence/44b6_2a2eff9f/pair_091_092.npz
Output file downloaded to E:\Project\Biohub_CellTracking\experiments\diag_051_public_0942_tracklet_evidence\artifacts\tracklet_evidence/44b6_2a2eff9f/pair_092_093.npz
Output file downloaded to E:\Project\Biohub_CellTracking\experiments\diag_051_public_0942_tracklet_evidence\artifacts\tracklet_evidence/44b6_2a2eff9f/pair_093_094.npz
Output file downloaded to E:\Project\Biohub_CellTracking\experiments\diag_051_public_0942_tracklet_evidence\artifacts\tracklet_evidence/44b6_2a2eff9f/pair_094_095.npz
Output file downloaded to E:\Project\Biohub_CellTracking\experiments\diag_051_public_0942_tracklet_evidence\artifacts\tracklet_evidence/44b6_2a2eff9f/pair_095_096.npz
Output file downloaded to E:\Project\Biohub_CellTracking\experiments\diag_051_public_0942_tracklet_evidence\artifacts\tracklet_evidence/44b6_2a2eff9f/pair_096_097.npz
Output file downloaded to E:\Project\Biohub_CellTracking\experiments\diag_051_public_0942_tracklet_evidence\artifacts\tracklet_evidence/44b6_2a2eff9f/pair_097_098.npz
Output file downloaded to E:\Project\Biohub_CellTracking\experiments\diag_051_public_0942_tracklet_evidence\artifacts\tracklet_evidence/44b6_2a2eff9f/pair_098_099.npz
Output file downloaded to E:\Project\Biohub_CellTracking\experiments\diag_051_public_0942_tracklet_evidence\artifacts\tracklet_evidence/44b6_2a2eff9f/pre_ilp_nodes.npz
Output file downloaded to E:\Project\Biohub_CellTracking\experiments\diag_051_public_0942_tracklet_evidence\artifacts\tracklet_evidence/44b6_2a2eff9f/raw_post_ilp.json.gz
Output file downloaded to E:\Project\Biohub_CellTracking\experiments\diag_051_public_0942_tracklet_evidence\artifacts\tracklet_evidence/44b6_2a2eff9f/safe_divisions.json.gz
Output file downloaded to E:\Project\Biohub_CellTracking\experiments\diag_051_public_0942_tracklet_evidence\artifacts\tracklet_evidence/44b6_2a2eff9f/scorer_matching.json.gz
Output file downloaded to E:\Project\Biohub_CellTracking\experiments\diag_051_public_0942_tracklet_evidence\artifacts\tracklet_evidence/44b6_2a2eff9f/short_track_filtered.json.gz
Output file downloaded to E:\Project\Biohub_CellTracking\experiments\diag_051_public_0942_tracklet_evidence\artifacts\tracklet_evidence/44b6_551a5dba/degree_repaired.json.gz
Output file downloaded to E:\Project\Biohub_CellTracking\experiments\diag_051_public_0942_tracklet_evidence\artifacts\tracklet_evidence/44b6_551a5dba/distance_filtered.json.gz
Output file downloaded to E:\Project\Biohub_CellTracking\experiments\diag_051_public_0942_tracklet_evidence\artifacts\tracklet_evidence/44b6_551a5dba/final_scored.json.gz
Output file downloaded to E:\Project\Biohub_CellTracking\experiments\diag_051_public_0942_tracklet_evidence\artifacts\tracklet_evidence/44b6_551a5dba/gap1.json.gz
Output file downloaded to E:\Project\Biohub_CellTracking\experiments\diag_051_public_0942_tracklet_evidence\artifacts\tracklet_evidence/44b6_551a5dba/gap2.json.gz
Output file downloaded to E:\Project\Biohub_CellTracking\experiments\diag_051_public_0942_tracklet_evidence\artifacts\tracklet_evidence/44b6_551a5dba/geometry_and_isolated.json.gz
Output file downloaded to E:\Project\Biohub_CellTracking\experiments\diag_051_public_0942_tracklet_evidence\artifacts\tracklet_evidence/44b6_551a5dba/motion_relinked.json.gz
Output file downloaded to E:\Project\Biohub_CellTracking\experiments\diag_051_public_0942_tracklet_evidence\artifacts\tracklet_evidence/44b6_551a5dba/pair_000_001.npz
Output file downloaded to E:\Project\Biohub_CellTracking\experiments\diag_051_public_0942_tracklet_evidence\artifacts\tracklet_evidence/44b6_551a5dba/pair_001_002.npz
Output file downloaded to E:\Project\Biohub_CellTracking\experiments\diag_051_public_0942_tracklet_evidence\artifacts\tracklet_evidence/44b6_551a5dba/pair_002_003.npz
Output file downloaded to E:\Project\Biohub_CellTracking\experiments\diag_051_public_0942_tracklet_evidence\artifacts\tracklet_evidence/44b6_551a5dba/pair_003_004.npz
Output file downloaded to E:\Project\Biohub_CellTracking\experiments\diag_051_public_0942_tracklet_evidence\artifacts\tracklet_evidence/44b6_551a5dba/pair_004_005.npz
Output file downloaded to E:\Project\Biohub_CellTracking\experiments\diag_051_public_0942_tracklet_evidence\artifacts\tracklet_evidence/44b6_551a5dba/pair_005_006.npz
Output file downloaded to E:\Project\Biohub_CellTracking\experiments\diag_051_public_0942_tracklet_evidence\artifacts\tracklet_evidence/44b6_551a5dba/pair_006_007.npz
Output file downloaded to E:\Project\Biohub_CellTracking\experiments\diag_051_public_0942_tracklet_evidence\artifacts\tracklet_evidence/44b6_551a5dba/pair_007_008.npz
Output file downloaded to E:\Project\Biohub_CellTracking\experiments\diag_051_public_0942_tracklet_evidence\artifacts\tracklet_evidence/44b6_551a5dba/pair_008_009.npz
Output file downloaded to E:\Project\Biohub_CellTracking\experiments\diag_051_public_0942_tracklet_evidence\artifacts\tracklet_evidence/44b6_551a5dba/pair_009_010.npz
Output file downloaded to E:\Project\Biohub_CellTracking\experiments\diag_051_public_0942_tracklet_evidence\artifacts\tracklet_evidence/44b6_551a5dba/pair_010_011.npz
Output file downloaded to E:\Project\Biohub_CellTracking\experiments\diag_051_public_0942_tracklet_evidence\artifacts\tracklet_evidence/44b6_551a5dba/pair_011_012.npz
Output file downloaded to E:\Project\Biohub_CellTracking\experiments\diag_051_public_0942_tracklet_evidence\artifacts\tracklet_evidence/44b6_551a5dba/pair_012_013.npz
Output file downloaded to E:\Project\Biohub_CellTracking\experiments\diag_051_public_0942_tracklet_evidence\artifacts\tracklet_evidence/44b6_551a5dba/pair_013_014.npz
Output file downloaded to E:\Project\Biohub_CellTracking\experiments\diag_051_public_0942_tracklet_evidence\artifacts\tracklet_evidence/44b6_551a5dba/pair_014_015.npz
Output file downloaded to E:\Project\Biohub_CellTracking\experiments\diag_051_public_0942_tracklet_evidence\artifacts\tracklet_evidence/44b6_551a5dba/pair_015_016.npz
Output file downloaded to E:\Project\Biohub_CellTracking\experiments\diag_051_public_0942_tracklet_evidence\artifacts\tracklet_evidence/44b6_551a5dba/pair_016_017.npz
Output file downloaded to E:\Project\Biohub_CellTracking\experiments\diag_051_public_0942_tracklet_evidence\artifacts\tracklet_evidence/44b6_551a5dba/pair_017_018.npz
Output file downloaded to E:\Project\Biohub_CellTracking\experiments\diag_051_public_0942_tracklet_evidence\artifacts\tracklet_evidence/44b6_551a5dba/pair_018_019.npz
Output file downloaded to E:\Project\Biohub_CellTracking\experiments\diag_051_public_0942_tracklet_evidence\artifacts\tracklet_evidence/44b6_551a5dba/pair_019_020.npz
Output file downloaded to E:\Project\Biohub_CellTracking\experiments\diag_051_public_0942_tracklet_evidence\artifacts\tracklet_evidence/44b6_551a5dba/pair_020_021.npz
Output file downloaded to E:\Project\Biohub_CellTracking\experiments\diag_051_public_0942_tracklet_evidence\artifacts\tracklet_evidence/44b6_551a5dba/pair_021_022.npz
Output file downloaded to E:\Project\Biohub_CellTracking\experiments\diag_051_public_0942_tracklet_evidence\artifacts\tracklet_evidence/44b6_551a5dba/pair_022_023.npz
Output file downloaded to E:\Project\Biohub_CellTracking\experiments\diag_051_public_0942_tracklet_evidence\artifacts\tracklet_evidence/44b6_551a5dba/pair_023_024.npz
Output file downloaded to E:\Project\Biohub_CellTracking\experiments\diag_051_public_0942_tracklet_evidence\artifacts\tracklet_evidence/44b6_551a5dba/pair_024_025.npz
Output file downloaded to E:\Project\Biohub_CellTracking\experiments\diag_051_public_0942_tracklet_evidence\artifacts\tracklet_evidence/44b6_551a5dba/pair_025_026.npz
Output file downloaded to E:\Project\Biohub_CellTracking\experiments\diag_051_public_0942_tracklet_evidence\artifacts\tracklet_evidence/44b6_551a5dba/pair_026_027.npz
Output file downloaded to E:\Project\Biohub_CellTracking\experiments\diag_051_public_0942_tracklet_evidence\artifacts\tracklet_evidence/44b6_551a5dba/pair_027_028.npz
Output file downloaded to E:\Project\Biohub_CellTracking\experiments\diag_051_public_0942_tracklet_evidence\artifacts\tracklet_evidence/44b6_551a5dba/pair_028_029.npz
Output file downloaded to E:\Project\Biohub_CellTracking\experiments\diag_051_public_0942_tracklet_evidence\artifacts\tracklet_evidence/44b6_551a5dba/pair_029_030.npz
Output file downloaded to E:\Project\Biohub_CellTracking\experiments\diag_051_public_0942_tracklet_evidence\artifacts\tracklet_evidence/44b6_551a5dba/pair_030_031.npz
Output file downloaded to E:\Project\Biohub_CellTracking\experiments\diag_051_public_0942_tracklet_evidence\artifacts\tracklet_evidence/44b6_551a5dba/pair_031_032.npz
Output file downloaded to E:\Project\Biohub_CellTracking\experiments\diag_051_public_0942_tracklet_evidence\artifacts\tracklet_evidence/44b6_551a5dba/pair_032_033.npz
Output file downloaded to E:\Project\Biohub_CellTracking\experiments\diag_051_public_0942_tracklet_evidence\artifacts\tracklet_evidence/44b6_551a5dba/pair_033_034.npz
Output file downloaded to E:\Project\Biohub_CellTracking\experiments\diag_051_public_0942_tracklet_evidence\artifacts\tracklet_evidence/44b6_551a5dba/pair_034_035.npz
Output file downloaded to E:\Project\Biohub_CellTracking\experiments\diag_051_public_0942_tracklet_evidence\artifacts\tracklet_evidence/44b6_551a5dba/pair_035_036.npz
Output file downloaded to E:\Project\Biohub_CellTracking\experiments\diag_051_public_0942_tracklet_evidence\artifacts\tracklet_evidence/44b6_551a5dba/pair_036_037.npz
Output file downloaded to E:\Project\Biohub_CellTracking\experiments\diag_051_public_0942_tracklet_evidence\artifacts\tracklet_evidence/44b6_551a5dba/pair_037_038.npz
Output file downloaded to E:\Project\Biohub_CellTracking\experiments\diag_051_public_0942_tracklet_evidence\artifacts\tracklet_evidence/44b6_551a5dba/pair_038_039.npz
Output file downloaded to E:\Project\Biohub_CellTracking\experiments\diag_051_public_0942_tracklet_evidence\artifacts\tracklet_evidence/44b6_551a5dba/pair_039_040.npz
Output file downloaded to E:\Project\Biohub_CellTracking\experiments\diag_051_public_0942_tracklet_evidence\artifacts\tracklet_evidence/44b6_551a5dba/pair_040_041.npz
Output file downloaded to E:\Project\Biohub_CellTracking\experiments\diag_051_public_0942_tracklet_evidence\artifacts\tracklet_evidence/44b6_551a5dba/pair_041_042.npz
Output file downloaded to E:\Project\Biohub_CellTracking\experiments\diag_051_public_0942_tracklet_evidence\artifacts\tracklet_evidence/44b6_551a5dba/pair_042_043.npz
Output file downloaded to E:\Project\Biohub_CellTracking\experiments\diag_051_public_0942_tracklet_evidence\artifacts\tracklet_evidence/44b6_551a5dba/pair_043_044.npz
Output file downloaded to E:\Project\Biohub_CellTracking\experiments\diag_051_public_0942_tracklet_evidence\artifacts\tracklet_evidence/44b6_551a5dba/pair_044_045.npz
Output file downloaded to E:\Project\Biohub_CellTracking\experiments\diag_051_public_0942_tracklet_evidence\artifacts\tracklet_evidence/44b6_551a5dba/pair_045_046.npz
Output file downloaded to E:\Project\Biohub_CellTracking\experiments\diag_051_public_0942_tracklet_evidence\artifacts\tracklet_evidence/44b6_551a5dba/pair_046_047.npz
Output file downloaded to E:\Project\Biohub_CellTracking\experiments\diag_051_public_0942_tracklet_evidence\artifacts\tracklet_evidence/44b6_551a5dba/pair_047_048.npz
Output file downloaded to E:\Project\Biohub_CellTracking\experiments\diag_051_public_0942_tracklet_evidence\artifacts\tracklet_evidence/44b6_551a5dba/pair_048_049.npz
Output file downloaded to E:\Project\Biohub_CellTracking\experiments\diag_051_public_0942_tracklet_evidence\artifacts\tracklet_evidence/44b6_551a5dba/pair_049_050.npz
Output file downloaded to E:\Project\Biohub_CellTracking\experiments\diag_051_public_0942_tracklet_evidence\artifacts\tracklet_evidence/44b6_551a5dba/pair_050_051.npz
Output file downloaded to E:\Project\Biohub_CellTracking\experiments\diag_051_public_0942_tracklet_evidence\artifacts\tracklet_evidence/44b6_551a5dba/pair_051_052.npz
Output file downloaded to E:\Project\Biohub_CellTracking\experiments\diag_051_public_0942_tracklet_evidence\artifacts\tracklet_evidence/44b6_551a5dba/pair_052_053.npz
Output file downloaded to E:\Project\Biohub_CellTracking\experiments\diag_051_public_0942_tracklet_evidence\artifacts\tracklet_evidence/44b6_551a5dba/pair_053_054.npz
Output file downloaded to E:\Project\Biohub_CellTracking\experiments\diag_051_public_0942_tracklet_evidence\artifacts\tracklet_evidence/44b6_551a5dba/pair_054_055.npz
Output file downloaded to E:\Project\Biohub_CellTracking\experiments\diag_051_public_0942_tracklet_evidence\artifacts\tracklet_evidence/44b6_551a5dba/pair_055_056.npz
Output file downloaded to E:\Project\Biohub_CellTracking\experiments\diag_051_public_0942_tracklet_evidence\artifacts\tracklet_evidence/44b6_551a5dba/pair_056_057.npz
Output file downloaded to E:\Project\Biohub_CellTracking\experiments\diag_051_public_0942_tracklet_evidence\artifacts\tracklet_evidence/44b6_551a5dba/pair_057_058.npz
Output file downloaded to E:\Project\Biohub_CellTracking\experiments\diag_051_public_0942_tracklet_evidence\artifacts\tracklet_evidence/44b6_551a5dba/pair_058_059.npz
Output file downloaded to E:\Project\Biohub_CellTracking\experiments\diag_051_public_0942_tracklet_evidence\artifacts\tracklet_evidence/44b6_551a5dba/pair_059_060.npz
Output file downloaded to E:\Project\Biohub_CellTracking\experiments\diag_051_public_0942_tracklet_evidence\artifacts\tracklet_evidence/44b6_551a5dba/pair_060_061.npz
Output file downloaded to E:\Project\Biohub_CellTracking\experiments\diag_051_public_0942_tracklet_evidence\artifacts\tracklet_evidence/44b6_551a5dba/pair_061_062.npz
Output file downloaded to E:\Project\Biohub_CellTracking\experiments\diag_051_public_0942_tracklet_evidence\artifacts\tracklet_evidence/44b6_551a5dba/pair_062_063.npz
Output file downloaded to E:\Project\Biohub_CellTracking\experiments\diag_051_public_0942_tracklet_evidence\artifacts\tracklet_evidence/44b6_551a5dba/pair_063_064.npz
Output file downloaded to E:\Project\Biohub_CellTracking\experiments\diag_051_public_0942_tracklet_evidence\artifacts\tracklet_evidence/44b6_551a5dba/pair_064_065.npz
Output file downloaded to E:\Project\Biohub_CellTracking\experiments\diag_051_public_0942_tracklet_evidence\artifacts\tracklet_evidence/44b6_551a5dba/pair_065_066.npz
Output file downloaded to E:\Project\Biohub_CellTracking\experiments\diag_051_public_0942_tracklet_evidence\artifacts\tracklet_evidence/44b6_551a5dba/pair_066_067.npz
Output file downloaded to E:\Project\Biohub_CellTracking\experiments\diag_051_public_0942_tracklet_evidence\artifacts\tracklet_evidence/44b6_551a5dba/pair_067_068.npz
Output file downloaded to E:\Project\Biohub_CellTracking\experiments\diag_051_public_0942_tracklet_evidence\artifacts\tracklet_evidence/44b6_551a5dba/pair_068_069.npz
Output file downloaded to E:\Project\Biohub_CellTracking\experiments\diag_051_public_0942_tracklet_evidence\artifacts\tracklet_evidence/44b6_551a5dba/pair_069_070.npz
Output file downloaded to E:\Project\Biohub_CellTracking\experiments\diag_051_public_0942_tracklet_evidence\artifacts\tracklet_evidence/44b6_551a5dba/pair_070_071.npz
Output file downloaded to E:\Project\Biohub_CellTracking\experiments\diag_051_public_0942_tracklet_evidence\artifacts\tracklet_evidence/44b6_551a5dba/pair_071_072.npz
Output file downloaded to E:\Project\Biohub_CellTracking\experiments\diag_051_public_0942_tracklet_evidence\artifacts\tracklet_evidence/44b6_551a5dba/pair_072_073.npz
Output file downloaded to E:\Project\Biohub_CellTracking\experiments\diag_051_public_0942_tracklet_evidence\artifacts\tracklet_evidence/44b6_551a5dba/pair_073_074.npz
Output file downloaded to E:\Project\Biohub_CellTracking\experiments\diag_051_public_0942_tracklet_evidence\artifacts\tracklet_evidence/44b6_551a5dba/pair_074_075.npz
Output file downloaded to E:\Project\Biohub_CellTracking\experiments\diag_051_public_0942_tracklet_evidence\artifacts\tracklet_evidence/44b6_551a5dba/pair_075_076.npz
Output file downloaded to E:\Project\Biohub_CellTracking\experiments\diag_051_public_0942_tracklet_evidence\artifacts\tracklet_evidence/44b6_551a5dba/pair_076_077.npz
Output file downloaded to E:\Project\Biohub_CellTracking\experiments\diag_051_public_0942_tracklet_evidence\artifacts\tracklet_evidence/44b6_551a5dba/pair_077_078.npz
Output file downloaded to E:\Project\Biohub_CellTracking\experiments\diag_051_public_0942_tracklet_evidence\artifacts\tracklet_evidence/44b6_551a5dba/pair_078_079.npz
Output file downloaded to E:\Project\Biohub_CellTracking\experiments\diag_051_public_0942_tracklet_evidence\artifacts\tracklet_evidence/44b6_551a5dba/pair_079_080.npz
Output file downloaded to E:\Project\Biohub_CellTracking\experiments\diag_051_public_0942_tracklet_evidence\artifacts\tracklet_evidence/44b6_551a5dba/pair_080_081.npz
Output file downloaded to E:\Project\Biohub_CellTracking\experiments\diag_051_public_0942_tracklet_evidence\artifacts\tracklet_evidence/44b6_551a5dba/pair_081_082.npz
Output file downloaded to E:\Project\Biohub_CellTracking\experiments\diag_051_public_0942_tracklet_evidence\artifacts\tracklet_evidence/44b6_551a5dba/pair_082_083.npz
Output file downloaded to E:\Project\Biohub_CellTracking\experiments\diag_051_public_0942_tracklet_evidence\artifacts\tracklet_evidence/44b6_551a5dba/pair_083_084.npz
Output file downloaded to E:\Project\Biohub_CellTracking\experiments\diag_051_public_0942_tracklet_evidence\artifacts\tracklet_evidence/44b6_551a5dba/pair_084_085.npz
Output file downloaded to E:\Project\Biohub_CellTracking\experiments\diag_051_public_0942_tracklet_evidence\artifacts\tracklet_evidence/44b6_551a5dba/pair_085_086.npz
Output file downloaded to E:\Project\Biohub_CellTracking\experiments\diag_051_public_0942_tracklet_evidence\artifacts\tracklet_evidence/44b6_551a5dba/pair_086_087.npz
Output file downloaded to E:\Project\Biohub_CellTracking\experiments\diag_051_public_0942_tracklet_evidence\artifacts\tracklet_evidence/44b6_551a5dba/pair_087_088.npz
Output file downloaded to E:\Project\Biohub_CellTracking\experiments\diag_051_public_0942_tracklet_evidence\artifacts\tracklet_evidence/44b6_551a5dba/pair_088_089.npz
Output file downloaded to E:\Project\Biohub_CellTracking\experiments\diag_051_public_0942_tracklet_evidence\artifacts\tracklet_evidence/44b6_551a5dba/pair_089_090.npz
Output file downloaded to E:\Project\Biohub_CellTracking\experiments\diag_051_public_0942_tracklet_evidence\artifacts\tracklet_evidence/44b6_551a5dba/pair_090_091.npz
Output file downloaded to E:\Project\Biohub_CellTracking\experiments\diag_051_public_0942_tracklet_evidence\artifacts\tracklet_evidence/44b6_551a5dba/pair_091_092.npz
Output file downloaded to E:\Project\Biohub_CellTracking\experiments\diag_051_public_0942_tracklet_evidence\artifacts\tracklet_evidence/44b6_551a5dba/pair_092_093.npz
Output file downloaded to E:\Project\Biohub_CellTracking\experiments\diag_051_public_0942_tracklet_evidence\artifacts\tracklet_evidence/44b6_551a5dba/pair_093_094.npz
Output file downloaded to E:\Project\Biohub_CellTracking\experiments\diag_051_public_0942_tracklet_evidence\artifacts\tracklet_evidence/44b6_551a5dba/pair_094_095.npz
Output file downloaded to E:\Project\Biohub_CellTracking\experiments\diag_051_public_0942_tracklet_evidence\artifacts\tracklet_evidence/44b6_551a5dba/pair_095_096.npz
Output file downloaded to E:\Project\Biohub_CellTracking\experiments\diag_051_public_0942_tracklet_evidence\artifacts\tracklet_evidence/44b6_551a5dba/pair_096_097.npz
Output file downloaded to E:\Project\Biohub_CellTracking\experiments\diag_051_public_0942_tracklet_evidence\artifacts\tracklet_evidence/44b6_551a5dba/pair_097_098.npz
Output file downloaded to E:\Project\Biohub_CellTracking\experiments\diag_051_public_0942_tracklet_evidence\artifacts\tracklet_evidence/44b6_551a5dba/pair_098_099.npz
Output file downloaded to E:\Project\Biohub_CellTracking\experiments\diag_051_public_0942_tracklet_evidence\artifacts\tracklet_evidence/44b6_551a5dba/pre_ilp_nodes.npz
Output file downloaded to E:\Project\Biohub_CellTracking\experiments\diag_051_public_0942_tracklet_evidence\artifacts\tracklet_evidence/44b6_551a5dba/raw_post_ilp.json.gz
Output file downloaded to E:\Project\Biohub_CellTracking\experiments\diag_051_public_0942_tracklet_evidence\artifacts\tracklet_evidence/44b6_551a5dba/safe_divisions.json.gz
Output file downloaded to E:\Project\Biohub_CellTracking\experiments\diag_051_public_0942_tracklet_evidence\artifacts\tracklet_evidence/44b6_551a5dba/scorer_matching.json.gz
Output file downloaded to E:\Project\Biohub_CellTracking\experiments\diag_051_public_0942_tracklet_evidence\artifacts\tracklet_evidence/44b6_551a5dba/short_track_filtered.json.gz
Output file downloaded to E:\Project\Biohub_CellTracking\experiments\diag_051_public_0942_tracklet_evidence\artifacts\tracklet_evidence/44b6_7a302da0/degree_repaired.json.gz
Output file downloaded to E:\Project\Biohub_CellTracking\experiments\diag_051_public_0942_tracklet_evidence\artifacts\tracklet_evidence/44b6_7a302da0/distance_filtered.json.gz
Output file downloaded to E:\Project\Biohub_CellTracking\experiments\diag_051_public_0942_tracklet_evidence\artifacts\tracklet_evidence/44b6_7a302da0/final_scored.json.gz
Output file downloaded to E:\Project\Biohub_CellTracking\experiments\diag_051_public_0942_tracklet_evidence\artifacts\tracklet_evidence/44b6_7a302da0/gap1.json.gz
Output file downloaded to E:\Project\Biohub_CellTracking\experiments\diag_051_public_0942_tracklet_evidence\artifacts\tracklet_evidence/44b6_7a302da0/gap2.json.gz
Output file downloaded to E:\Project\Biohub_CellTracking\experiments\diag_051_public_0942_tracklet_evidence\artifacts\tracklet_evidence/44b6_7a302da0/geometry_and_isolated.json.gz
Output file downloaded to E:\Project\Biohub_CellTracking\experiments\diag_051_public_0942_tracklet_evidence\artifacts\tracklet_evidence/44b6_7a302da0/motion_relinked.json.gz
Output file downloaded to E:\Project\Biohub_CellTracking\experiments\diag_051_public_0942_tracklet_evidence\artifacts\tracklet_evidence/44b6_7a302da0/pair_000_001.npz
Output file downloaded to E:\Project\Biohub_CellTracking\experiments\diag_051_public_0942_tracklet_evidence\artifacts\tracklet_evidence/44b6_7a302da0/pair_001_002.npz
Output file downloaded to E:\Project\Biohub_CellTracking\experiments\diag_051_public_0942_tracklet_evidence\artifacts\tracklet_evidence/44b6_7a302da0/pair_002_003.npz
Output file downloaded to E:\Project\Biohub_CellTracking\experiments\diag_051_public_0942_tracklet_evidence\artifacts\tracklet_evidence/44b6_7a302da0/pair_003_004.npz
Output file downloaded to E:\Project\Biohub_CellTracking\experiments\diag_051_public_0942_tracklet_evidence\artifacts\tracklet_evidence/44b6_7a302da0/pair_004_005.npz
Output file downloaded to E:\Project\Biohub_CellTracking\experiments\diag_051_public_0942_tracklet_evidence\artifacts\tracklet_evidence/44b6_7a302da0/pair_005_006.npz
Output file downloaded to E:\Project\Biohub_CellTracking\experiments\diag_051_public_0942_tracklet_evidence\artifacts\tracklet_evidence/44b6_7a302da0/pair_006_007.npz
Output file downloaded to E:\Project\Biohub_CellTracking\experiments\diag_051_public_0942_tracklet_evidence\artifacts\tracklet_evidence/44b6_7a302da0/pair_007_008.npz
Output file downloaded to E:\Project\Biohub_CellTracking\experiments\diag_051_public_0942_tracklet_evidence\artifacts\tracklet_evidence/44b6_7a302da0/pair_008_009.npz
Output file downloaded to E:\Project\Biohub_CellTracking\experiments\diag_051_public_0942_tracklet_evidence\artifacts\tracklet_evidence/44b6_7a302da0/pair_009_010.npz
Output file downloaded to E:\Project\Biohub_CellTracking\experiments\diag_051_public_0942_tracklet_evidence\artifacts\tracklet_evidence/44b6_7a302da0/pair_010_011.npz
Output file downloaded to E:\Project\Biohub_CellTracking\experiments\diag_051_public_0942_tracklet_evidence\artifacts\tracklet_evidence/44b6_7a302da0/pair_011_012.npz
Output file downloaded to E:\Project\Biohub_CellTracking\experiments\diag_051_public_0942_tracklet_evidence\artifacts\tracklet_evidence/44b6_7a302da0/pair_012_013.npz
Output file downloaded to E:\Project\Biohub_CellTracking\experiments\diag_051_public_0942_tracklet_evidence\artifacts\tracklet_evidence/44b6_7a302da0/pair_013_014.npz
Output file downloaded to E:\Project\Biohub_CellTracking\experiments\diag_051_public_0942_tracklet_evidence\artifacts\tracklet_evidence/44b6_7a302da0/pair_014_015.npz
Output file downloaded to E:\Project\Biohub_CellTracking\experiments\diag_051_public_0942_tracklet_evidence\artifacts\tracklet_evidence/44b6_7a302da0/pair_015_016.npz
Output file downloaded to E:\Project\Biohub_CellTracking\experiments\diag_051_public_0942_tracklet_evidence\artifacts\tracklet_evidence/44b6_7a302da0/pair_016_017.npz
Output file downloaded to E:\Project\Biohub_CellTracking\experiments\diag_051_public_0942_tracklet_evidence\artifacts\tracklet_evidence/44b6_7a302da0/pair_017_018.npz
Output file downloaded to E:\Project\Biohub_CellTracking\experiments\diag_051_public_0942_tracklet_evidence\artifacts\tracklet_evidence/44b6_7a302da0/pair_018_019.npz
Output file downloaded to E:\Project\Biohub_CellTracking\experiments\diag_051_public_0942_tracklet_evidence\artifacts\tracklet_evidence/44b6_7a302da0/pair_019_020.npz
Output file downloaded to E:\Project\Biohub_CellTracking\experiments\diag_051_public_0942_tracklet_evidence\artifacts\tracklet_evidence/44b6_7a302da0/pair_020_021.npz
Output file downloaded to E:\Project\Biohub_CellTracking\experiments\diag_051_public_0942_tracklet_evidence\artifacts\tracklet_evidence/44b6_7a302da0/pair_021_022.npz
Output file downloaded to E:\Project\Biohub_CellTracking\experiments\diag_051_public_0942_tracklet_evidence\artifacts\tracklet_evidence/44b6_7a302da0/pair_022_023.npz
Output file downloaded to E:\Project\Biohub_CellTracking\experiments\diag_051_public_0942_tracklet_evidence\artifacts\tracklet_evidence/44b6_7a302da0/pair_023_024.npz
Output file downloaded to E:\Project\Biohub_CellTracking\experiments\diag_051_public_0942_tracklet_evidence\artifacts\tracklet_evidence/44b6_7a302da0/pair_024_025.npz
Output file downloaded to E:\Project\Biohub_CellTracking\experiments\diag_051_public_0942_tracklet_evidence\artifacts\tracklet_evidence/44b6_7a302da0/pair_025_026.npz
Output file downloaded to E:\Project\Biohub_CellTracking\experiments\diag_051_public_0942_tracklet_evidence\artifacts\tracklet_evidence/44b6_7a302da0/pair_026_027.npz
Output file downloaded to E:\Project\Biohub_CellTracking\experiments\diag_051_public_0942_tracklet_evidence\artifacts\tracklet_evidence/44b6_7a302da0/pair_027_028.npz
Output file downloaded to E:\Project\Biohub_CellTracking\experiments\diag_051_public_0942_tracklet_evidence\artifacts\tracklet_evidence/44b6_7a302da0/pair_028_029.npz
Output file downloaded to E:\Project\Biohub_CellTracking\experiments\diag_051_public_0942_tracklet_evidence\artifacts\tracklet_evidence/44b6_7a302da0/pair_029_030.npz
Output file downloaded to E:\Project\Biohub_CellTracking\experiments\diag_051_public_0942_tracklet_evidence\artifacts\tracklet_evidence/44b6_7a302da0/pair_030_031.npz
Output file downloaded to E:\Project\Biohub_CellTracking\experiments\diag_051_public_0942_tracklet_evidence\artifacts\tracklet_evidence/44b6_7a302da0/pair_031_032.npz
Output file downloaded to E:\Project\Biohub_CellTracking\experiments\diag_051_public_0942_tracklet_evidence\artifacts\tracklet_evidence/44b6_7a302da0/pair_032_033.npz
Output file downloaded to E:\Project\Biohub_CellTracking\experiments\diag_051_public_0942_tracklet_evidence\artifacts\tracklet_evidence/44b6_7a302da0/pair_033_034.npz
Output file downloaded to E:\Project\Biohub_CellTracking\experiments\diag_051_public_0942_tracklet_evidence\artifacts\tracklet_evidence/44b6_7a302da0/pair_034_035.npz
Output file downloaded to E:\Project\Biohub_CellTracking\experiments\diag_051_public_0942_tracklet_evidence\artifacts\tracklet_evidence/44b6_7a302da0/pair_035_036.npz
Output file downloaded to E:\Project\Biohub_CellTracking\experiments\diag_051_public_0942_tracklet_evidence\artifacts\tracklet_evidence/44b6_7a302da0/pair_036_037.npz
Output file downloaded to E:\Project\Biohub_CellTracking\experiments\diag_051_public_0942_tracklet_evidence\artifacts\tracklet_evidence/44b6_7a302da0/pair_037_038.npz
Output file downloaded to E:\Project\Biohub_CellTracking\experiments\diag_051_public_0942_tracklet_evidence\artifacts\tracklet_evidence/44b6_7a302da0/pair_038_039.npz
Output file downloaded to E:\Project\Biohub_CellTracking\experiments\diag_051_public_0942_tracklet_evidence\artifacts\tracklet_evidence/44b6_7a302da0/pair_039_040.npz
Output file downloaded to E:\Project\Biohub_CellTracking\experiments\diag_051_public_0942_tracklet_evidence\artifacts\tracklet_evidence/44b6_7a302da0/pair_040_041.npz
Output file downloaded to E:\Project\Biohub_CellTracking\experiments\diag_051_public_0942_tracklet_evidence\artifacts\tracklet_evidence/44b6_7a302da0/pair_041_042.npz
Output file downloaded to E:\Project\Biohub_CellTracking\experiments\diag_051_public_0942_tracklet_evidence\artifacts\tracklet_evidence/44b6_7a302da0/pair_042_043.npz
Output file downloaded to E:\Project\Biohub_CellTracking\experiments\diag_051_public_0942_tracklet_evidence\artifacts\tracklet_evidence/44b6_7a302da0/pair_043_044.npz
Output file downloaded to E:\Project\Biohub_CellTracking\experiments\diag_051_public_0942_tracklet_evidence\artifacts\tracklet_evidence/44b6_7a302da0/pair_044_045.npz
Output file downloaded to E:\Project\Biohub_CellTracking\experiments\diag_051_public_0942_tracklet_evidence\artifacts\tracklet_evidence/44b6_7a302da0/pair_045_046.npz
Output file downloaded to E:\Project\Biohub_CellTracking\experiments\diag_051_public_0942_tracklet_evidence\artifacts\tracklet_evidence/44b6_7a302da0/pair_046_047.npz
Output file downloaded to E:\Project\Biohub_CellTracking\experiments\diag_051_public_0942_tracklet_evidence\artifacts\tracklet_evidence/44b6_7a302da0/pair_047_048.npz
Output file downloaded to E:\Project\Biohub_CellTracking\experiments\diag_051_public_0942_tracklet_evidence\artifacts\tracklet_evidence/44b6_7a302da0/pair_048_049.npz
Output file downloaded to E:\Project\Biohub_CellTracking\experiments\diag_051_public_0942_tracklet_evidence\artifacts\tracklet_evidence/44b6_7a302da0/pair_049_050.npz
Output file downloaded to E:\Project\Biohub_CellTracking\experiments\diag_051_public_0942_tracklet_evidence\artifacts\tracklet_evidence/44b6_7a302da0/pair_050_051.npz
Output file downloaded to E:\Project\Biohub_CellTracking\experiments\diag_051_public_0942_tracklet_evidence\artifacts\tracklet_evidence/44b6_7a302da0/pair_051_052.npz
Output file downloaded to E:\Project\Biohub_CellTracking\experiments\diag_051_public_0942_tracklet_evidence\artifacts\tracklet_evidence/44b6_7a302da0/pair_052_053.npz
Output file downloaded to E:\Project\Biohub_CellTracking\experiments\diag_051_public_0942_tracklet_evidence\artifacts\tracklet_evidence/44b6_7a302da0/pair_053_054.npz
Output file downloaded to E:\Project\Biohub_CellTracking\experiments\diag_051_public_0942_tracklet_evidence\artifacts\tracklet_evidence/44b6_7a302da0/pair_054_055.npz
Output file downloaded to E:\Project\Biohub_CellTracking\experiments\diag_051_public_0942_tracklet_evidence\artifacts\tracklet_evidence/44b6_7a302da0/pair_055_056.npz
Output file downloaded to E:\Project\Biohub_CellTracking\experiments\diag_051_public_0942_tracklet_evidence\artifacts\tracklet_evidence/44b6_7a302da0/pair_056_057.npz
Output file downloaded to E:\Project\Biohub_CellTracking\experiments\diag_051_public_0942_tracklet_evidence\artifacts\tracklet_evidence/44b6_7a302da0/pair_057_058.npz
Output file downloaded to E:\Project\Biohub_CellTracking\experiments\diag_051_public_0942_tracklet_evidence\artifacts\tracklet_evidence/44b6_7a302da0/pair_058_059.npz
Output file downloaded to E:\Project\Biohub_CellTracking\experiments\diag_051_public_0942_tracklet_evidence\artifacts\tracklet_evidence/44b6_7a302da0/pair_059_060.npz
Output file downloaded to E:\Project\Biohub_CellTracking\experiments\diag_051_public_0942_tracklet_evidence\artifacts\tracklet_evidence/44b6_7a302da0/pair_060_061.npz
Output file downloaded to E:\Project\Biohub_CellTracking\experiments\diag_051_public_0942_tracklet_evidence\artifacts\tracklet_evidence/44b6_7a302da0/pair_061_062.npz
Output file downloaded to E:\Project\Biohub_CellTracking\experiments\diag_051_public_0942_tracklet_evidence\artifacts\tracklet_evidence/44b6_7a302da0/pair_062_063.npz
Output file downloaded to E:\Project\Biohub_CellTracking\experiments\diag_051_public_0942_tracklet_evidence\artifacts\tracklet_evidence/44b6_7a302da0/pair_063_064.npz
Output file downloaded to E:\Project\Biohub_CellTracking\experiments\diag_051_public_0942_tracklet_evidence\artifacts\tracklet_evidence/44b6_7a302da0/pair_064_065.npz
Output file downloaded to E:\Project\Biohub_CellTracking\experiments\diag_051_public_0942_tracklet_evidence\artifacts\tracklet_evidence/44b6_7a302da0/pair_065_066.npz
Output file downloaded to E:\Project\Biohub_CellTracking\experiments\diag_051_public_0942_tracklet_evidence\artifacts\tracklet_evidence/44b6_7a302da0/pair_066_067.npz
Output file downloaded to E:\Project\Biohub_CellTracking\experiments\diag_051_public_0942_tracklet_evidence\artifacts\tracklet_evidence/44b6_7a302da0/pair_067_068.npz
Output file downloaded to E:\Project\Biohub_CellTracking\experiments\diag_051_public_0942_tracklet_evidence\artifacts\tracklet_evidence/44b6_7a302da0/pair_068_069.npz
Output file downloaded to E:\Project\Biohub_CellTracking\experiments\diag_051_public_0942_tracklet_evidence\artifacts\tracklet_evidence/44b6_7a302da0/pair_069_070.npz
Output file downloaded to E:\Project\Biohub_CellTracking\experiments\diag_051_public_0942_tracklet_evidence\artifacts\tracklet_evidence/44b6_7a302da0/pair_070_071.npz
Output file downloaded to E:\Project\Biohub_CellTracking\experiments\diag_051_public_0942_tracklet_evidence\artifacts\tracklet_evidence/44b6_7a302da0/pair_071_072.npz
Output file downloaded to E:\Project\Biohub_CellTracking\experiments\diag_051_public_0942_tracklet_evidence\artifacts\tracklet_evidence/44b6_7a302da0/pair_072_073.npz
Output file downloaded to E:\Project\Biohub_CellTracking\experiments\diag_051_public_0942_tracklet_evidence\artifacts\tracklet_evidence/44b6_7a302da0/pair_073_074.npz
Output file downloaded to E:\Project\Biohub_CellTracking\experiments\diag_051_public_0942_tracklet_evidence\artifacts\tracklet_evidence/44b6_7a302da0/pair_074_075.npz
Output file downloaded to E:\Project\Biohub_CellTracking\experiments\diag_051_public_0942_tracklet_evidence\artifacts\tracklet_evidence/44b6_7a302da0/pair_075_076.npz
Output file downloaded to E:\Project\Biohub_CellTracking\experiments\diag_051_public_0942_tracklet_evidence\artifacts\tracklet_evidence/44b6_7a302da0/pair_076_077.npz
Output file downloaded to E:\Project\Biohub_CellTracking\experiments\diag_051_public_0942_tracklet_evidence\artifacts\tracklet_evidence/44b6_7a302da0/pair_077_078.npz
Output file downloaded to E:\Project\Biohub_CellTracking\experiments\diag_051_public_0942_tracklet_evidence\artifacts\tracklet_evidence/44b6_7a302da0/pair_078_079.npz
Output file downloaded to E:\Project\Biohub_CellTracking\experiments\diag_051_public_0942_tracklet_evidence\artifacts\tracklet_evidence/44b6_7a302da0/pair_079_080.npz
Output file downloaded to E:\Project\Biohub_CellTracking\experiments\diag_051_public_0942_tracklet_evidence\artifacts\tracklet_evidence/44b6_7a302da0/pair_080_081.npz
Output file downloaded to E:\Project\Biohub_CellTracking\experiments\diag_051_public_0942_tracklet_evidence\artifacts\tracklet_evidence/44b6_7a302da0/pair_081_082.npz
Output file downloaded to E:\Project\Biohub_CellTracking\experiments\diag_051_public_0942_tracklet_evidence\artifacts\tracklet_evidence/44b6_7a302da0/pair_082_083.npz
Output file downloaded to E:\Project\Biohub_CellTracking\experiments\diag_051_public_0942_tracklet_evidence\artifacts\tracklet_evidence/44b6_7a302da0/pair_083_084.npz
Output file downloaded to E:\Project\Biohub_CellTracking\experiments\diag_051_public_0942_tracklet_evidence\artifacts\tracklet_evidence/44b6_7a302da0/pair_084_085.npz
Output file downloaded to E:\Project\Biohub_CellTracking\experiments\diag_051_public_0942_tracklet_evidence\artifacts\tracklet_evidence/44b6_7a302da0/pair_085_086.npz
Output file downloaded to E:\Project\Biohub_CellTracking\experiments\diag_051_public_0942_tracklet_evidence\artifacts\tracklet_evidence/44b6_7a302da0/pair_086_087.npz
Output file downloaded to E:\Project\Biohub_CellTracking\experiments\diag_051_public_0942_tracklet_evidence\artifacts\tracklet_evidence/44b6_7a302da0/pair_087_088.npz
Output file downloaded to E:\Project\Biohub_CellTracking\experiments\diag_051_public_0942_tracklet_evidence\artifacts\tracklet_evidence/44b6_7a302da0/pair_088_089.npz
Output file downloaded to E:\Project\Biohub_CellTracking\experiments\diag_051_public_0942_tracklet_evidence\artifacts\tracklet_evidence/44b6_7a302da0/pair_089_090.npz
Output file downloaded to E:\Project\Biohub_CellTracking\experiments\diag_051_public_0942_tracklet_evidence\artifacts\tracklet_evidence/44b6_7a302da0/pair_090_091.npz
Output file downloaded to E:\Project\Biohub_CellTracking\experiments\diag_051_public_0942_tracklet_evidence\artifacts\tracklet_evidence/44b6_7a302da0/pair_091_092.npz
Output file downloaded to E:\Project\Biohub_CellTracking\experiments\diag_051_public_0942_tracklet_evidence\artifacts\tracklet_evidence/44b6_7a302da0/pair_092_093.npz
Output file downloaded to E:\Project\Biohub_CellTracking\experiments\diag_051_public_0942_tracklet_evidence\artifacts\tracklet_evidence/44b6_7a302da0/pair_093_094.npz
Output file downloaded to E:\Project\Biohub_CellTracking\experiments\diag_051_public_0942_tracklet_evidence\artifacts\tracklet_evidence/44b6_7a302da0/pair_094_095.npz
Output file downloaded to E:\Project\Biohub_CellTracking\experiments\diag_051_public_0942_tracklet_evidence\artifacts\tracklet_evidence/44b6_7a302da0/pair_095_096.npz
Output file downloaded to E:\Project\Biohub_CellTracking\experiments\diag_051_public_0942_tracklet_evidence\artifacts\tracklet_evidence/44b6_7a302da0/pair_096_097.npz
Output file downloaded to E:\Project\Biohub_CellTracking\experiments\diag_051_public_0942_tracklet_evidence\artifacts\tracklet_evidence/44b6_7a302da0/pair_097_098.npz
Output file downloaded to E:\Project\Biohub_CellTracking\experiments\diag_051_public_0942_tracklet_evidence\artifacts\tracklet_evidence/44b6_7a302da0/pair_098_099.npz
Output file downloaded to E:\Project\Biohub_CellTracking\experiments\diag_051_public_0942_tracklet_evidence\artifacts\tracklet_evidence/44b6_7a302da0/pre_ilp_nodes.npz
Output file downloaded to E:\Project\Biohub_CellTracking\experiments\diag_051_public_0942_tracklet_evidence\artifacts\tracklet_evidence/44b6_7a302da0/raw_post_ilp.json.gz
Output file downloaded to E:\Project\Biohub_CellTracking\experiments\diag_051_public_0942_tracklet_evidence\artifacts\tracklet_evidence/44b6_7a302da0/safe_divisions.json.gz
Output file downloaded to E:\Project\Biohub_CellTracking\experiments\diag_051_public_0942_tracklet_evidence\artifacts\tracklet_evidence/44b6_7a302da0/scorer_matching.json.gz
Output file downloaded to E:\Project\Biohub_CellTracking\experiments\diag_051_public_0942_tracklet_evidence\artifacts\tracklet_evidence/44b6_7a302da0/short_track_filtered.json.gz
Output file downloaded to E:\Project\Biohub_CellTracking\experiments\diag_051_public_0942_tracklet_evidence\artifacts\tracklet_evidence/44b6_7e557709/degree_repaired.json.gz
Output file downloaded to E:\Project\Biohub_CellTracking\experiments\diag_051_public_0942_tracklet_evidence\artifacts\tracklet_evidence/44b6_7e557709/distance_filtered.json.gz
Output file downloaded to E:\Project\Biohub_CellTracking\experiments\diag_051_public_0942_tracklet_evidence\artifacts\tracklet_evidence/44b6_7e557709/final_scored.json.gz
Output file downloaded to E:\Project\Biohub_CellTracking\experiments\diag_051_public_0942_tracklet_evidence\artifacts\tracklet_evidence/44b6_7e557709/gap1.json.gz
Output file downloaded to E:\Project\Biohub_CellTracking\experiments\diag_051_public_0942_tracklet_evidence\artifacts\tracklet_evidence/44b6_7e557709/gap2.json.gz
Output file downloaded to E:\Project\Biohub_CellTracking\experiments\diag_051_public_0942_tracklet_evidence\artifacts\tracklet_evidence/44b6_7e557709/geometry_and_isolated.json.gz
Output file downloaded to E:\Project\Biohub_CellTracking\experiments\diag_051_public_0942_tracklet_evidence\artifacts\tracklet_evidence/44b6_7e557709/motion_relinked.json.gz
Output file downloaded to E:\Project\Biohub_CellTracking\experiments\diag_051_public_0942_tracklet_evidence\artifacts\tracklet_evidence/44b6_7e557709/pair_000_001.npz
Output file downloaded to E:\Project\Biohub_CellTracking\experiments\diag_051_public_0942_tracklet_evidence\artifacts\tracklet_evidence/44b6_7e557709/pair_001_002.npz
Output file downloaded to E:\Project\Biohub_CellTracking\experiments\diag_051_public_0942_tracklet_evidence\artifacts\tracklet_evidence/44b6_7e557709/pair_002_003.npz
Output file downloaded to E:\Project\Biohub_CellTracking\experiments\diag_051_public_0942_tracklet_evidence\artifacts\tracklet_evidence/44b6_7e557709/pair_003_004.npz
Output file downloaded to E:\Project\Biohub_CellTracking\experiments\diag_051_public_0942_tracklet_evidence\artifacts\tracklet_evidence/44b6_7e557709/pair_004_005.npz
Output file downloaded to E:\Project\Biohub_CellTracking\experiments\diag_051_public_0942_tracklet_evidence\artifacts\tracklet_evidence/44b6_7e557709/pair_005_006.npz
Output file downloaded to E:\Project\Biohub_CellTracking\experiments\diag_051_public_0942_tracklet_evidence\artifacts\tracklet_evidence/44b6_7e557709/pair_006_007.npz
Output file downloaded to E:\Project\Biohub_CellTracking\experiments\diag_051_public_0942_tracklet_evidence\artifacts\tracklet_evidence/44b6_7e557709/pair_007_008.npz
Output file downloaded to E:\Project\Biohub_CellTracking\experiments\diag_051_public_0942_tracklet_evidence\artifacts\tracklet_evidence/44b6_7e557709/pair_008_009.npz
Output file downloaded to E:\Project\Biohub_CellTracking\experiments\diag_051_public_0942_tracklet_evidence\artifacts\tracklet_evidence/44b6_7e557709/pair_009_010.npz
Output file downloaded to E:\Project\Biohub_CellTracking\experiments\diag_051_public_0942_tracklet_evidence\artifacts\tracklet_evidence/44b6_7e557709/pair_010_011.npz
Output file downloaded to E:\Project\Biohub_CellTracking\experiments\diag_051_public_0942_tracklet_evidence\artifacts\tracklet_evidence/44b6_7e557709/pair_011_012.npz
Output file downloaded to E:\Project\Biohub_CellTracking\experiments\diag_051_public_0942_tracklet_evidence\artifacts\tracklet_evidence/44b6_7e557709/pair_012_013.npz
Output file downloaded to E:\Project\Biohub_CellTracking\experiments\diag_051_public_0942_tracklet_evidence\artifacts\tracklet_evidence/44b6_7e557709/pair_013_014.npz
Output file downloaded to E:\Project\Biohub_CellTracking\experiments\diag_051_public_0942_tracklet_evidence\artifacts\tracklet_evidence/44b6_7e557709/pair_014_015.npz
Output file downloaded to E:\Project\Biohub_CellTracking\experiments\diag_051_public_0942_tracklet_evidence\artifacts\tracklet_evidence/44b6_7e557709/pair_015_016.npz
Output file downloaded to E:\Project\Biohub_CellTracking\experiments\diag_051_public_0942_tracklet_evidence\artifacts\tracklet_evidence/44b6_7e557709/pair_016_017.npz
Output file downloaded to E:\Project\Biohub_CellTracking\experiments\diag_051_public_0942_tracklet_evidence\artifacts\tracklet_evidence/44b6_7e557709/pair_017_018.npz
Output file downloaded to E:\Project\Biohub_CellTracking\experiments\diag_051_public_0942_tracklet_evidence\artifacts\tracklet_evidence/44b6_7e557709/pair_018_019.npz
Output file downloaded to E:\Project\Biohub_CellTracking\experiments\diag_051_public_0942_tracklet_evidence\artifacts\tracklet_evidence/44b6_7e557709/pair_019_020.npz
Output file downloaded to E:\Project\Biohub_CellTracking\experiments\diag_051_public_0942_tracklet_evidence\artifacts\tracklet_evidence/44b6_7e557709/pair_020_021.npz
Output file downloaded to E:\Project\Biohub_CellTracking\experiments\diag_051_public_0942_tracklet_evidence\artifacts\tracklet_evidence/44b6_7e557709/pair_021_022.npz
Output file downloaded to E:\Project\Biohub_CellTracking\experiments\diag_051_public_0942_tracklet_evidence\artifacts\tracklet_evidence/44b6_7e557709/pair_022_023.npz
Output file downloaded to E:\Project\Biohub_CellTracking\experiments\diag_051_public_0942_tracklet_evidence\artifacts\tracklet_evidence/44b6_7e557709/pair_023_024.npz
Output file downloaded to E:\Project\Biohub_CellTracking\experiments\diag_051_public_0942_tracklet_evidence\artifacts\tracklet_evidence/44b6_7e557709/pair_024_025.npz
Output file downloaded to E:\Project\Biohub_CellTracking\experiments\diag_051_public_0942_tracklet_evidence\artifacts\tracklet_evidence/44b6_7e557709/pair_025_026.npz
Output file downloaded to E:\Project\Biohub_CellTracking\experiments\diag_051_public_0942_tracklet_evidence\artifacts\tracklet_evidence/44b6_7e557709/pair_026_027.npz
Output file downloaded to E:\Project\Biohub_CellTracking\experiments\diag_051_public_0942_tracklet_evidence\artifacts\tracklet_evidence/44b6_7e557709/pair_027_028.npz
Output file downloaded to E:\Project\Biohub_CellTracking\experiments\diag_051_public_0942_tracklet_evidence\artifacts\tracklet_evidence/44b6_7e557709/pair_028_029.npz
Output file downloaded to E:\Project\Biohub_CellTracking\experiments\diag_051_public_0942_tracklet_evidence\artifacts\tracklet_evidence/44b6_7e557709/pair_029_030.npz
Output file downloaded to E:\Project\Biohub_CellTracking\experiments\diag_051_public_0942_tracklet_evidence\artifacts\tracklet_evidence/44b6_7e557709/pair_030_031.npz
Output file downloaded to E:\Project\Biohub_CellTracking\experiments\diag_051_public_0942_tracklet_evidence\artifacts\tracklet_evidence/44b6_7e557709/pair_031_032.npz
Output file downloaded to E:\Project\Biohub_CellTracking\experiments\diag_051_public_0942_tracklet_evidence\artifacts\tracklet_evidence/44b6_7e557709/pair_032_033.npz
Output file downloaded to E:\Project\Biohub_CellTracking\experiments\diag_051_public_0942_tracklet_evidence\artifacts\tracklet_evidence/44b6_7e557709/pair_033_034.npz
Output file downloaded to E:\Project\Biohub_CellTracking\experiments\diag_051_public_0942_tracklet_evidence\artifacts\tracklet_evidence/44b6_7e557709/pair_034_035.npz
Output file downloaded to E:\Project\Biohub_CellTracking\experiments\diag_051_public_0942_tracklet_evidence\artifacts\tracklet_evidence/44b6_7e557709/pair_035_036.npz
Output file downloaded to E:\Project\Biohub_CellTracking\experiments\diag_051_public_0942_tracklet_evidence\artifacts\tracklet_evidence/44b6_7e557709/pair_036_037.npz
Output file downloaded to E:\Project\Biohub_CellTracking\experiments\diag_051_public_0942_tracklet_evidence\artifacts\tracklet_evidence/44b6_7e557709/pair_037_038.npz
Output file downloaded to E:\Project\Biohub_CellTracking\experiments\diag_051_public_0942_tracklet_evidence\artifacts\tracklet_evidence/44b6_7e557709/pair_038_039.npz
Output file downloaded to E:\Project\Biohub_CellTracking\experiments\diag_051_public_0942_tracklet_evidence\artifacts\tracklet_evidence/44b6_7e557709/pair_039_040.npz
Output file downloaded to E:\Project\Biohub_CellTracking\experiments\diag_051_public_0942_tracklet_evidence\artifacts\tracklet_evidence/44b6_7e557709/pair_040_041.npz
Output file downloaded to E:\Project\Biohub_CellTracking\experiments\diag_051_public_0942_tracklet_evidence\artifacts\tracklet_evidence/44b6_7e557709/pair_041_042.npz
Output file downloaded to E:\Project\Biohub_CellTracking\experiments\diag_051_public_0942_tracklet_evidence\artifacts\tracklet_evidence/44b6_7e557709/pair_042_043.npz
Output file downloaded to E:\Project\Biohub_CellTracking\experiments\diag_051_public_0942_tracklet_evidence\artifacts\tracklet_evidence/44b6_7e557709/pair_043_044.npz
Output file downloaded to E:\Project\Biohub_CellTracking\experiments\diag_051_public_0942_tracklet_evidence\artifacts\tracklet_evidence/44b6_7e557709/pair_044_045.npz
Output file downloaded to E:\Project\Biohub_CellTracking\experiments\diag_051_public_0942_tracklet_evidence\artifacts\tracklet_evidence/44b6_7e557709/pair_045_046.npz
Output file downloaded to E:\Project\Biohub_CellTracking\experiments\diag_051_public_0942_tracklet_evidence\artifacts\tracklet_evidence/44b6_7e557709/pair_046_047.npz
Output file downloaded to E:\Project\Biohub_CellTracking\experiments\diag_051_public_0942_tracklet_evidence\artifacts\tracklet_evidence/44b6_7e557709/pair_047_048.npz
Output file downloaded to E:\Project\Biohub_CellTracking\experiments\diag_051_public_0942_tracklet_evidence\artifacts\tracklet_evidence/44b6_7e557709/pair_048_049.npz
Output file downloaded to E:\Project\Biohub_CellTracking\experiments\diag_051_public_0942_tracklet_evidence\artifacts\tracklet_evidence/44b6_7e557709/pair_049_050.npz
Output file downloaded to E:\Project\Biohub_CellTracking\experiments\diag_051_public_0942_tracklet_evidence\artifacts\tracklet_evidence/44b6_7e557709/pair_050_051.npz
Output file downloaded to E:\Project\Biohub_CellTracking\experiments\diag_051_public_0942_tracklet_evidence\artifacts\tracklet_evidence/44b6_7e557709/pair_051_052.npz
Output file downloaded to E:\Project\Biohub_CellTracking\experiments\diag_051_public_0942_tracklet_evidence\artifacts\tracklet_evidence/44b6_7e557709/pair_052_053.npz
Output file downloaded to E:\Project\Biohub_CellTracking\experiments\diag_051_public_0942_tracklet_evidence\artifacts\tracklet_evidence/44b6_7e557709/pair_053_054.npz
Output file downloaded to E:\Project\Biohub_CellTracking\experiments\diag_051_public_0942_tracklet_evidence\artifacts\tracklet_evidence/44b6_7e557709/pair_054_055.npz
Output file downloaded to E:\Project\Biohub_CellTracking\experiments\diag_051_public_0942_tracklet_evidence\artifacts\tracklet_evidence/44b6_7e557709/pair_055_056.npz
Output file downloaded to E:\Project\Biohub_CellTracking\experiments\diag_051_public_0942_tracklet_evidence\artifacts\tracklet_evidence/44b6_7e557709/pair_056_057.npz
Output file downloaded to E:\Project\Biohub_CellTracking\experiments\diag_051_public_0942_tracklet_evidence\artifacts\tracklet_evidence/44b6_7e557709/pair_057_058.npz
Output file downloaded to E:\Project\Biohub_CellTracking\experiments\diag_051_public_0942_tracklet_evidence\artifacts\tracklet_evidence/44b6_7e557709/pair_058_059.npz
Output file downloaded to E:\Project\Biohub_CellTracking\experiments\diag_051_public_0942_tracklet_evidence\artifacts\tracklet_evidence/44b6_7e557709/pair_059_060.npz
Output file downloaded to E:\Project\Biohub_CellTracking\experiments\diag_051_public_0942_tracklet_evidence\artifacts\tracklet_evidence/44b6_7e557709/pair_060_061.npz
Output file downloaded to E:\Project\Biohub_CellTracking\experiments\diag_051_public_0942_tracklet_evidence\artifacts\tracklet_evidence/44b6_7e557709/pair_061_062.npz
Output file downloaded to E:\Project\Biohub_CellTracking\experiments\diag_051_public_0942_tracklet_evidence\artifacts\tracklet_evidence/44b6_7e557709/pair_062_063.npz
Output file downloaded to E:\Project\Biohub_CellTracking\experiments\diag_051_public_0942_tracklet_evidence\artifacts\tracklet_evidence/44b6_7e557709/pair_063_064.npz
Output file downloaded to E:\Project\Biohub_CellTracking\experiments\diag_051_public_0942_tracklet_evidence\artifacts\tracklet_evidence/44b6_7e557709/pair_064_065.npz
Output file downloaded to E:\Project\Biohub_CellTracking\experiments\diag_051_public_0942_tracklet_evidence\artifacts\tracklet_evidence/44b6_7e557709/pair_065_066.npz
Output file downloaded to E:\Project\Biohub_CellTracking\experiments\diag_051_public_0942_tracklet_evidence\artifacts\tracklet_evidence/44b6_7e557709/pair_066_067.npz
Output file downloaded to E:\Project\Biohub_CellTracking\experiments\diag_051_public_0942_tracklet_evidence\artifacts\tracklet_evidence/44b6_7e557709/pair_067_068.npz
Output file downloaded to E:\Project\Biohub_CellTracking\experiments\diag_051_public_0942_tracklet_evidence\artifacts\tracklet_evidence/44b6_7e557709/pair_068_069.npz
Output file downloaded to E:\Project\Biohub_CellTracking\experiments\diag_051_public_0942_tracklet_evidence\artifacts\tracklet_evidence/44b6_7e557709/pair_069_070.npz
Output file downloaded to E:\Project\Biohub_CellTracking\experiments\diag_051_public_0942_tracklet_evidence\artifacts\tracklet_evidence/44b6_7e557709/pair_070_071.npz
Output file downloaded to E:\Project\Biohub_CellTracking\experiments\diag_051_public_0942_tracklet_evidence\artifacts\tracklet_evidence/44b6_7e557709/pair_071_072.npz
Output file downloaded to E:\Project\Biohub_CellTracking\experiments\diag_051_public_0942_tracklet_evidence\artifacts\tracklet_evidence/44b6_7e557709/pair_072_073.npz
Output file downloaded to E:\Project\Biohub_CellTracking\experiments\diag_051_public_0942_tracklet_evidence\artifacts\tracklet_evidence/44b6_7e557709/pair_073_074.npz
Output file downloaded to E:\Project\Biohub_CellTracking\experiments\diag_051_public_0942_tracklet_evidence\artifacts\tracklet_evidence/44b6_7e557709/pair_074_075.npz
Output file downloaded to E:\Project\Biohub_CellTracking\experiments\diag_051_public_0942_tracklet_evidence\artifacts\tracklet_evidence/44b6_7e557709/pair_075_076.npz
Output file downloaded to E:\Project\Biohub_CellTracking\experiments\diag_051_public_0942_tracklet_evidence\artifacts\tracklet_evidence/44b6_7e557709/pair_076_077.npz
Output file downloaded to E:\Project\Biohub_CellTracking\experiments\diag_051_public_0942_tracklet_evidence\artifacts\tracklet_evidence/44b6_7e557709/pair_077_078.npz
Output file downloaded to E:\Project\Biohub_CellTracking\experiments\diag_051_public_0942_tracklet_evidence\artifacts\tracklet_evidence/44b6_7e557709/pair_078_079.npz
Output file downloaded to E:\Project\Biohub_CellTracking\experiments\diag_051_public_0942_tracklet_evidence\artifacts\tracklet_evidence/44b6_7e557709/pair_079_080.npz
Output file downloaded to E:\Project\Biohub_CellTracking\experiments\diag_051_public_0942_tracklet_evidence\artifacts\tracklet_evidence/44b6_7e557709/pair_080_081.npz
Output file downloaded to E:\Project\Biohub_CellTracking\experiments\diag_051_public_0942_tracklet_evidence\artifacts\tracklet_evidence/44b6_7e557709/pair_081_082.npz
Output file downloaded to E:\Project\Biohub_CellTracking\experiments\diag_051_public_0942_tracklet_evidence\artifacts\tracklet_evidence/44b6_7e557709/pair_082_083.npz
Output file downloaded to E:\Project\Biohub_CellTracking\experiments\diag_051_public_0942_tracklet_evidence\artifacts\tracklet_evidence/44b6_7e557709/pair_083_084.npz
Output file downloaded to E:\Project\Biohub_CellTracking\experiments\diag_051_public_0942_tracklet_evidence\artifacts\tracklet_evidence/44b6_7e557709/pair_084_085.npz
Output file downloaded to E:\Project\Biohub_CellTracking\experiments\diag_051_public_0942_tracklet_evidence\artifacts\tracklet_evidence/44b6_7e557709/pair_085_086.npz
Output file downloaded to E:\Project\Biohub_CellTracking\experiments\diag_051_public_0942_tracklet_evidence\artifacts\tracklet_evidence/44b6_7e557709/pair_086_087.npz
Output file downloaded to E:\Project\Biohub_CellTracking\experiments\diag_051_public_0942_tracklet_evidence\artifacts\tracklet_evidence/44b6_7e557709/pair_087_088.npz
Output file downloaded to E:\Project\Biohub_CellTracking\experiments\diag_051_public_0942_tracklet_evidence\artifacts\tracklet_evidence/44b6_7e557709/pair_088_089.npz
Output file downloaded to E:\Project\Biohub_CellTracking\experiments\diag_051_public_0942_tracklet_evidence\artifacts\tracklet_evidence/44b6_7e557709/pair_089_090.npz
Output file downloaded to E:\Project\Biohub_CellTracking\experiments\diag_051_public_0942_tracklet_evidence\artifacts\tracklet_evidence/44b6_7e557709/pair_090_091.npz
Output file downloaded to E:\Project\Biohub_CellTracking\experiments\diag_051_public_0942_tracklet_evidence\artifacts\tracklet_evidence/44b6_7e557709/pair_091_092.npz
Output file downloaded to E:\Project\Biohub_CellTracking\experiments\diag_051_public_0942_tracklet_evidence\artifacts\tracklet_evidence/44b6_7e557709/pair_092_093.npz
Output file downloaded to E:\Project\Biohub_CellTracking\experiments\diag_051_public_0942_tracklet_evidence\artifacts\tracklet_evidence/44b6_7e557709/pair_093_094.npz
Output file downloaded to E:\Project\Biohub_CellTracking\experiments\diag_051_public_0942_tracklet_evidence\artifacts\tracklet_evidence/44b6_7e557709/pair_094_095.npz
Output file downloaded to E:\Project\Biohub_CellTracking\experiments\diag_051_public_0942_tracklet_evidence\artifacts\tracklet_evidence/44b6_7e557709/pair_095_096.npz
Output file downloaded to E:\Project\Biohub_CellTracking\experiments\diag_051_public_0942_tracklet_evidence\artifacts\tracklet_evidence/44b6_7e557709/pair_096_097.npz
Output file downloaded to E:\Project\Biohub_CellTracking\experiments\diag_051_public_0942_tracklet_evidence\artifacts\tracklet_evidence/44b6_7e557709/pair_097_098.npz
Output file downloaded to E:\Project\Biohub_CellTracking\experiments\diag_051_public_0942_tracklet_evidence\artifacts\tracklet_evidence/44b6_7e557709/pair_098_099.npz
Output file downloaded to E:\Project\Biohub_CellTracking\experiments\diag_051_public_0942_tracklet_evidence\artifacts\tracklet_evidence/44b6_7e557709/pre_ilp_nodes.npz
Output file downloaded to E:\Project\Biohub_CellTracking\experiments\diag_051_public_0942_tracklet_evidence\artifacts\tracklet_evidence/44b6_7e557709/raw_post_ilp.json.gz
Output file downloaded to E:\Project\Biohub_CellTracking\experiments\diag_051_public_0942_tracklet_evidence\artifacts\tracklet_evidence/44b6_7e557709/safe_divisions.json.gz
Output file downloaded to E:\Project\Biohub_CellTracking\experiments\diag_051_public_0942_tracklet_evidence\artifacts\tracklet_evidence/44b6_7e557709/scorer_matching.json.gz
Output file downloaded to E:\Project\Biohub_CellTracking\experiments\diag_051_public_0942_tracklet_evidence\artifacts\tracklet_evidence/44b6_7e557709/short_track_filtered.json.gz
Output file downloaded to E:\Project\Biohub_CellTracking\experiments\diag_051_public_0942_tracklet_evidence\artifacts\tracklet_evidence/44b6_aaf8b0ea/degree_repaired.json.gz
Output file downloaded to E:\Project\Biohub_CellTracking\experiments\diag_051_public_0942_tracklet_evidence\artifacts\tracklet_evidence/44b6_aaf8b0ea/distance_filtered.json.gz
Output file downloaded to E:\Project\Biohub_CellTracking\experiments\diag_051_public_0942_tracklet_evidence\artifacts\tracklet_evidence/44b6_aaf8b0ea/final_scored.json.gz
Output file downloaded to E:\Project\Biohub_CellTracking\experiments\diag_051_public_0942_tracklet_evidence\artifacts\tracklet_evidence/44b6_aaf8b0ea/gap1.json.gz
Output file downloaded to E:\Project\Biohub_CellTracking\experiments\diag_051_public_0942_tracklet_evidence\artifacts\tracklet_evidence/44b6_aaf8b0ea/gap2.json.gz
Output file downloaded to E:\Project\Biohub_CellTracking\experiments\diag_051_public_0942_tracklet_evidence\artifacts\tracklet_evidence/44b6_aaf8b0ea/geometry_and_isolated.json.gz
Output file downloaded to E:\Project\Biohub_CellTracking\experiments\diag_051_public_0942_tracklet_evidence\artifacts\tracklet_evidence/44b6_aaf8b0ea/motion_relinked.json.gz
Output file downloaded to E:\Project\Biohub_CellTracking\experiments\diag_051_public_0942_tracklet_evidence\artifacts\tracklet_evidence/44b6_aaf8b0ea/pair_000_001.npz
Output file downloaded to E:\Project\Biohub_CellTracking\experiments\diag_051_public_0942_tracklet_evidence\artifacts\tracklet_evidence/44b6_aaf8b0ea/pair_001_002.npz
Output file downloaded to E:\Project\Biohub_CellTracking\experiments\diag_051_public_0942_tracklet_evidence\artifacts\tracklet_evidence/44b6_aaf8b0ea/pair_002_003.npz
Output file downloaded to E:\Project\Biohub_CellTracking\experiments\diag_051_public_0942_tracklet_evidence\artifacts\tracklet_evidence/44b6_aaf8b0ea/pair_003_004.npz
Output file downloaded to E:\Project\Biohub_CellTracking\experiments\diag_051_public_0942_tracklet_evidence\artifacts\tracklet_evidence/44b6_aaf8b0ea/pair_004_005.npz
Output file downloaded to E:\Project\Biohub_CellTracking\experiments\diag_051_public_0942_tracklet_evidence\artifacts\tracklet_evidence/44b6_aaf8b0ea/pair_005_006.npz
Output file downloaded to E:\Project\Biohub_CellTracking\experiments\diag_051_public_0942_tracklet_evidence\artifacts\tracklet_evidence/44b6_aaf8b0ea/pair_006_007.npz
Output file downloaded to E:\Project\Biohub_CellTracking\experiments\diag_051_public_0942_tracklet_evidence\artifacts\tracklet_evidence/44b6_aaf8b0ea/pair_007_008.npz
Output file downloaded to E:\Project\Biohub_CellTracking\experiments\diag_051_public_0942_tracklet_evidence\artifacts\tracklet_evidence/44b6_aaf8b0ea/pair_008_009.npz
Output file downloaded to E:\Project\Biohub_CellTracking\experiments\diag_051_public_0942_tracklet_evidence\artifacts\tracklet_evidence/44b6_aaf8b0ea/pair_009_010.npz
Output file downloaded to E:\Project\Biohub_CellTracking\experiments\diag_051_public_0942_tracklet_evidence\artifacts\tracklet_evidence/44b6_aaf8b0ea/pair_010_011.npz
Output file downloaded to E:\Project\Biohub_CellTracking\experiments\diag_051_public_0942_tracklet_evidence\artifacts\tracklet_evidence/44b6_aaf8b0ea/pair_011_012.npz
Output file downloaded to E:\Project\Biohub_CellTracking\experiments\diag_051_public_0942_tracklet_evidence\artifacts\tracklet_evidence/44b6_aaf8b0ea/pair_012_013.npz
Output file downloaded to E:\Project\Biohub_CellTracking\experiments\diag_051_public_0942_tracklet_evidence\artifacts\tracklet_evidence/44b6_aaf8b0ea/pair_013_014.npz
Output file downloaded to E:\Project\Biohub_CellTracking\experiments\diag_051_public_0942_tracklet_evidence\artifacts\tracklet_evidence/44b6_aaf8b0ea/pair_014_015.npz
Output file downloaded to E:\Project\Biohub_CellTracking\experiments\diag_051_public_0942_tracklet_evidence\artifacts\tracklet_evidence/44b6_aaf8b0ea/pair_015_016.npz
Output file downloaded to E:\Project\Biohub_CellTracking\experiments\diag_051_public_0942_tracklet_evidence\artifacts\tracklet_evidence/44b6_aaf8b0ea/pair_016_017.npz
Output file downloaded to E:\Project\Biohub_CellTracking\experiments\diag_051_public_0942_tracklet_evidence\artifacts\tracklet_evidence/44b6_aaf8b0ea/pair_017_018.npz
Output file downloaded to E:\Project\Biohub_CellTracking\experiments\diag_051_public_0942_tracklet_evidence\artifacts\tracklet_evidence/44b6_aaf8b0ea/pair_018_019.npz
Output file downloaded to E:\Project\Biohub_CellTracking\experiments\diag_051_public_0942_tracklet_evidence\artifacts\tracklet_evidence/44b6_aaf8b0ea/pair_019_020.npz
Output file downloaded to E:\Project\Biohub_CellTracking\experiments\diag_051_public_0942_tracklet_evidence\artifacts\tracklet_evidence/44b6_aaf8b0ea/pair_020_021.npz
Output file downloaded to E:\Project\Biohub_CellTracking\experiments\diag_051_public_0942_tracklet_evidence\artifacts\tracklet_evidence/44b6_aaf8b0ea/pair_021_022.npz
Output file downloaded to E:\Project\Biohub_CellTracking\experiments\diag_051_public_0942_tracklet_evidence\artifacts\tracklet_evidence/44b6_aaf8b0ea/pair_022_023.npz
Output file downloaded to E:\Project\Biohub_CellTracking\experiments\diag_051_public_0942_tracklet_evidence\artifacts\tracklet_evidence/44b6_aaf8b0ea/pair_023_024.npz
Output file downloaded to E:\Project\Biohub_CellTracking\experiments\diag_051_public_0942_tracklet_evidence\artifacts\tracklet_evidence/44b6_aaf8b0ea/pair_024_025.npz
Output file downloaded to E:\Project\Biohub_CellTracking\experiments\diag_051_public_0942_tracklet_evidence\artifacts\tracklet_evidence/44b6_aaf8b0ea/pair_025_026.npz
Output file downloaded to E:\Project\Biohub_CellTracking\experiments\diag_051_public_0942_tracklet_evidence\artifacts\tracklet_evidence/44b6_aaf8b0ea/pair_026_027.npz
Output file downloaded to E:\Project\Biohub_CellTracking\experiments\diag_051_public_0942_tracklet_evidence\artifacts\tracklet_evidence/44b6_aaf8b0ea/pair_027_028.npz
Output file downloaded to E:\Project\Biohub_CellTracking\experiments\diag_051_public_0942_tracklet_evidence\artifacts\tracklet_evidence/44b6_aaf8b0ea/pair_028_029.npz
Output file downloaded to E:\Project\Biohub_CellTracking\experiments\diag_051_public_0942_tracklet_evidence\artifacts\tracklet_evidence/44b6_aaf8b0ea/pair_029_030.npz
Output file downloaded to E:\Project\Biohub_CellTracking\experiments\diag_051_public_0942_tracklet_evidence\artifacts\tracklet_evidence/44b6_aaf8b0ea/pair_030_031.npz
Output file downloaded to E:\Project\Biohub_CellTracking\experiments\diag_051_public_0942_tracklet_evidence\artifacts\tracklet_evidence/44b6_aaf8b0ea/pair_031_032.npz
Output file downloaded to E:\Project\Biohub_CellTracking\experiments\diag_051_public_0942_tracklet_evidence\artifacts\tracklet_evidence/44b6_aaf8b0ea/pair_032_033.npz
Output file downloaded to E:\Project\Biohub_CellTracking\experiments\diag_051_public_0942_tracklet_evidence\artifacts\tracklet_evidence/44b6_aaf8b0ea/pair_033_034.npz
Output file downloaded to E:\Project\Biohub_CellTracking\experiments\diag_051_public_0942_tracklet_evidence\artifacts\tracklet_evidence/44b6_aaf8b0ea/pair_034_035.npz
Output file downloaded to E:\Project\Biohub_CellTracking\experiments\diag_051_public_0942_tracklet_evidence\artifacts\tracklet_evidence/44b6_aaf8b0ea/pair_035_036.npz
Output file downloaded to E:\Project\Biohub_CellTracking\experiments\diag_051_public_0942_tracklet_evidence\artifacts\tracklet_evidence/44b6_aaf8b0ea/pair_036_037.npz
Output file downloaded to E:\Project\Biohub_CellTracking\experiments\diag_051_public_0942_tracklet_evidence\artifacts\tracklet_evidence/44b6_aaf8b0ea/pair_037_038.npz
Output file downloaded to E:\Project\Biohub_CellTracking\experiments\diag_051_public_0942_tracklet_evidence\artifacts\tracklet_evidence/44b6_aaf8b0ea/pair_038_039.npz
Output file downloaded to E:\Project\Biohub_CellTracking\experiments\diag_051_public_0942_tracklet_evidence\artifacts\tracklet_evidence/44b6_aaf8b0ea/pair_039_040.npz
Output file downloaded to E:\Project\Biohub_CellTracking\experiments\diag_051_public_0942_tracklet_evidence\artifacts\tracklet_evidence/44b6_aaf8b0ea/pair_040_041.npz
Output file downloaded to E:\Project\Biohub_CellTracking\experiments\diag_051_public_0942_tracklet_evidence\artifacts\tracklet_evidence/44b6_aaf8b0ea/pair_041_042.npz
Output file downloaded to E:\Project\Biohub_CellTracking\experiments\diag_051_public_0942_tracklet_evidence\artifacts\tracklet_evidence/44b6_aaf8b0ea/pair_042_043.npz
Output file downloaded to E:\Project\Biohub_CellTracking\experiments\diag_051_public_0942_tracklet_evidence\artifacts\tracklet_evidence/44b6_aaf8b0ea/pair_043_044.npz
Output file downloaded to E:\Project\Biohub_CellTracking\experiments\diag_051_public_0942_tracklet_evidence\artifacts\tracklet_evidence/44b6_aaf8b0ea/pair_044_045.npz
Output file downloaded to E:\Project\Biohub_CellTracking\experiments\diag_051_public_0942_tracklet_evidence\artifacts\tracklet_evidence/44b6_aaf8b0ea/pair_045_046.npz
Output file downloaded to E:\Project\Biohub_CellTracking\experiments\diag_051_public_0942_tracklet_evidence\artifacts\tracklet_evidence/44b6_aaf8b0ea/pair_046_047.npz
Output file downloaded to E:\Project\Biohub_CellTracking\experiments\diag_051_public_0942_tracklet_evidence\artifacts\tracklet_evidence/44b6_aaf8b0ea/pair_047_048.npz
Output file downloaded to E:\Project\Biohub_CellTracking\experiments\diag_051_public_0942_tracklet_evidence\artifacts\tracklet_evidence/44b6_aaf8b0ea/pair_048_049.npz
Output file downloaded to E:\Project\Biohub_CellTracking\experiments\diag_051_public_0942_tracklet_evidence\artifacts\tracklet_evidence/44b6_aaf8b0ea/pair_049_050.npz
Output file downloaded to E:\Project\Biohub_CellTracking\experiments\diag_051_public_0942_tracklet_evidence\artifacts\tracklet_evidence/44b6_aaf8b0ea/pair_050_051.npz
Output file downloaded to E:\Project\Biohub_CellTracking\experiments\diag_051_public_0942_tracklet_evidence\artifacts\tracklet_evidence/44b6_aaf8b0ea/pair_051_052.npz
Output file downloaded to E:\Project\Biohub_CellTracking\experiments\diag_051_public_0942_tracklet_evidence\artifacts\tracklet_evidence/44b6_aaf8b0ea/pair_052_053.npz
Output file downloaded to E:\Project\Biohub_CellTracking\experiments\diag_051_public_0942_tracklet_evidence\artifacts\tracklet_evidence/44b6_aaf8b0ea/pair_053_054.npz
Output file downloaded to E:\Project\Biohub_CellTracking\experiments\diag_051_public_0942_tracklet_evidence\artifacts\tracklet_evidence/44b6_aaf8b0ea/pair_054_055.npz
Output file downloaded to E:\Project\Biohub_CellTracking\experiments\diag_051_public_0942_tracklet_evidence\artifacts\tracklet_evidence/44b6_aaf8b0ea/pair_055_056.npz
Output file downloaded to E:\Project\Biohub_CellTracking\experiments\diag_051_public_0942_tracklet_evidence\artifacts\tracklet_evidence/44b6_aaf8b0ea/pair_056_057.npz
Output file downloaded to E:\Project\Biohub_CellTracking\experiments\diag_051_public_0942_tracklet_evidence\artifacts\tracklet_evidence/44b6_aaf8b0ea/pair_057_058.npz
Output file downloaded to E:\Project\Biohub_CellTracking\experiments\diag_051_public_0942_tracklet_evidence\artifacts\tracklet_evidence/44b6_aaf8b0ea/pair_058_059.npz
Output file downloaded to E:\Project\Biohub_CellTracking\experiments\diag_051_public_0942_tracklet_evidence\artifacts\tracklet_evidence/44b6_aaf8b0ea/pair_059_060.npz
Output file downloaded to E:\Project\Biohub_CellTracking\experiments\diag_051_public_0942_tracklet_evidence\artifacts\tracklet_evidence/44b6_aaf8b0ea/pair_060_061.npz
Output file downloaded to E:\Project\Biohub_CellTracking\experiments\diag_051_public_0942_tracklet_evidence\artifacts\tracklet_evidence/44b6_aaf8b0ea/pair_061_062.npz
Output file downloaded to E:\Project\Biohub_CellTracking\experiments\diag_051_public_0942_tracklet_evidence\artifacts\tracklet_evidence/44b6_aaf8b0ea/pair_062_063.npz
Output file downloaded to E:\Project\Biohub_CellTracking\experiments\diag_051_public_0942_tracklet_evidence\artifacts\tracklet_evidence/44b6_aaf8b0ea/pair_063_064.npz
Output file downloaded to E:\Project\Biohub_CellTracking\experiments\diag_051_public_0942_tracklet_evidence\artifacts\tracklet_evidence/44b6_aaf8b0ea/pair_064_065.npz
Output file downloaded to E:\Project\Biohub_CellTracking\experiments\diag_051_public_0942_tracklet_evidence\artifacts\tracklet_evidence/44b6_aaf8b0ea/pair_065_066.npz
Output file downloaded to E:\Project\Biohub_CellTracking\experiments\diag_051_public_0942_tracklet_evidence\artifacts\tracklet_evidence/44b6_aaf8b0ea/pair_066_067.npz
Output file downloaded to E:\Project\Biohub_CellTracking\experiments\diag_051_public_0942_tracklet_evidence\artifacts\tracklet_evidence/44b6_aaf8b0ea/pair_067_068.npz
Output file downloaded to E:\Project\Biohub_CellTracking\experiments\diag_051_public_0942_tracklet_evidence\artifacts\tracklet_evidence/44b6_aaf8b0ea/pair_068_069.npz
Output file downloaded to E:\Project\Biohub_CellTracking\experiments\diag_051_public_0942_tracklet_evidence\artifacts\tracklet_evidence/44b6_aaf8b0ea/pair_069_070.npz
Output file downloaded to E:\Project\Biohub_CellTracking\experiments\diag_051_public_0942_tracklet_evidence\artifacts\tracklet_evidence/44b6_aaf8b0ea/pair_070_071.npz
Output file downloaded to E:\Project\Biohub_CellTracking\experiments\diag_051_public_0942_tracklet_evidence\artifacts\tracklet_evidence/44b6_aaf8b0ea/pair_071_072.npz
Output file downloaded to E:\Project\Biohub_CellTracking\experiments\diag_051_public_0942_tracklet_evidence\artifacts\tracklet_evidence/44b6_aaf8b0ea/pair_072_073.npz
Output file downloaded to E:\Project\Biohub_CellTracking\experiments\diag_051_public_0942_tracklet_evidence\artifacts\tracklet_evidence/44b6_aaf8b0ea/pair_073_074.npz
Output file downloaded to E:\Project\Biohub_CellTracking\experiments\diag_051_public_0942_tracklet_evidence\artifacts\tracklet_evidence/44b6_aaf8b0ea/pair_074_075.npz
Output file downloaded to E:\Project\Biohub_CellTracking\experiments\diag_051_public_0942_tracklet_evidence\artifacts\tracklet_evidence/44b6_aaf8b0ea/pair_075_076.npz
Output file downloaded to E:\Project\Biohub_CellTracking\experiments\diag_051_public_0942_tracklet_evidence\artifacts\tracklet_evidence/44b6_aaf8b0ea/pair_076_077.npz
Output file downloaded to E:\Project\Biohub_CellTracking\experiments\diag_051_public_0942_tracklet_evidence\artifacts\tracklet_evidence/44b6_aaf8b0ea/pair_077_078.npz
Output file downloaded to E:\Project\Biohub_CellTracking\experiments\diag_051_public_0942_tracklet_evidence\artifacts\tracklet_evidence/44b6_aaf8b0ea/pair_078_079.npz
Output file downloaded to E:\Project\Biohub_CellTracking\experiments\diag_051_public_0942_tracklet_evidence\artifacts\tracklet_evidence/44b6_aaf8b0ea/pair_079_080.npz
Output file downloaded to E:\Project\Biohub_CellTracking\experiments\diag_051_public_0942_tracklet_evidence\artifacts\tracklet_evidence/44b6_aaf8b0ea/pair_080_081.npz
Output file downloaded to E:\Project\Biohub_CellTracking\experiments\diag_051_public_0942_tracklet_evidence\artifacts\tracklet_evidence/44b6_aaf8b0ea/pair_081_082.npz
Output file downloaded to E:\Project\Biohub_CellTracking\experiments\diag_051_public_0942_tracklet_evidence\artifacts\tracklet_evidence/44b6_aaf8b0ea/pair_082_083.npz
Output file downloaded to E:\Project\Biohub_CellTracking\experiments\diag_051_public_0942_tracklet_evidence\artifacts\tracklet_evidence/44b6_aaf8b0ea/pair_083_084.npz
Output file downloaded to E:\Project\Biohub_CellTracking\experiments\diag_051_public_0942_tracklet_evidence\artifacts\tracklet_evidence/44b6_aaf8b0ea/pair_084_085.npz
Output file downloaded to E:\Project\Biohub_CellTracking\experiments\diag_051_public_0942_tracklet_evidence\artifacts\tracklet_evidence/44b6_aaf8b0ea/pair_085_086.npz
Output file downloaded to E:\Project\Biohub_CellTracking\experiments\diag_051_public_0942_tracklet_evidence\artifacts\tracklet_evidence/44b6_aaf8b0ea/pair_086_087.npz
Output file downloaded to E:\Project\Biohub_CellTracking\experiments\diag_051_public_0942_tracklet_evidence\artifacts\tracklet_evidence/44b6_aaf8b0ea/pair_087_088.npz
Output file downloaded to E:\Project\Biohub_CellTracking\experiments\diag_051_public_0942_tracklet_evidence\artifacts\tracklet_evidence/44b6_aaf8b0ea/pair_088_089.npz
Output file downloaded to E:\Project\Biohub_CellTracking\experiments\diag_051_public_0942_tracklet_evidence\artifacts\tracklet_evidence/44b6_aaf8b0ea/pair_089_090.npz
Output file downloaded to E:\Project\Biohub_CellTracking\experiments\diag_051_public_0942_tracklet_evidence\artifacts\tracklet_evidence/44b6_aaf8b0ea/pair_090_091.npz
Output file downloaded to E:\Project\Biohub_CellTracking\experiments\diag_051_public_0942_tracklet_evidence\artifacts\tracklet_evidence/44b6_aaf8b0ea/pair_091_092.npz
Output file downloaded to E:\Project\Biohub_CellTracking\experiments\diag_051_public_0942_tracklet_evidence\artifacts\tracklet_evidence/44b6_aaf8b0ea/pair_092_093.npz
Output file downloaded to E:\Project\Biohub_CellTracking\experiments\diag_051_public_0942_tracklet_evidence\artifacts\tracklet_evidence/44b6_aaf8b0ea/pair_093_094.npz
Output file downloaded to E:\Project\Biohub_CellTracking\experiments\diag_051_public_0942_tracklet_evidence\artifacts\tracklet_evidence/44b6_aaf8b0ea/pair_094_095.npz
Output file downloaded to E:\Project\Biohub_CellTracking\experiments\diag_051_public_0942_tracklet_evidence\artifacts\tracklet_evidence/44b6_aaf8b0ea/pair_095_096.npz
Output file downloaded to E:\Project\Biohub_CellTracking\experiments\diag_051_public_0942_tracklet_evidence\artifacts\tracklet_evidence/44b6_aaf8b0ea/pair_096_097.npz
Output file downloaded to E:\Project\Biohub_CellTracking\experiments\diag_051_public_0942_tracklet_evidence\artifacts\tracklet_evidence/44b6_aaf8b0ea/pair_097_098.npz
Output file downloaded to E:\Project\Biohub_CellTracking\experiments\diag_051_public_0942_tracklet_evidence\artifacts\tracklet_evidence/44b6_aaf8b0ea/pair_098_099.npz
Output file downloaded to E:\Project\Biohub_CellTracking\experiments\diag_051_public_0942_tracklet_evidence\artifacts\tracklet_evidence/44b6_aaf8b0ea/pre_ilp_nodes.npz
Output file downloaded to E:\Project\Biohub_CellTracking\experiments\diag_051_public_0942_tracklet_evidence\artifacts\tracklet_evidence/44b6_aaf8b0ea/raw_post_ilp.json.gz
Output file downloaded to E:\Project\Biohub_CellTracking\experiments\diag_051_public_0942_tracklet_evidence\artifacts\tracklet_evidence/44b6_aaf8b0ea/safe_divisions.json.gz
Output file downloaded to E:\Project\Biohub_CellTracking\experiments\diag_051_public_0942_tracklet_evidence\artifacts\tracklet_evidence/44b6_aaf8b0ea/scorer_matching.json.gz
Output file downloaded to E:\Project\Biohub_CellTracking\experiments\diag_051_public_0942_tracklet_evidence\artifacts\tracklet_evidence/44b6_aaf8b0ea/short_track_filtered.json.gz
Output file downloaded to E:\Project\Biohub_CellTracking\experiments\diag_051_public_0942_tracklet_evidence\artifacts\tracklet_evidence/44b6_c15fded2/degree_repaired.json.gz
Output file downloaded to E:\Project\Biohub_CellTracking\experiments\diag_051_public_0942_tracklet_evidence\artifacts\tracklet_evidence/44b6_c15fded2/distance_filtered.json.gz
Output file downloaded to E:\Project\Biohub_CellTracking\experiments\diag_051_public_0942_tracklet_evidence\artifacts\tracklet_evidence/44b6_c15fded2/final_scored.json.gz
Output file downloaded to E:\Project\Biohub_CellTracking\experiments\diag_051_public_0942_tracklet_evidence\artifacts\tracklet_evidence/44b6_c15fded2/gap1.json.gz
Output file downloaded to E:\Project\Biohub_CellTracking\experiments\diag_051_public_0942_tracklet_evidence\artifacts\tracklet_evidence/44b6_c15fded2/gap2.json.gz
Output file downloaded to E:\Project\Biohub_CellTracking\experiments\diag_051_public_0942_tracklet_evidence\artifacts\tracklet_evidence/44b6_c15fded2/geometry_and_isolated.json.gz
Output file downloaded to E:\Project\Biohub_CellTracking\experiments\diag_051_public_0942_tracklet_evidence\artifacts\tracklet_evidence/44b6_c15fded2/motion_relinked.json.gz
Output file downloaded to E:\Project\Biohub_CellTracking\experiments\diag_051_public_0942_tracklet_evidence\artifacts\tracklet_evidence/44b6_c15fded2/pair_000_001.npz
Output file downloaded to E:\Project\Biohub_CellTracking\experiments\diag_051_public_0942_tracklet_evidence\artifacts\tracklet_evidence/44b6_c15fded2/pair_001_002.npz
Output file downloaded to E:\Project\Biohub_CellTracking\experiments\diag_051_public_0942_tracklet_evidence\artifacts\tracklet_evidence/44b6_c15fded2/pair_002_003.npz
Output file downloaded to E:\Project\Biohub_CellTracking\experiments\diag_051_public_0942_tracklet_evidence\artifacts\tracklet_evidence/44b6_c15fded2/pair_003_004.npz
Output file downloaded to E:\Project\Biohub_CellTracking\experiments\diag_051_public_0942_tracklet_evidence\artifacts\tracklet_evidence/44b6_c15fded2/pair_004_005.npz
Output file downloaded to E:\Project\Biohub_CellTracking\experiments\diag_051_public_0942_tracklet_evidence\artifacts\tracklet_evidence/44b6_c15fded2/pair_005_006.npz
Output file downloaded to E:\Project\Biohub_CellTracking\experiments\diag_051_public_0942_tracklet_evidence\artifacts\tracklet_evidence/44b6_c15fded2/pair_006_007.npz
Output file downloaded to E:\Project\Biohub_CellTracking\experiments\diag_051_public_0942_tracklet_evidence\artifacts\tracklet_evidence/44b6_c15fded2/pair_007_008.npz
Output file downloaded to E:\Project\Biohub_CellTracking\experiments\diag_051_public_0942_tracklet_evidence\artifacts\tracklet_evidence/44b6_c15fded2/pair_008_009.npz
Output file downloaded to E:\Project\Biohub_CellTracking\experiments\diag_051_public_0942_tracklet_evidence\artifacts\tracklet_evidence/44b6_c15fded2/pair_009_010.npz
Output file downloaded to E:\Project\Biohub_CellTracking\experiments\diag_051_public_0942_tracklet_evidence\artifacts\tracklet_evidence/44b6_c15fded2/pair_010_011.npz
Output file downloaded to E:\Project\Biohub_CellTracking\experiments\diag_051_public_0942_tracklet_evidence\artifacts\tracklet_evidence/44b6_c15fded2/pair_011_012.npz
Output file downloaded to E:\Project\Biohub_CellTracking\experiments\diag_051_public_0942_tracklet_evidence\artifacts\tracklet_evidence/44b6_c15fded2/pair_012_013.npz
Output file downloaded to E:\Project\Biohub_CellTracking\experiments\diag_051_public_0942_tracklet_evidence\artifacts\tracklet_evidence/44b6_c15fded2/pair_013_014.npz
Output file downloaded to E:\Project\Biohub_CellTracking\experiments\diag_051_public_0942_tracklet_evidence\artifacts\tracklet_evidence/44b6_c15fded2/pair_014_015.npz
Output file downloaded to E:\Project\Biohub_CellTracking\experiments\diag_051_public_0942_tracklet_evidence\artifacts\tracklet_evidence/44b6_c15fded2/pair_015_016.npz
Output file downloaded to E:\Project\Biohub_CellTracking\experiments\diag_051_public_0942_tracklet_evidence\artifacts\tracklet_evidence/44b6_c15fded2/pair_016_017.npz
Output file downloaded to E:\Project\Biohub_CellTracking\experiments\diag_051_public_0942_tracklet_evidence\artifacts\tracklet_evidence/44b6_c15fded2/pair_017_018.npz
Output file downloaded to E:\Project\Biohub_CellTracking\experiments\diag_051_public_0942_tracklet_evidence\artifacts\tracklet_evidence/44b6_c15fded2/pair_018_019.npz
Output file downloaded to E:\Project\Biohub_CellTracking\experiments\diag_051_public_0942_tracklet_evidence\artifacts\tracklet_evidence/44b6_c15fded2/pair_019_020.npz
Output file downloaded to E:\Project\Biohub_CellTracking\experiments\diag_051_public_0942_tracklet_evidence\artifacts\tracklet_evidence/44b6_c15fded2/pair_020_021.npz
Output file downloaded to E:\Project\Biohub_CellTracking\experiments\diag_051_public_0942_tracklet_evidence\artifacts\tracklet_evidence/44b6_c15fded2/pair_021_022.npz
Output file downloaded to E:\Project\Biohub_CellTracking\experiments\diag_051_public_0942_tracklet_evidence\artifacts\tracklet_evidence/44b6_c15fded2/pair_022_023.npz
Output file downloaded to E:\Project\Biohub_CellTracking\experiments\diag_051_public_0942_tracklet_evidence\artifacts\tracklet_evidence/44b6_c15fded2/pair_023_024.npz
Output file downloaded to E:\Project\Biohub_CellTracking\experiments\diag_051_public_0942_tracklet_evidence\artifacts\tracklet_evidence/44b6_c15fded2/pair_024_025.npz
Output file downloaded to E:\Project\Biohub_CellTracking\experiments\diag_051_public_0942_tracklet_evidence\artifacts\tracklet_evidence/44b6_c15fded2/pair_025_026.npz
Output file downloaded to E:\Project\Biohub_CellTracking\experiments\diag_051_public_0942_tracklet_evidence\artifacts\tracklet_evidence/44b6_c15fded2/pair_026_027.npz
Output file downloaded to E:\Project\Biohub_CellTracking\experiments\diag_051_public_0942_tracklet_evidence\artifacts\tracklet_evidence/44b6_c15fded2/pair_027_028.npz
Output file downloaded to E:\Project\Biohub_CellTracking\experiments\diag_051_public_0942_tracklet_evidence\artifacts\tracklet_evidence/44b6_c15fded2/pair_028_029.npz
Output file downloaded to E:\Project\Biohub_CellTracking\experiments\diag_051_public_0942_tracklet_evidence\artifacts\tracklet_evidence/44b6_c15fded2/pair_029_030.npz
Output file downloaded to E:\Project\Biohub_CellTracking\experiments\diag_051_public_0942_tracklet_evidence\artifacts\tracklet_evidence/44b6_c15fded2/pair_030_031.npz
Output file downloaded to E:\Project\Biohub_CellTracking\experiments\diag_051_public_0942_tracklet_evidence\artifacts\tracklet_evidence/44b6_c15fded2/pair_031_032.npz
Output file downloaded to E:\Project\Biohub_CellTracking\experiments\diag_051_public_0942_tracklet_evidence\artifacts\tracklet_evidence/44b6_c15fded2/pair_032_033.npz
Output file downloaded to E:\Project\Biohub_CellTracking\experiments\diag_051_public_0942_tracklet_evidence\artifacts\tracklet_evidence/44b6_c15fded2/pair_033_034.npz
Output file downloaded to E:\Project\Biohub_CellTracking\experiments\diag_051_public_0942_tracklet_evidence\artifacts\tracklet_evidence/44b6_c15fded2/pair_034_035.npz
Output file downloaded to E:\Project\Biohub_CellTracking\experiments\diag_051_public_0942_tracklet_evidence\artifacts\tracklet_evidence/44b6_c15fded2/pair_035_036.npz
Output file downloaded to E:\Project\Biohub_CellTracking\experiments\diag_051_public_0942_tracklet_evidence\artifacts\tracklet_evidence/44b6_c15fded2/pair_036_037.npz
Output file downloaded to E:\Project\Biohub_CellTracking\experiments\diag_051_public_0942_tracklet_evidence\artifacts\tracklet_evidence/44b6_c15fded2/pair_037_038.npz
Output file downloaded to E:\Project\Biohub_CellTracking\experiments\diag_051_public_0942_tracklet_evidence\artifacts\tracklet_evidence/44b6_c15fded2/pair_038_039.npz
Output file downloaded to E:\Project\Biohub_CellTracking\experiments\diag_051_public_0942_tracklet_evidence\artifacts\tracklet_evidence/44b6_c15fded2/pair_039_040.npz
Output file downloaded to E:\Project\Biohub_CellTracking\experiments\diag_051_public_0942_tracklet_evidence\artifacts\tracklet_evidence/44b6_c15fded2/pair_040_041.npz
Output file downloaded to E:\Project\Biohub_CellTracking\experiments\diag_051_public_0942_tracklet_evidence\artifacts\tracklet_evidence/44b6_c15fded2/pair_041_042.npz
Output file downloaded to E:\Project\Biohub_CellTracking\experiments\diag_051_public_0942_tracklet_evidence\artifacts\tracklet_evidence/44b6_c15fded2/pair_042_043.npz
Output file downloaded to E:\Project\Biohub_CellTracking\experiments\diag_051_public_0942_tracklet_evidence\artifacts\tracklet_evidence/44b6_c15fded2/pair_043_044.npz
Output file downloaded to E:\Project\Biohub_CellTracking\experiments\diag_051_public_0942_tracklet_evidence\artifacts\tracklet_evidence/44b6_c15fded2/pair_044_045.npz
Output file downloaded to E:\Project\Biohub_CellTracking\experiments\diag_051_public_0942_tracklet_evidence\artifacts\tracklet_evidence/44b6_c15fded2/pair_045_046.npz
Output file downloaded to E:\Project\Biohub_CellTracking\experiments\diag_051_public_0942_tracklet_evidence\artifacts\tracklet_evidence/44b6_c15fded2/pair_046_047.npz
Output file downloaded to E:\Project\Biohub_CellTracking\experiments\diag_051_public_0942_tracklet_evidence\artifacts\tracklet_evidence/44b6_c15fded2/pair_047_048.npz
Output file downloaded to E:\Project\Biohub_CellTracking\experiments\diag_051_public_0942_tracklet_evidence\artifacts\tracklet_evidence/44b6_c15fded2/pair_048_049.npz
Output file downloaded to E:\Project\Biohub_CellTracking\experiments\diag_051_public_0942_tracklet_evidence\artifacts\tracklet_evidence/44b6_c15fded2/pair_049_050.npz
Output file downloaded to E:\Project\Biohub_CellTracking\experiments\diag_051_public_0942_tracklet_evidence\artifacts\tracklet_evidence/44b6_c15fded2/pair_050_051.npz
Output file downloaded to E:\Project\Biohub_CellTracking\experiments\diag_051_public_0942_tracklet_evidence\artifacts\tracklet_evidence/44b6_c15fded2/pair_051_052.npz
Output file downloaded to E:\Project\Biohub_CellTracking\experiments\diag_051_public_0942_tracklet_evidence\artifacts\tracklet_evidence/44b6_c15fded2/pair_052_053.npz
Output file downloaded to E:\Project\Biohub_CellTracking\experiments\diag_051_public_0942_tracklet_evidence\artifacts\tracklet_evidence/44b6_c15fded2/pair_053_054.npz
Output file downloaded to E:\Project\Biohub_CellTracking\experiments\diag_051_public_0942_tracklet_evidence\artifacts\tracklet_evidence/44b6_c15fded2/pair_054_055.npz
Output file downloaded to E:\Project\Biohub_CellTracking\experiments\diag_051_public_0942_tracklet_evidence\artifacts\tracklet_evidence/44b6_c15fded2/pair_055_056.npz
Output file downloaded to E:\Project\Biohub_CellTracking\experiments\diag_051_public_0942_tracklet_evidence\artifacts\tracklet_evidence/44b6_c15fded2/pair_056_057.npz
Output file downloaded to E:\Project\Biohub_CellTracking\experiments\diag_051_public_0942_tracklet_evidence\artifacts\tracklet_evidence/44b6_c15fded2/pair_057_058.npz
Output file downloaded to E:\Project\Biohub_CellTracking\experiments\diag_051_public_0942_tracklet_evidence\artifacts\tracklet_evidence/44b6_c15fded2/pair_058_059.npz
Output file downloaded to E:\Project\Biohub_CellTracking\experiments\diag_051_public_0942_tracklet_evidence\artifacts\tracklet_evidence/44b6_c15fded2/pair_059_060.npz
Output file downloaded to E:\Project\Biohub_CellTracking\experiments\diag_051_public_0942_tracklet_evidence\artifacts\tracklet_evidence/44b6_c15fded2/pair_060_061.npz
Output file downloaded to E:\Project\Biohub_CellTracking\experiments\diag_051_public_0942_tracklet_evidence\artifacts\tracklet_evidence/44b6_c15fded2/pair_061_062.npz
Output file downloaded to E:\Project\Biohub_CellTracking\experiments\diag_051_public_0942_tracklet_evidence\artifacts\tracklet_evidence/44b6_c15fded2/pair_062_063.npz
Output file downloaded to E:\Project\Biohub_CellTracking\experiments\diag_051_public_0942_tracklet_evidence\artifacts\tracklet_evidence/44b6_c15fded2/pair_063_064.npz
Output file downloaded to E:\Project\Biohub_CellTracking\experiments\diag_051_public_0942_tracklet_evidence\artifacts\tracklet_evidence/44b6_c15fded2/pair_064_065.npz
Output file downloaded to E:\Project\Biohub_CellTracking\experiments\diag_051_public_0942_tracklet_evidence\artifacts\tracklet_evidence/44b6_c15fded2/pair_065_066.npz
Output file downloaded to E:\Project\Biohub_CellTracking\experiments\diag_051_public_0942_tracklet_evidence\artifacts\tracklet_evidence/44b6_c15fded2/pair_066_067.npz
Output file downloaded to E:\Project\Biohub_CellTracking\experiments\diag_051_public_0942_tracklet_evidence\artifacts\tracklet_evidence/44b6_c15fded2/pair_067_068.npz
Output file downloaded to E:\Project\Biohub_CellTracking\experiments\diag_051_public_0942_tracklet_evidence\artifacts\tracklet_evidence/44b6_c15fded2/pair_068_069.npz
Output file downloaded to E:\Project\Biohub_CellTracking\experiments\diag_051_public_0942_tracklet_evidence\artifacts\tracklet_evidence/44b6_c15fded2/pair_069_070.npz
Output file downloaded to E:\Project\Biohub_CellTracking\experiments\diag_051_public_0942_tracklet_evidence\artifacts\tracklet_evidence/44b6_c15fded2/pair_070_071.npz
Output file downloaded to E:\Project\Biohub_CellTracking\experiments\diag_051_public_0942_tracklet_evidence\artifacts\tracklet_evidence/44b6_c15fded2/pair_071_072.npz
Output file downloaded to E:\Project\Biohub_CellTracking\experiments\diag_051_public_0942_tracklet_evidence\artifacts\tracklet_evidence/44b6_c15fded2/pair_072_073.npz
Output file downloaded to E:\Project\Biohub_CellTracking\experiments\diag_051_public_0942_tracklet_evidence\artifacts\tracklet_evidence/44b6_c15fded2/pair_073_074.npz
Output file downloaded to E:\Project\Biohub_CellTracking\experiments\diag_051_public_0942_tracklet_evidence\artifacts\tracklet_evidence/44b6_c15fded2/pair_074_075.npz
Output file downloaded to E:\Project\Biohub_CellTracking\experiments\diag_051_public_0942_tracklet_evidence\artifacts\tracklet_evidence/44b6_c15fded2/pair_075_076.npz
Output file downloaded to E:\Project\Biohub_CellTracking\experiments\diag_051_public_0942_tracklet_evidence\artifacts\tracklet_evidence/44b6_c15fded2/pair_076_077.npz
Output file downloaded to E:\Project\Biohub_CellTracking\experiments\diag_051_public_0942_tracklet_evidence\artifacts\tracklet_evidence/44b6_c15fded2/pair_077_078.npz
Output file downloaded to E:\Project\Biohub_CellTracking\experiments\diag_051_public_0942_tracklet_evidence\artifacts\tracklet_evidence/44b6_c15fded2/pair_078_079.npz
Output file downloaded to E:\Project\Biohub_CellTracking\experiments\diag_051_public_0942_tracklet_evidence\artifacts\tracklet_evidence/44b6_c15fded2/pair_079_080.npz
Output file downloaded to E:\Project\Biohub_CellTracking\experiments\diag_051_public_0942_tracklet_evidence\artifacts\tracklet_evidence/44b6_c15fded2/pair_080_081.npz
Output file downloaded to E:\Project\Biohub_CellTracking\experiments\diag_051_public_0942_tracklet_evidence\artifacts\tracklet_evidence/44b6_c15fded2/pair_081_082.npz
Output file downloaded to E:\Project\Biohub_CellTracking\experiments\diag_051_public_0942_tracklet_evidence\artifacts\tracklet_evidence/44b6_c15fded2/pair_082_083.npz
Output file downloaded to E:\Project\Biohub_CellTracking\experiments\diag_051_public_0942_tracklet_evidence\artifacts\tracklet_evidence/44b6_c15fded2/pair_083_084.npz
Output file downloaded to E:\Project\Biohub_CellTracking\experiments\diag_051_public_0942_tracklet_evidence\artifacts\tracklet_evidence/44b6_c15fded2/pair_084_085.npz
Output file downloaded to E:\Project\Biohub_CellTracking\experiments\diag_051_public_0942_tracklet_evidence\artifacts\tracklet_evidence/44b6_c15fded2/pair_085_086.npz
Output file downloaded to E:\Project\Biohub_CellTracking\experiments\diag_051_public_0942_tracklet_evidence\artifacts\tracklet_evidence/44b6_c15fded2/pair_086_087.npz
Output file downloaded to E:\Project\Biohub_CellTracking\experiments\diag_051_public_0942_tracklet_evidence\artifacts\tracklet_evidence/44b6_c15fded2/pair_087_088.npz
Output file downloaded to E:\Project\Biohub_CellTracking\experiments\diag_051_public_0942_tracklet_evidence\artifacts\tracklet_evidence/44b6_c15fded2/pair_088_089.npz
Output file downloaded to E:\Project\Biohub_CellTracking\experiments\diag_051_public_0942_tracklet_evidence\artifacts\tracklet_evidence/44b6_c15fded2/pair_089_090.npz
Output file downloaded to E:\Project\Biohub_CellTracking\experiments\diag_051_public_0942_tracklet_evidence\artifacts\tracklet_evidence/44b6_c15fded2/pair_090_091.npz
Output file downloaded to E:\Project\Biohub_CellTracking\experiments\diag_051_public_0942_tracklet_evidence\artifacts\tracklet_evidence/44b6_c15fded2/pair_091_092.npz
Output file downloaded to E:\Project\Biohub_CellTracking\experiments\diag_051_public_0942_tracklet_evidence\artifacts\tracklet_evidence/44b6_c15fded2/pair_092_093.npz
Output file downloaded to E:\Project\Biohub_CellTracking\experiments\diag_051_public_0942_tracklet_evidence\artifacts\tracklet_evidence/44b6_c15fded2/pair_093_094.npz
Output file downloaded to E:\Project\Biohub_CellTracking\experiments\diag_051_public_0942_tracklet_evidence\artifacts\tracklet_evidence/44b6_c15fded2/pair_094_095.npz
Output file downloaded to E:\Project\Biohub_CellTracking\experiments\diag_051_public_0942_tracklet_evidence\artifacts\tracklet_evidence/44b6_c15fded2/pair_095_096.npz
Output file downloaded to E:\Project\Biohub_CellTracking\experiments\diag_051_public_0942_tracklet_evidence\artifacts\tracklet_evidence/44b6_c15fded2/pair_096_097.npz
Output file downloaded to E:\Project\Biohub_CellTracking\experiments\diag_051_public_0942_tracklet_evidence\artifacts\tracklet_evidence/44b6_c15fded2/pair_097_098.npz
Output file downloaded to E:\Project\Biohub_CellTracking\experiments\diag_051_public_0942_tracklet_evidence\artifacts\tracklet_evidence/44b6_c15fded2/pair_098_099.npz
Output file downloaded to E:\Project\Biohub_CellTracking\experiments\diag_051_public_0942_tracklet_evidence\artifacts\tracklet_evidence/44b6_c15fded2/pre_ilp_nodes.npz
Output file downloaded to E:\Project\Biohub_CellTracking\experiments\diag_051_public_0942_tracklet_evidence\artifacts\tracklet_evidence/44b6_c15fded2/raw_post_ilp.json.gz
Output file downloaded to E:\Project\Biohub_CellTracking\experiments\diag_051_public_0942_tracklet_evidence\artifacts\tracklet_evidence/44b6_c15fded2/safe_divisions.json.gz
Output file downloaded to E:\Project\Biohub_CellTracking\experiments\diag_051_public_0942_tracklet_evidence\artifacts\tracklet_evidence/44b6_c15fded2/scorer_matching.json.gz
Output file downloaded to E:\Project\Biohub_CellTracking\experiments\diag_051_public_0942_tracklet_evidence\artifacts\tracklet_evidence/44b6_c15fded2/short_track_filtered.json.gz
Output file downloaded to E:\Project\Biohub_CellTracking\experiments\diag_051_public_0942_tracklet_evidence\artifacts\tracklet_evidence/44b6_c50204e0/degree_repaired.json.gz
Output file downloaded to E:\Project\Biohub_CellTracking\experiments\diag_051_public_0942_tracklet_evidence\artifacts\tracklet_evidence/44b6_c50204e0/distance_filtered.json.gz
Output file downloaded to E:\Project\Biohub_CellTracking\experiments\diag_051_public_0942_tracklet_evidence\artifacts\tracklet_evidence/44b6_c50204e0/final_scored.json.gz
Output file downloaded to E:\Project\Biohub_CellTracking\experiments\diag_051_public_0942_tracklet_evidence\artifacts\tracklet_evidence/44b6_c50204e0/gap1.json.gz
Output file downloaded to E:\Project\Biohub_CellTracking\experiments\diag_051_public_0942_tracklet_evidence\artifacts\tracklet_evidence/44b6_c50204e0/gap2.json.gz
Output file downloaded to E:\Project\Biohub_CellTracking\experiments\diag_051_public_0942_tracklet_evidence\artifacts\tracklet_evidence/44b6_c50204e0/geometry_and_isolated.json.gz
Output file downloaded to E:\Project\Biohub_CellTracking\experiments\diag_051_public_0942_tracklet_evidence\artifacts\tracklet_evidence/44b6_c50204e0/motion_relinked.json.gz
Output file downloaded to E:\Project\Biohub_CellTracking\experiments\diag_051_public_0942_tracklet_evidence\artifacts\tracklet_evidence/44b6_c50204e0/pair_000_001.npz
Output file downloaded to E:\Project\Biohub_CellTracking\experiments\diag_051_public_0942_tracklet_evidence\artifacts\tracklet_evidence/44b6_c50204e0/pair_001_002.npz
Output file downloaded to E:\Project\Biohub_CellTracking\experiments\diag_051_public_0942_tracklet_evidence\artifacts\tracklet_evidence/44b6_c50204e0/pair_002_003.npz
Output file downloaded to E:\Project\Biohub_CellTracking\experiments\diag_051_public_0942_tracklet_evidence\artifacts\tracklet_evidence/44b6_c50204e0/pair_003_004.npz
Output file downloaded to E:\Project\Biohub_CellTracking\experiments\diag_051_public_0942_tracklet_evidence\artifacts\tracklet_evidence/44b6_c50204e0/pair_004_005.npz
Output file downloaded to E:\Project\Biohub_CellTracking\experiments\diag_051_public_0942_tracklet_evidence\artifacts\tracklet_evidence/44b6_c50204e0/pair_005_006.npz
Output file downloaded to E:\Project\Biohub_CellTracking\experiments\diag_051_public_0942_tracklet_evidence\artifacts\tracklet_evidence/44b6_c50204e0/pair_006_007.npz
Output file downloaded to E:\Project\Biohub_CellTracking\experiments\diag_051_public_0942_tracklet_evidence\artifacts\tracklet_evidence/44b6_c50204e0/pair_007_008.npz
Output file downloaded to E:\Project\Biohub_CellTracking\experiments\diag_051_public_0942_tracklet_evidence\artifacts\tracklet_evidence/44b6_c50204e0/pair_008_009.npz
Output file downloaded to E:\Project\Biohub_CellTracking\experiments\diag_051_public_0942_tracklet_evidence\artifacts\tracklet_evidence/44b6_c50204e0/pair_009_010.npz
Output file downloaded to E:\Project\Biohub_CellTracking\experiments\diag_051_public_0942_tracklet_evidence\artifacts\tracklet_evidence/44b6_c50204e0/pair_010_011.npz
Output file downloaded to E:\Project\Biohub_CellTracking\experiments\diag_051_public_0942_tracklet_evidence\artifacts\tracklet_evidence/44b6_c50204e0/pair_011_012.npz
Output file downloaded to E:\Project\Biohub_CellTracking\experiments\diag_051_public_0942_tracklet_evidence\artifacts\tracklet_evidence/44b6_c50204e0/pair_012_013.npz
Output file downloaded to E:\Project\Biohub_CellTracking\experiments\diag_051_public_0942_tracklet_evidence\artifacts\tracklet_evidence/44b6_c50204e0/pair_013_014.npz
Output file downloaded to E:\Project\Biohub_CellTracking\experiments\diag_051_public_0942_tracklet_evidence\artifacts\tracklet_evidence/44b6_c50204e0/pair_014_015.npz
Output file downloaded to E:\Project\Biohub_CellTracking\experiments\diag_051_public_0942_tracklet_evidence\artifacts\tracklet_evidence/44b6_c50204e0/pair_015_016.npz
Output file downloaded to E:\Project\Biohub_CellTracking\experiments\diag_051_public_0942_tracklet_evidence\artifacts\tracklet_evidence/44b6_c50204e0/pair_016_017.npz
Output file downloaded to E:\Project\Biohub_CellTracking\experiments\diag_051_public_0942_tracklet_evidence\artifacts\tracklet_evidence/44b6_c50204e0/pair_017_018.npz
Output file downloaded to E:\Project\Biohub_CellTracking\experiments\diag_051_public_0942_tracklet_evidence\artifacts\tracklet_evidence/44b6_c50204e0/pair_018_019.npz
Output file downloaded to E:\Project\Biohub_CellTracking\experiments\diag_051_public_0942_tracklet_evidence\artifacts\tracklet_evidence/44b6_c50204e0/pair_019_020.npz
Output file downloaded to E:\Project\Biohub_CellTracking\experiments\diag_051_public_0942_tracklet_evidence\artifacts\tracklet_evidence/44b6_c50204e0/pair_020_021.npz
Output file downloaded to E:\Project\Biohub_CellTracking\experiments\diag_051_public_0942_tracklet_evidence\artifacts\tracklet_evidence/44b6_c50204e0/pair_021_022.npz
Output file downloaded to E:\Project\Biohub_CellTracking\experiments\diag_051_public_0942_tracklet_evidence\artifacts\tracklet_evidence/44b6_c50204e0/pair_022_023.npz
Output file downloaded to E:\Project\Biohub_CellTracking\experiments\diag_051_public_0942_tracklet_evidence\artifacts\tracklet_evidence/44b6_c50204e0/pair_023_024.npz
Output file downloaded to E:\Project\Biohub_CellTracking\experiments\diag_051_public_0942_tracklet_evidence\artifacts\tracklet_evidence/44b6_c50204e0/pair_024_025.npz
Output file downloaded to E:\Project\Biohub_CellTracking\experiments\diag_051_public_0942_tracklet_evidence\artifacts\tracklet_evidence/44b6_c50204e0/pair_025_026.npz
Output file downloaded to E:\Project\Biohub_CellTracking\experiments\diag_051_public_0942_tracklet_evidence\artifacts\tracklet_evidence/44b6_c50204e0/pair_026_027.npz
Output file downloaded to E:\Project\Biohub_CellTracking\experiments\diag_051_public_0942_tracklet_evidence\artifacts\tracklet_evidence/44b6_c50204e0/pair_027_028.npz
Output file downloaded to E:\Project\Biohub_CellTracking\experiments\diag_051_public_0942_tracklet_evidence\artifacts\tracklet_evidence/44b6_c50204e0/pair_028_029.npz
Output file downloaded to E:\Project\Biohub_CellTracking\experiments\diag_051_public_0942_tracklet_evidence\artifacts\tracklet_evidence/44b6_c50204e0/pair_029_030.npz
Output file downloaded to E:\Project\Biohub_CellTracking\experiments\diag_051_public_0942_tracklet_evidence\artifacts\tracklet_evidence/44b6_c50204e0/pair_030_031.npz
Output file downloaded to E:\Project\Biohub_CellTracking\experiments\diag_051_public_0942_tracklet_evidence\artifacts\tracklet_evidence/44b6_c50204e0/pair_031_032.npz
Output file downloaded to E:\Project\Biohub_CellTracking\experiments\diag_051_public_0942_tracklet_evidence\artifacts\tracklet_evidence/44b6_c50204e0/pair_032_033.npz
Output file downloaded to E:\Project\Biohub_CellTracking\experiments\diag_051_public_0942_tracklet_evidence\artifacts\tracklet_evidence/44b6_c50204e0/pair_033_034.npz
Output file downloaded to E:\Project\Biohub_CellTracking\experiments\diag_051_public_0942_tracklet_evidence\artifacts\tracklet_evidence/44b6_c50204e0/pair_034_035.npz
Output file downloaded to E:\Project\Biohub_CellTracking\experiments\diag_051_public_0942_tracklet_evidence\artifacts\tracklet_evidence/44b6_c50204e0/pair_035_036.npz
Output file downloaded to E:\Project\Biohub_CellTracking\experiments\diag_051_public_0942_tracklet_evidence\artifacts\tracklet_evidence/44b6_c50204e0/pair_036_037.npz
Output file downloaded to E:\Project\Biohub_CellTracking\experiments\diag_051_public_0942_tracklet_evidence\artifacts\tracklet_evidence/44b6_c50204e0/pair_037_038.npz
Output file downloaded to E:\Project\Biohub_CellTracking\experiments\diag_051_public_0942_tracklet_evidence\artifacts\tracklet_evidence/44b6_c50204e0/pair_038_039.npz
Output file downloaded to E:\Project\Biohub_CellTracking\experiments\diag_051_public_0942_tracklet_evidence\artifacts\tracklet_evidence/44b6_c50204e0/pair_039_040.npz
Output file downloaded to E:\Project\Biohub_CellTracking\experiments\diag_051_public_0942_tracklet_evidence\artifacts\tracklet_evidence/44b6_c50204e0/pair_040_041.npz
Output file downloaded to E:\Project\Biohub_CellTracking\experiments\diag_051_public_0942_tracklet_evidence\artifacts\tracklet_evidence/44b6_c50204e0/pair_041_042.npz
Output file downloaded to E:\Project\Biohub_CellTracking\experiments\diag_051_public_0942_tracklet_evidence\artifacts\tracklet_evidence/44b6_c50204e0/pair_042_043.npz
Output file downloaded to E:\Project\Biohub_CellTracking\experiments\diag_051_public_0942_tracklet_evidence\artifacts\tracklet_evidence/44b6_c50204e0/pair_043_044.npz
Output file downloaded to E:\Project\Biohub_CellTracking\experiments\diag_051_public_0942_tracklet_evidence\artifacts\tracklet_evidence/44b6_c50204e0/pair_044_045.npz
Output file downloaded to E:\Project\Biohub_CellTracking\experiments\diag_051_public_0942_tracklet_evidence\artifacts\tracklet_evidence/44b6_c50204e0/pair_045_046.npz
Output file downloaded to E:\Project\Biohub_CellTracking\experiments\diag_051_public_0942_tracklet_evidence\artifacts\tracklet_evidence/44b6_c50204e0/pair_046_047.npz
Output file downloaded to E:\Project\Biohub_CellTracking\experiments\diag_051_public_0942_tracklet_evidence\artifacts\tracklet_evidence/44b6_c50204e0/pair_047_048.npz
Output file downloaded to E:\Project\Biohub_CellTracking\experiments\diag_051_public_0942_tracklet_evidence\artifacts\tracklet_evidence/44b6_c50204e0/pair_048_049.npz
Output file downloaded to E:\Project\Biohub_CellTracking\experiments\diag_051_public_0942_tracklet_evidence\artifacts\tracklet_evidence/44b6_c50204e0/pair_049_050.npz
Output file downloaded to E:\Project\Biohub_CellTracking\experiments\diag_051_public_0942_tracklet_evidence\artifacts\tracklet_evidence/44b6_c50204e0/pair_050_051.npz
Output file downloaded to E:\Project\Biohub_CellTracking\experiments\diag_051_public_0942_tracklet_evidence\artifacts\tracklet_evidence/44b6_c50204e0/pair_051_052.npz
Output file downloaded to E:\Project\Biohub_CellTracking\experiments\diag_051_public_0942_tracklet_evidence\artifacts\tracklet_evidence/44b6_c50204e0/pair_052_053.npz
Output file downloaded to E:\Project\Biohub_CellTracking\experiments\diag_051_public_0942_tracklet_evidence\artifacts\tracklet_evidence/44b6_c50204e0/pair_053_054.npz
Output file downloaded to E:\Project\Biohub_CellTracking\experiments\diag_051_public_0942_tracklet_evidence\artifacts\tracklet_evidence/44b6_c50204e0/pair_054_055.npz
Output file downloaded to E:\Project\Biohub_CellTracking\experiments\diag_051_public_0942_tracklet_evidence\artifacts\tracklet_evidence/44b6_c50204e0/pair_055_056.npz
Output file downloaded to E:\Project\Biohub_CellTracking\experiments\diag_051_public_0942_tracklet_evidence\artifacts\tracklet_evidence/44b6_c50204e0/pair_056_057.npz
Output file downloaded to E:\Project\Biohub_CellTracking\experiments\diag_051_public_0942_tracklet_evidence\artifacts\tracklet_evidence/44b6_c50204e0/pair_057_058.npz
Output file downloaded to E:\Project\Biohub_CellTracking\experiments\diag_051_public_0942_tracklet_evidence\artifacts\tracklet_evidence/44b6_c50204e0/pair_058_059.npz
Output file downloaded to E:\Project\Biohub_CellTracking\experiments\diag_051_public_0942_tracklet_evidence\artifacts\tracklet_evidence/44b6_c50204e0/pair_059_060.npz
Output file downloaded to E:\Project\Biohub_CellTracking\experiments\diag_051_public_0942_tracklet_evidence\artifacts\tracklet_evidence/44b6_c50204e0/pair_060_061.npz
Output file downloaded to E:\Project\Biohub_CellTracking\experiments\diag_051_public_0942_tracklet_evidence\artifacts\tracklet_evidence/44b6_c50204e0/pair_061_062.npz
Output file downloaded to E:\Project\Biohub_CellTracking\experiments\diag_051_public_0942_tracklet_evidence\artifacts\tracklet_evidence/44b6_c50204e0/pair_062_063.npz
Output file downloaded to E:\Project\Biohub_CellTracking\experiments\diag_051_public_0942_tracklet_evidence\artifacts\tracklet_evidence/44b6_c50204e0/pair_063_064.npz
Output file downloaded to E:\Project\Biohub_CellTracking\experiments\diag_051_public_0942_tracklet_evidence\artifacts\tracklet_evidence/44b6_c50204e0/pair_064_065.npz
Output file downloaded to E:\Project\Biohub_CellTracking\experiments\diag_051_public_0942_tracklet_evidence\artifacts\tracklet_evidence/44b6_c50204e0/pair_065_066.npz
Output file downloaded to E:\Project\Biohub_CellTracking\experiments\diag_051_public_0942_tracklet_evidence\artifacts\tracklet_evidence/44b6_c50204e0/pair_066_067.npz
Output file downloaded to E:\Project\Biohub_CellTracking\experiments\diag_051_public_0942_tracklet_evidence\artifacts\tracklet_evidence/44b6_c50204e0/pair_067_068.npz
Output file downloaded to E:\Project\Biohub_CellTracking\experiments\diag_051_public_0942_tracklet_evidence\artifacts\tracklet_evidence/44b6_c50204e0/pair_068_069.npz
Output file downloaded to E:\Project\Biohub_CellTracking\experiments\diag_051_public_0942_tracklet_evidence\artifacts\tracklet_evidence/44b6_c50204e0/pair_069_070.npz
Output file downloaded to E:\Project\Biohub_CellTracking\experiments\diag_051_public_0942_tracklet_evidence\artifacts\tracklet_evidence/44b6_c50204e0/pair_070_071.npz
Output file downloaded to E:\Project\Biohub_CellTracking\experiments\diag_051_public_0942_tracklet_evidence\artifacts\tracklet_evidence/44b6_c50204e0/pair_071_072.npz
Output file downloaded to E:\Project\Biohub_CellTracking\experiments\diag_051_public_0942_tracklet_evidence\artifacts\tracklet_evidence/44b6_c50204e0/pair_072_073.npz
Output file downloaded to E:\Project\Biohub_CellTracking\experiments\diag_051_public_0942_tracklet_evidence\artifacts\tracklet_evidence/44b6_c50204e0/pair_073_074.npz
Output file downloaded to E:\Project\Biohub_CellTracking\experiments\diag_051_public_0942_tracklet_evidence\artifacts\tracklet_evidence/44b6_c50204e0/pair_074_075.npz
Output file downloaded to E:\Project\Biohub_CellTracking\experiments\diag_051_public_0942_tracklet_evidence\artifacts\tracklet_evidence/44b6_c50204e0/pair_075_076.npz
Output file downloaded to E:\Project\Biohub_CellTracking\experiments\diag_051_public_0942_tracklet_evidence\artifacts\tracklet_evidence/44b6_c50204e0/pair_076_077.npz
Output file downloaded to E:\Project\Biohub_CellTracking\experiments\diag_051_public_0942_tracklet_evidence\artifacts\tracklet_evidence/44b6_c50204e0/pair_077_078.npz
Output file downloaded to E:\Project\Biohub_CellTracking\experiments\diag_051_public_0942_tracklet_evidence\artifacts\tracklet_evidence/44b6_c50204e0/pair_078_079.npz
Output file downloaded to E:\Project\Biohub_CellTracking\experiments\diag_051_public_0942_tracklet_evidence\artifacts\tracklet_evidence/44b6_c50204e0/pair_079_080.npz
Output file downloaded to E:\Project\Biohub_CellTracking\experiments\diag_051_public_0942_tracklet_evidence\artifacts\tracklet_evidence/44b6_c50204e0/pair_080_081.npz
Output file downloaded to E:\Project\Biohub_CellTracking\experiments\diag_051_public_0942_tracklet_evidence\artifacts\tracklet_evidence/44b6_c50204e0/pair_081_082.npz
Output file downloaded to E:\Project\Biohub_CellTracking\experiments\diag_051_public_0942_tracklet_evidence\artifacts\tracklet_evidence/44b6_c50204e0/pair_082_083.npz
Output file downloaded to E:\Project\Biohub_CellTracking\experiments\diag_051_public_0942_tracklet_evidence\artifacts\tracklet_evidence/44b6_c50204e0/pair_083_084.npz
Output file downloaded to E:\Project\Biohub_CellTracking\experiments\diag_051_public_0942_tracklet_evidence\artifacts\tracklet_evidence/44b6_c50204e0/pair_084_085.npz
Output file downloaded to E:\Project\Biohub_CellTracking\experiments\diag_051_public_0942_tracklet_evidence\artifacts\tracklet_evidence/44b6_c50204e0/pair_085_086.npz
Output file downloaded to E:\Project\Biohub_CellTracking\experiments\diag_051_public_0942_tracklet_evidence\artifacts\tracklet_evidence/44b6_c50204e0/pair_086_087.npz
Output file downloaded to E:\Project\Biohub_CellTracking\experiments\diag_051_public_0942_tracklet_evidence\artifacts\tracklet_evidence/44b6_c50204e0/pair_087_088.npz
Output file downloaded to E:\Project\Biohub_CellTracking\experiments\diag_051_public_0942_tracklet_evidence\artifacts\tracklet_evidence/44b6_c50204e0/pair_088_089.npz
Output file downloaded to E:\Project\Biohub_CellTracking\experiments\diag_051_public_0942_tracklet_evidence\artifacts\tracklet_evidence/44b6_c50204e0/pair_089_090.npz
Output file downloaded to E:\Project\Biohub_CellTracking\experiments\diag_051_public_0942_tracklet_evidence\artifacts\tracklet_evidence/44b6_c50204e0/pair_090_091.npz
Output file downloaded to E:\Project\Biohub_CellTracking\experiments\diag_051_public_0942_tracklet_evidence\artifacts\tracklet_evidence/44b6_c50204e0/pair_091_092.npz
Output file downloaded to E:\Project\Biohub_CellTracking\experiments\diag_051_public_0942_tracklet_evidence\artifacts\tracklet_evidence/44b6_c50204e0/pair_092_093.npz
Output file downloaded to E:\Project\Biohub_CellTracking\experiments\diag_051_public_0942_tracklet_evidence\artifacts\tracklet_evidence/44b6_c50204e0/pair_093_094.npz
Output file downloaded to E:\Project\Biohub_CellTracking\experiments\diag_051_public_0942_tracklet_evidence\artifacts\tracklet_evidence/44b6_c50204e0/pair_094_095.npz
Output file downloaded to E:\Project\Biohub_CellTracking\experiments\diag_051_public_0942_tracklet_evidence\artifacts\tracklet_evidence/44b6_c50204e0/pair_095_096.npz
Output file downloaded to E:\Project\Biohub_CellTracking\experiments\diag_051_public_0942_tracklet_evidence\artifacts\tracklet_evidence/44b6_c50204e0/pair_096_097.npz
Output file downloaded to E:\Project\Biohub_CellTracking\experiments\diag_051_public_0942_tracklet_evidence\artifacts\tracklet_evidence/44b6_c50204e0/pair_097_098.npz
Output file downloaded to E:\Project\Biohub_CellTracking\experiments\diag_051_public_0942_tracklet_evidence\artifacts\tracklet_evidence/44b6_c50204e0/pair_098_099.npz
Output file downloaded to E:\Project\Biohub_CellTracking\experiments\diag_051_public_0942_tracklet_evidence\artifacts\tracklet_evidence/44b6_c50204e0/pre_ilp_nodes.npz
Output file downloaded to E:\Project\Biohub_CellTracking\experiments\diag_051_public_0942_tracklet_evidence\artifacts\tracklet_evidence/44b6_c50204e0/raw_post_ilp.json.gz
Output file downloaded to E:\Project\Biohub_CellTracking\experiments\diag_051_public_0942_tracklet_evidence\artifacts\tracklet_evidence/44b6_c50204e0/safe_divisions.json.gz
Output file downloaded to E:\Project\Biohub_CellTracking\experiments\diag_051_public_0942_tracklet_evidence\artifacts\tracklet_evidence/44b6_c50204e0/scorer_matching.json.gz
Output file downloaded to E:\Project\Biohub_CellTracking\experiments\diag_051_public_0942_tracklet_evidence\artifacts\tracklet_evidence/44b6_c50204e0/short_track_filtered.json.gz
Output file downloaded to E:\Project\Biohub_CellTracking\experiments\diag_051_public_0942_tracklet_evidence\artifacts\tracklet_evidence/6bba_0c7fa718/degree_repaired.json.gz
Output file downloaded to E:\Project\Biohub_CellTracking\experiments\diag_051_public_0942_tracklet_evidence\artifacts\tracklet_evidence/6bba_0c7fa718/distance_filtered.json.gz
Output file downloaded to E:\Project\Biohub_CellTracking\experiments\diag_051_public_0942_tracklet_evidence\artifacts\tracklet_evidence/6bba_0c7fa718/final_scored.json.gz
Output file downloaded to E:\Project\Biohub_CellTracking\experiments\diag_051_public_0942_tracklet_evidence\artifacts\tracklet_evidence/6bba_0c7fa718/gap1.json.gz
Output file downloaded to E:\Project\Biohub_CellTracking\experiments\diag_051_public_0942_tracklet_evidence\artifacts\tracklet_evidence/6bba_0c7fa718/gap2.json.gz
Output file downloaded to E:\Project\Biohub_CellTracking\experiments\diag_051_public_0942_tracklet_evidence\artifacts\tracklet_evidence/6bba_0c7fa718/geometry_and_isolated.json.gz
Output file downloaded to E:\Project\Biohub_CellTracking\experiments\diag_051_public_0942_tracklet_evidence\artifacts\tracklet_evidence/6bba_0c7fa718/motion_relinked.json.gz
Output file downloaded to E:\Project\Biohub_CellTracking\experiments\diag_051_public_0942_tracklet_evidence\artifacts\tracklet_evidence/6bba_0c7fa718/pair_000_001.npz
Output file downloaded to E:\Project\Biohub_CellTracking\experiments\diag_051_public_0942_tracklet_evidence\artifacts\tracklet_evidence/6bba_0c7fa718/pair_001_002.npz
Output file downloaded to E:\Project\Biohub_CellTracking\experiments\diag_051_public_0942_tracklet_evidence\artifacts\tracklet_evidence/6bba_0c7fa718/pair_002_003.npz
Output file downloaded to E:\Project\Biohub_CellTracking\experiments\diag_051_public_0942_tracklet_evidence\artifacts\tracklet_evidence/6bba_0c7fa718/pair_003_004.npz
Output file downloaded to E:\Project\Biohub_CellTracking\experiments\diag_051_public_0942_tracklet_evidence\artifacts\tracklet_evidence/6bba_0c7fa718/pair_004_005.npz
Output file downloaded to E:\Project\Biohub_CellTracking\experiments\diag_051_public_0942_tracklet_evidence\artifacts\tracklet_evidence/6bba_0c7fa718/pair_005_006.npz
Output file downloaded to E:\Project\Biohub_CellTracking\experiments\diag_051_public_0942_tracklet_evidence\artifacts\tracklet_evidence/6bba_0c7fa718/pair_006_007.npz
Output file downloaded to E:\Project\Biohub_CellTracking\experiments\diag_051_public_0942_tracklet_evidence\artifacts\tracklet_evidence/6bba_0c7fa718/pair_007_008.npz
Output file downloaded to E:\Project\Biohub_CellTracking\experiments\diag_051_public_0942_tracklet_evidence\artifacts\tracklet_evidence/6bba_0c7fa718/pair_008_009.npz
Output file downloaded to E:\Project\Biohub_CellTracking\experiments\diag_051_public_0942_tracklet_evidence\artifacts\tracklet_evidence/6bba_0c7fa718/pair_009_010.npz
Output file downloaded to E:\Project\Biohub_CellTracking\experiments\diag_051_public_0942_tracklet_evidence\artifacts\tracklet_evidence/6bba_0c7fa718/pair_010_011.npz
Output file downloaded to E:\Project\Biohub_CellTracking\experiments\diag_051_public_0942_tracklet_evidence\artifacts\tracklet_evidence/6bba_0c7fa718/pair_011_012.npz
Output file downloaded to E:\Project\Biohub_CellTracking\experiments\diag_051_public_0942_tracklet_evidence\artifacts\tracklet_evidence/6bba_0c7fa718/pair_012_013.npz
Output file downloaded to E:\Project\Biohub_CellTracking\experiments\diag_051_public_0942_tracklet_evidence\artifacts\tracklet_evidence/6bba_0c7fa718/pair_013_014.npz
Output file downloaded to E:\Project\Biohub_CellTracking\experiments\diag_051_public_0942_tracklet_evidence\artifacts\tracklet_evidence/6bba_0c7fa718/pair_014_015.npz
Output file downloaded to E:\Project\Biohub_CellTracking\experiments\diag_051_public_0942_tracklet_evidence\artifacts\tracklet_evidence/6bba_0c7fa718/pair_015_016.npz
Output file downloaded to E:\Project\Biohub_CellTracking\experiments\diag_051_public_0942_tracklet_evidence\artifacts\tracklet_evidence/6bba_0c7fa718/pair_016_017.npz
Output file downloaded to E:\Project\Biohub_CellTracking\experiments\diag_051_public_0942_tracklet_evidence\artifacts\tracklet_evidence/6bba_0c7fa718/pair_017_018.npz
Output file downloaded to E:\Project\Biohub_CellTracking\experiments\diag_051_public_0942_tracklet_evidence\artifacts\tracklet_evidence/6bba_0c7fa718/pair_018_019.npz
Output file downloaded to E:\Project\Biohub_CellTracking\experiments\diag_051_public_0942_tracklet_evidence\artifacts\tracklet_evidence/6bba_0c7fa718/pair_019_020.npz
Output file downloaded to E:\Project\Biohub_CellTracking\experiments\diag_051_public_0942_tracklet_evidence\artifacts\tracklet_evidence/6bba_0c7fa718/pair_020_021.npz
Output file downloaded to E:\Project\Biohub_CellTracking\experiments\diag_051_public_0942_tracklet_evidence\artifacts\tracklet_evidence/6bba_0c7fa718/pair_021_022.npz
Output file downloaded to E:\Project\Biohub_CellTracking\experiments\diag_051_public_0942_tracklet_evidence\artifacts\tracklet_evidence/6bba_0c7fa718/pair_022_023.npz
Output file downloaded to E:\Project\Biohub_CellTracking\experiments\diag_051_public_0942_tracklet_evidence\artifacts\tracklet_evidence/6bba_0c7fa718/pair_023_024.npz
Output file downloaded to E:\Project\Biohub_CellTracking\experiments\diag_051_public_0942_tracklet_evidence\artifacts\tracklet_evidence/6bba_0c7fa718/pair_024_025.npz
Output file downloaded to E:\Project\Biohub_CellTracking\experiments\diag_051_public_0942_tracklet_evidence\artifacts\tracklet_evidence/6bba_0c7fa718/pair_025_026.npz
Output file downloaded to E:\Project\Biohub_CellTracking\experiments\diag_051_public_0942_tracklet_evidence\artifacts\tracklet_evidence/6bba_0c7fa718/pair_026_027.npz
Output file downloaded to E:\Project\Biohub_CellTracking\experiments\diag_051_public_0942_tracklet_evidence\artifacts\tracklet_evidence/6bba_0c7fa718/pair_027_028.npz
Output file downloaded to E:\Project\Biohub_CellTracking\experiments\diag_051_public_0942_tracklet_evidence\artifacts\tracklet_evidence/6bba_0c7fa718/pair_028_029.npz
Output file downloaded to E:\Project\Biohub_CellTracking\experiments\diag_051_public_0942_tracklet_evidence\artifacts\tracklet_evidence/6bba_0c7fa718/pair_029_030.npz
Output file downloaded to E:\Project\Biohub_CellTracking\experiments\diag_051_public_0942_tracklet_evidence\artifacts\tracklet_evidence/6bba_0c7fa718/pair_030_031.npz
Output file downloaded to E:\Project\Biohub_CellTracking\experiments\diag_051_public_0942_tracklet_evidence\artifacts\tracklet_evidence/6bba_0c7fa718/pair_031_032.npz
Output file downloaded to E:\Project\Biohub_CellTracking\experiments\diag_051_public_0942_tracklet_evidence\artifacts\tracklet_evidence/6bba_0c7fa718/pair_032_033.npz
Output file downloaded to E:\Project\Biohub_CellTracking\experiments\diag_051_public_0942_tracklet_evidence\artifacts\tracklet_evidence/6bba_0c7fa718/pair_033_034.npz
Output file downloaded to E:\Project\Biohub_CellTracking\experiments\diag_051_public_0942_tracklet_evidence\artifacts\tracklet_evidence/6bba_0c7fa718/pair_034_035.npz
Output file downloaded to E:\Project\Biohub_CellTracking\experiments\diag_051_public_0942_tracklet_evidence\artifacts\tracklet_evidence/6bba_0c7fa718/pair_035_036.npz
Output file downloaded to E:\Project\Biohub_CellTracking\experiments\diag_051_public_0942_tracklet_evidence\artifacts\tracklet_evidence/6bba_0c7fa718/pair_036_037.npz
Output file downloaded to E:\Project\Biohub_CellTracking\experiments\diag_051_public_0942_tracklet_evidence\artifacts\tracklet_evidence/6bba_0c7fa718/pair_037_038.npz
Output file downloaded to E:\Project\Biohub_CellTracking\experiments\diag_051_public_0942_tracklet_evidence\artifacts\tracklet_evidence/6bba_0c7fa718/pair_038_039.npz
Output file downloaded to E:\Project\Biohub_CellTracking\experiments\diag_051_public_0942_tracklet_evidence\artifacts\tracklet_evidence/6bba_0c7fa718/pair_039_040.npz
Output file downloaded to E:\Project\Biohub_CellTracking\experiments\diag_051_public_0942_tracklet_evidence\artifacts\tracklet_evidence/6bba_0c7fa718/pair_040_041.npz
Output file downloaded to E:\Project\Biohub_CellTracking\experiments\diag_051_public_0942_tracklet_evidence\artifacts\tracklet_evidence/6bba_0c7fa718/pair_041_042.npz
Output file downloaded to E:\Project\Biohub_CellTracking\experiments\diag_051_public_0942_tracklet_evidence\artifacts\tracklet_evidence/6bba_0c7fa718/pair_042_043.npz
Output file downloaded to E:\Project\Biohub_CellTracking\experiments\diag_051_public_0942_tracklet_evidence\artifacts\tracklet_evidence/6bba_0c7fa718/pair_043_044.npz
Output file downloaded to E:\Project\Biohub_CellTracking\experiments\diag_051_public_0942_tracklet_evidence\artifacts\tracklet_evidence/6bba_0c7fa718/pair_044_045.npz
Output file downloaded to E:\Project\Biohub_CellTracking\experiments\diag_051_public_0942_tracklet_evidence\artifacts\tracklet_evidence/6bba_0c7fa718/pair_045_046.npz
Output file downloaded to E:\Project\Biohub_CellTracking\experiments\diag_051_public_0942_tracklet_evidence\artifacts\tracklet_evidence/6bba_0c7fa718/pair_046_047.npz
Output file downloaded to E:\Project\Biohub_CellTracking\experiments\diag_051_public_0942_tracklet_evidence\artifacts\tracklet_evidence/6bba_0c7fa718/pair_047_048.npz
Output file downloaded to E:\Project\Biohub_CellTracking\experiments\diag_051_public_0942_tracklet_evidence\artifacts\tracklet_evidence/6bba_0c7fa718/pair_048_049.npz
Output file downloaded to E:\Project\Biohub_CellTracking\experiments\diag_051_public_0942_tracklet_evidence\artifacts\tracklet_evidence/6bba_0c7fa718/pair_049_050.npz
Output file downloaded to E:\Project\Biohub_CellTracking\experiments\diag_051_public_0942_tracklet_evidence\artifacts\tracklet_evidence/6bba_0c7fa718/pair_050_051.npz
Output file downloaded to E:\Project\Biohub_CellTracking\experiments\diag_051_public_0942_tracklet_evidence\artifacts\tracklet_evidence/6bba_0c7fa718/pair_051_052.npz
Output file downloaded to E:\Project\Biohub_CellTracking\experiments\diag_051_public_0942_tracklet_evidence\artifacts\tracklet_evidence/6bba_0c7fa718/pair_052_053.npz
Output file downloaded to E:\Project\Biohub_CellTracking\experiments\diag_051_public_0942_tracklet_evidence\artifacts\tracklet_evidence/6bba_0c7fa718/pair_053_054.npz
Output file downloaded to E:\Project\Biohub_CellTracking\experiments\diag_051_public_0942_tracklet_evidence\artifacts\tracklet_evidence/6bba_0c7fa718/pair_054_055.npz
Output file downloaded to E:\Project\Biohub_CellTracking\experiments\diag_051_public_0942_tracklet_evidence\artifacts\tracklet_evidence/6bba_0c7fa718/pair_055_056.npz
Output file downloaded to E:\Project\Biohub_CellTracking\experiments\diag_051_public_0942_tracklet_evidence\artifacts\tracklet_evidence/6bba_0c7fa718/pair_056_057.npz
Output file downloaded to E:\Project\Biohub_CellTracking\experiments\diag_051_public_0942_tracklet_evidence\artifacts\tracklet_evidence/6bba_0c7fa718/pair_057_058.npz
Output file downloaded to E:\Project\Biohub_CellTracking\experiments\diag_051_public_0942_tracklet_evidence\artifacts\tracklet_evidence/6bba_0c7fa718/pair_058_059.npz
Output file downloaded to E:\Project\Biohub_CellTracking\experiments\diag_051_public_0942_tracklet_evidence\artifacts\tracklet_evidence/6bba_0c7fa718/pair_059_060.npz
Output file downloaded to E:\Project\Biohub_CellTracking\experiments\diag_051_public_0942_tracklet_evidence\artifacts\tracklet_evidence/6bba_0c7fa718/pair_060_061.npz
Output file downloaded to E:\Project\Biohub_CellTracking\experiments\diag_051_public_0942_tracklet_evidence\artifacts\tracklet_evidence/6bba_0c7fa718/pair_061_062.npz
Output file downloaded to E:\Project\Biohub_CellTracking\experiments\diag_051_public_0942_tracklet_evidence\artifacts\tracklet_evidence/6bba_0c7fa718/pair_062_063.npz
Output file downloaded to E:\Project\Biohub_CellTracking\experiments\diag_051_public_0942_tracklet_evidence\artifacts\tracklet_evidence/6bba_0c7fa718/pair_063_064.npz
Output file downloaded to E:\Project\Biohub_CellTracking\experiments\diag_051_public_0942_tracklet_evidence\artifacts\tracklet_evidence/6bba_0c7fa718/pair_064_065.npz
Output file downloaded to E:\Project\Biohub_CellTracking\experiments\diag_051_public_0942_tracklet_evidence\artifacts\tracklet_evidence/6bba_0c7fa718/pair_065_066.npz
Output file downloaded to E:\Project\Biohub_CellTracking\experiments\diag_051_public_0942_tracklet_evidence\artifacts\tracklet_evidence/6bba_0c7fa718/pair_066_067.npz
Output file downloaded to E:\Project\Biohub_CellTracking\experiments\diag_051_public_0942_tracklet_evidence\artifacts\tracklet_evidence/6bba_0c7fa718/pair_067_068.npz
Output file downloaded to E:\Project\Biohub_CellTracking\experiments\diag_051_public_0942_tracklet_evidence\artifacts\tracklet_evidence/6bba_0c7fa718/pair_068_069.npz
Output file downloaded to E:\Project\Biohub_CellTracking\experiments\diag_051_public_0942_tracklet_evidence\artifacts\tracklet_evidence/6bba_0c7fa718/pair_069_070.npz
Output file downloaded to E:\Project\Biohub_CellTracking\experiments\diag_051_public_0942_tracklet_evidence\artifacts\tracklet_evidence/6bba_0c7fa718/pair_070_071.npz
Output file downloaded to E:\Project\Biohub_CellTracking\experiments\diag_051_public_0942_tracklet_evidence\artifacts\tracklet_evidence/6bba_0c7fa718/pair_071_072.npz
Output file downloaded to E:\Project\Biohub_CellTracking\experiments\diag_051_public_0942_tracklet_evidence\artifacts\tracklet_evidence/6bba_0c7fa718/pair_072_073.npz
Output file downloaded to E:\Project\Biohub_CellTracking\experiments\diag_051_public_0942_tracklet_evidence\artifacts\tracklet_evidence/6bba_0c7fa718/pair_073_074.npz
Output file downloaded to E:\Project\Biohub_CellTracking\experiments\diag_051_public_0942_tracklet_evidence\artifacts\tracklet_evidence/6bba_0c7fa718/pair_074_075.npz
Output file downloaded to E:\Project\Biohub_CellTracking\experiments\diag_051_public_0942_tracklet_evidence\artifacts\tracklet_evidence/6bba_0c7fa718/pair_075_076.npz
Output file downloaded to E:\Project\Biohub_CellTracking\experiments\diag_051_public_0942_tracklet_evidence\artifacts\tracklet_evidence/6bba_0c7fa718/pair_076_077.npz
Output file downloaded to E:\Project\Biohub_CellTracking\experiments\diag_051_public_0942_tracklet_evidence\artifacts\tracklet_evidence/6bba_0c7fa718/pair_077_078.npz
Output file downloaded to E:\Project\Biohub_CellTracking\experiments\diag_051_public_0942_tracklet_evidence\artifacts\tracklet_evidence/6bba_0c7fa718/pair_078_079.npz
Output file downloaded to E:\Project\Biohub_CellTracking\experiments\diag_051_public_0942_tracklet_evidence\artifacts\tracklet_evidence/6bba_0c7fa718/pair_079_080.npz
Output file downloaded to E:\Project\Biohub_CellTracking\experiments\diag_051_public_0942_tracklet_evidence\artifacts\tracklet_evidence/6bba_0c7fa718/pair_080_081.npz
Output file downloaded to E:\Project\Biohub_CellTracking\experiments\diag_051_public_0942_tracklet_evidence\artifacts\tracklet_evidence/6bba_0c7fa718/pair_081_082.npz
Output file downloaded to E:\Project\Biohub_CellTracking\experiments\diag_051_public_0942_tracklet_evidence\artifacts\tracklet_evidence/6bba_0c7fa718/pair_082_083.npz
Output file downloaded to E:\Project\Biohub_CellTracking\experiments\diag_051_public_0942_tracklet_evidence\artifacts\tracklet_evidence/6bba_0c7fa718/pair_083_084.npz
Output file downloaded to E:\Project\Biohub_CellTracking\experiments\diag_051_public_0942_tracklet_evidence\artifacts\tracklet_evidence/6bba_0c7fa718/pair_084_085.npz
Output file downloaded to E:\Project\Biohub_CellTracking\experiments\diag_051_public_0942_tracklet_evidence\artifacts\tracklet_evidence/6bba_0c7fa718/pair_085_086.npz
Output file downloaded to E:\Project\Biohub_CellTracking\experiments\diag_051_public_0942_tracklet_evidence\artifacts\tracklet_evidence/6bba_0c7fa718/pair_086_087.npz
Output file downloaded to E:\Project\Biohub_CellTracking\experiments\diag_051_public_0942_tracklet_evidence\artifacts\tracklet_evidence/6bba_0c7fa718/pair_087_088.npz
Output file downloaded to E:\Project\Biohub_CellTracking\experiments\diag_051_public_0942_tracklet_evidence\artifacts\tracklet_evidence/6bba_0c7fa718/pair_088_089.npz
Output file downloaded to E:\Project\Biohub_CellTracking\experiments\diag_051_public_0942_tracklet_evidence\artifacts\tracklet_evidence/6bba_0c7fa718/pair_089_090.npz
Output file downloaded to E:\Project\Biohub_CellTracking\experiments\diag_051_public_0942_tracklet_evidence\artifacts\tracklet_evidence/6bba_0c7fa718/pair_090_091.npz
Output file downloaded to E:\Project\Biohub_CellTracking\experiments\diag_051_public_0942_tracklet_evidence\artifacts\tracklet_evidence/6bba_0c7fa718/pair_091_092.npz
Output file downloaded to E:\Project\Biohub_CellTracking\experiments\diag_051_public_0942_tracklet_evidence\artifacts\tracklet_evidence/6bba_0c7fa718/pair_092_093.npz
Output file downloaded to E:\Project\Biohub_CellTracking\experiments\diag_051_public_0942_tracklet_evidence\artifacts\tracklet_evidence/6bba_0c7fa718/pair_093_094.npz
Output file downloaded to E:\Project\Biohub_CellTracking\experiments\diag_051_public_0942_tracklet_evidence\artifacts\tracklet_evidence/6bba_0c7fa718/pair_094_095.npz
Output file downloaded to E:\Project\Biohub_CellTracking\experiments\diag_051_public_0942_tracklet_evidence\artifacts\tracklet_evidence/6bba_0c7fa718/pair_095_096.npz
Output file downloaded to E:\Project\Biohub_CellTracking\experiments\diag_051_public_0942_tracklet_evidence\artifacts\tracklet_evidence/6bba_0c7fa718/pair_096_097.npz
Output file downloaded to E:\Project\Biohub_CellTracking\experiments\diag_051_public_0942_tracklet_evidence\artifacts\tracklet_evidence/6bba_0c7fa718/pair_097_098.npz
Output file downloaded to E:\Project\Biohub_CellTracking\experiments\diag_051_public_0942_tracklet_evidence\artifacts\tracklet_evidence/6bba_0c7fa718/pair_098_099.npz
Output file downloaded to E:\Project\Biohub_CellTracking\experiments\diag_051_public_0942_tracklet_evidence\artifacts\tracklet_evidence/6bba_0c7fa718/pre_ilp_nodes.npz
Output file downloaded to E:\Project\Biohub_CellTracking\experiments\diag_051_public_0942_tracklet_evidence\artifacts\tracklet_evidence/6bba_0c7fa718/raw_post_ilp.json.gz
Output file downloaded to E:\Project\Biohub_CellTracking\experiments\diag_051_public_0942_tracklet_evidence\artifacts\tracklet_evidence/6bba_0c7fa718/safe_divisions.json.gz
Output file downloaded to E:\Project\Biohub_CellTracking\experiments\diag_051_public_0942_tracklet_evidence\artifacts\tracklet_evidence/6bba_0c7fa718/scorer_matching.json.gz
Output file downloaded to E:\Project\Biohub_CellTracking\experiments\diag_051_public_0942_tracklet_evidence\artifacts\tracklet_evidence/6bba_0c7fa718/short_track_filtered.json.gz
Output file downloaded to E:\Project\Biohub_CellTracking\experiments\diag_051_public_0942_tracklet_evidence\artifacts\tracklet_evidence/6bba_283bf9f1/degree_repaired.json.gz
Output file downloaded to E:\Project\Biohub_CellTracking\experiments\diag_051_public_0942_tracklet_evidence\artifacts\tracklet_evidence/6bba_283bf9f1/distance_filtered.json.gz
Output file downloaded to E:\Project\Biohub_CellTracking\experiments\diag_051_public_0942_tracklet_evidence\artifacts\tracklet_evidence/6bba_283bf9f1/final_scored.json.gz
Output file downloaded to E:\Project\Biohub_CellTracking\experiments\diag_051_public_0942_tracklet_evidence\artifacts\tracklet_evidence/6bba_283bf9f1/gap1.json.gz
Output file downloaded to E:\Project\Biohub_CellTracking\experiments\diag_051_public_0942_tracklet_evidence\artifacts\tracklet_evidence/6bba_283bf9f1/gap2.json.gz
Output file downloaded to E:\Project\Biohub_CellTracking\experiments\diag_051_public_0942_tracklet_evidence\artifacts\tracklet_evidence/6bba_283bf9f1/geometry_and_isolated.json.gz
Output file downloaded to E:\Project\Biohub_CellTracking\experiments\diag_051_public_0942_tracklet_evidence\artifacts\tracklet_evidence/6bba_283bf9f1/motion_relinked.json.gz
Output file downloaded to E:\Project\Biohub_CellTracking\experiments\diag_051_public_0942_tracklet_evidence\artifacts\tracklet_evidence/6bba_283bf9f1/pair_000_001.npz
Output file downloaded to E:\Project\Biohub_CellTracking\experiments\diag_051_public_0942_tracklet_evidence\artifacts\tracklet_evidence/6bba_283bf9f1/pair_001_002.npz
Output file downloaded to E:\Project\Biohub_CellTracking\experiments\diag_051_public_0942_tracklet_evidence\artifacts\tracklet_evidence/6bba_283bf9f1/pair_002_003.npz
Output file downloaded to E:\Project\Biohub_CellTracking\experiments\diag_051_public_0942_tracklet_evidence\artifacts\tracklet_evidence/6bba_283bf9f1/pair_003_004.npz
Output file downloaded to E:\Project\Biohub_CellTracking\experiments\diag_051_public_0942_tracklet_evidence\artifacts\tracklet_evidence/6bba_283bf9f1/pair_004_005.npz
Output file downloaded to E:\Project\Biohub_CellTracking\experiments\diag_051_public_0942_tracklet_evidence\artifacts\tracklet_evidence/6bba_283bf9f1/pair_005_006.npz
Output file downloaded to E:\Project\Biohub_CellTracking\experiments\diag_051_public_0942_tracklet_evidence\artifacts\tracklet_evidence/6bba_283bf9f1/pair_006_007.npz
Output file downloaded to E:\Project\Biohub_CellTracking\experiments\diag_051_public_0942_tracklet_evidence\artifacts\tracklet_evidence/6bba_283bf9f1/pair_007_008.npz
Output file downloaded to E:\Project\Biohub_CellTracking\experiments\diag_051_public_0942_tracklet_evidence\artifacts\tracklet_evidence/6bba_283bf9f1/pair_008_009.npz
Output file downloaded to E:\Project\Biohub_CellTracking\experiments\diag_051_public_0942_tracklet_evidence\artifacts\tracklet_evidence/6bba_283bf9f1/pair_009_010.npz
Output file downloaded to E:\Project\Biohub_CellTracking\experiments\diag_051_public_0942_tracklet_evidence\artifacts\tracklet_evidence/6bba_283bf9f1/pair_010_011.npz
Output file downloaded to E:\Project\Biohub_CellTracking\experiments\diag_051_public_0942_tracklet_evidence\artifacts\tracklet_evidence/6bba_283bf9f1/pair_011_012.npz
Output file downloaded to E:\Project\Biohub_CellTracking\experiments\diag_051_public_0942_tracklet_evidence\artifacts\tracklet_evidence/6bba_283bf9f1/pair_012_013.npz
Output file downloaded to E:\Project\Biohub_CellTracking\experiments\diag_051_public_0942_tracklet_evidence\artifacts\tracklet_evidence/6bba_283bf9f1/pair_013_014.npz
Output file downloaded to E:\Project\Biohub_CellTracking\experiments\diag_051_public_0942_tracklet_evidence\artifacts\tracklet_evidence/6bba_283bf9f1/pair_014_015.npz
Output file downloaded to E:\Project\Biohub_CellTracking\experiments\diag_051_public_0942_tracklet_evidence\artifacts\tracklet_evidence/6bba_283bf9f1/pair_015_016.npz
Output file downloaded to E:\Project\Biohub_CellTracking\experiments\diag_051_public_0942_tracklet_evidence\artifacts\tracklet_evidence/6bba_283bf9f1/pair_016_017.npz
Output file downloaded to E:\Project\Biohub_CellTracking\experiments\diag_051_public_0942_tracklet_evidence\artifacts\tracklet_evidence/6bba_283bf9f1/pair_017_018.npz
Output file downloaded to E:\Project\Biohub_CellTracking\experiments\diag_051_public_0942_tracklet_evidence\artifacts\tracklet_evidence/6bba_283bf9f1/pair_018_019.npz
Output file downloaded to E:\Project\Biohub_CellTracking\experiments\diag_051_public_0942_tracklet_evidence\artifacts\tracklet_evidence/6bba_283bf9f1/pair_019_020.npz
Output file downloaded to E:\Project\Biohub_CellTracking\experiments\diag_051_public_0942_tracklet_evidence\artifacts\tracklet_evidence/6bba_283bf9f1/pair_020_021.npz
Output file downloaded to E:\Project\Biohub_CellTracking\experiments\diag_051_public_0942_tracklet_evidence\artifacts\tracklet_evidence/6bba_283bf9f1/pair_021_022.npz
Output file downloaded to E:\Project\Biohub_CellTracking\experiments\diag_051_public_0942_tracklet_evidence\artifacts\tracklet_evidence/6bba_283bf9f1/pair_022_023.npz
Output file downloaded to E:\Project\Biohub_CellTracking\experiments\diag_051_public_0942_tracklet_evidence\artifacts\tracklet_evidence/6bba_283bf9f1/pair_023_024.npz
Output file downloaded to E:\Project\Biohub_CellTracking\experiments\diag_051_public_0942_tracklet_evidence\artifacts\tracklet_evidence/6bba_283bf9f1/pair_024_025.npz
Output file downloaded to E:\Project\Biohub_CellTracking\experiments\diag_051_public_0942_tracklet_evidence\artifacts\tracklet_evidence/6bba_283bf9f1/pair_025_026.npz
Output file downloaded to E:\Project\Biohub_CellTracking\experiments\diag_051_public_0942_tracklet_evidence\artifacts\tracklet_evidence/6bba_283bf9f1/pair_026_027.npz
Output file downloaded to E:\Project\Biohub_CellTracking\experiments\diag_051_public_0942_tracklet_evidence\artifacts\tracklet_evidence/6bba_283bf9f1/pair_027_028.npz
Output file downloaded to E:\Project\Biohub_CellTracking\experiments\diag_051_public_0942_tracklet_evidence\artifacts\tracklet_evidence/6bba_283bf9f1/pair_028_029.npz
Output file downloaded to E:\Project\Biohub_CellTracking\experiments\diag_051_public_0942_tracklet_evidence\artifacts\tracklet_evidence/6bba_283bf9f1/pair_029_030.npz
Output file downloaded to E:\Project\Biohub_CellTracking\experiments\diag_051_public_0942_tracklet_evidence\artifacts\tracklet_evidence/6bba_283bf9f1/pair_030_031.npz
Output file downloaded to E:\Project\Biohub_CellTracking\experiments\diag_051_public_0942_tracklet_evidence\artifacts\tracklet_evidence/6bba_283bf9f1/pair_031_032.npz
Output file downloaded to E:\Project\Biohub_CellTracking\experiments\diag_051_public_0942_tracklet_evidence\artifacts\tracklet_evidence/6bba_283bf9f1/pair_032_033.npz
Output file downloaded to E:\Project\Biohub_CellTracking\experiments\diag_051_public_0942_tracklet_evidence\artifacts\tracklet_evidence/6bba_283bf9f1/pair_033_034.npz
Output file downloaded to E:\Project\Biohub_CellTracking\experiments\diag_051_public_0942_tracklet_evidence\artifacts\tracklet_evidence/6bba_283bf9f1/pair_034_035.npz
Output file downloaded to E:\Project\Biohub_CellTracking\experiments\diag_051_public_0942_tracklet_evidence\artifacts\tracklet_evidence/6bba_283bf9f1/pair_035_036.npz
Output file downloaded to E:\Project\Biohub_CellTracking\experiments\diag_051_public_0942_tracklet_evidence\artifacts\tracklet_evidence/6bba_283bf9f1/pair_036_037.npz
Output file downloaded to E:\Project\Biohub_CellTracking\experiments\diag_051_public_0942_tracklet_evidence\artifacts\tracklet_evidence/6bba_283bf9f1/pair_037_038.npz
Output file downloaded to E:\Project\Biohub_CellTracking\experiments\diag_051_public_0942_tracklet_evidence\artifacts\tracklet_evidence/6bba_283bf9f1/pair_038_039.npz
Output file downloaded to E:\Project\Biohub_CellTracking\experiments\diag_051_public_0942_tracklet_evidence\artifacts\tracklet_evidence/6bba_283bf9f1/pair_039_040.npz
Output file downloaded to E:\Project\Biohub_CellTracking\experiments\diag_051_public_0942_tracklet_evidence\artifacts\tracklet_evidence/6bba_283bf9f1/pair_040_041.npz
Output file downloaded to E:\Project\Biohub_CellTracking\experiments\diag_051_public_0942_tracklet_evidence\artifacts\tracklet_evidence/6bba_283bf9f1/pair_041_042.npz
Output file downloaded to E:\Project\Biohub_CellTracking\experiments\diag_051_public_0942_tracklet_evidence\artifacts\tracklet_evidence/6bba_283bf9f1/pair_042_043.npz
Output file downloaded to E:\Project\Biohub_CellTracking\experiments\diag_051_public_0942_tracklet_evidence\artifacts\tracklet_evidence/6bba_283bf9f1/pair_043_044.npz
Output file downloaded to E:\Project\Biohub_CellTracking\experiments\diag_051_public_0942_tracklet_evidence\artifacts\tracklet_evidence/6bba_283bf9f1/pair_044_045.npz
Output file downloaded to E:\Project\Biohub_CellTracking\experiments\diag_051_public_0942_tracklet_evidence\artifacts\tracklet_evidence/6bba_283bf9f1/pair_045_046.npz
Output file downloaded to E:\Project\Biohub_CellTracking\experiments\diag_051_public_0942_tracklet_evidence\artifacts\tracklet_evidence/6bba_283bf9f1/pair_046_047.npz
Output file downloaded to E:\Project\Biohub_CellTracking\experiments\diag_051_public_0942_tracklet_evidence\artifacts\tracklet_evidence/6bba_283bf9f1/pair_047_048.npz
Output file downloaded to E:\Project\Biohub_CellTracking\experiments\diag_051_public_0942_tracklet_evidence\artifacts\tracklet_evidence/6bba_283bf9f1/pair_048_049.npz
Output file downloaded to E:\Project\Biohub_CellTracking\experiments\diag_051_public_0942_tracklet_evidence\artifacts\tracklet_evidence/6bba_283bf9f1/pair_049_050.npz
Output file downloaded to E:\Project\Biohub_CellTracking\experiments\diag_051_public_0942_tracklet_evidence\artifacts\tracklet_evidence/6bba_283bf9f1/pair_050_051.npz
Output file downloaded to E:\Project\Biohub_CellTracking\experiments\diag_051_public_0942_tracklet_evidence\artifacts\tracklet_evidence/6bba_283bf9f1/pair_051_052.npz
Output file downloaded to E:\Project\Biohub_CellTracking\experiments\diag_051_public_0942_tracklet_evidence\artifacts\tracklet_evidence/6bba_283bf9f1/pair_052_053.npz
Output file downloaded to E:\Project\Biohub_CellTracking\experiments\diag_051_public_0942_tracklet_evidence\artifacts\tracklet_evidence/6bba_283bf9f1/pair_053_054.npz
Output file downloaded to E:\Project\Biohub_CellTracking\experiments\diag_051_public_0942_tracklet_evidence\artifacts\tracklet_evidence/6bba_283bf9f1/pair_054_055.npz
Output file downloaded to E:\Project\Biohub_CellTracking\experiments\diag_051_public_0942_tracklet_evidence\artifacts\tracklet_evidence/6bba_283bf9f1/pair_055_056.npz
Output file downloaded to E:\Project\Biohub_CellTracking\experiments\diag_051_public_0942_tracklet_evidence\artifacts\tracklet_evidence/6bba_283bf9f1/pair_056_057.npz
Output file downloaded to E:\Project\Biohub_CellTracking\experiments\diag_051_public_0942_tracklet_evidence\artifacts\tracklet_evidence/6bba_283bf9f1/pair_057_058.npz
Output file downloaded to E:\Project\Biohub_CellTracking\experiments\diag_051_public_0942_tracklet_evidence\artifacts\tracklet_evidence/6bba_283bf9f1/pair_058_059.npz
Output file downloaded to E:\Project\Biohub_CellTracking\experiments\diag_051_public_0942_tracklet_evidence\artifacts\tracklet_evidence/6bba_283bf9f1/pair_059_060.npz
Output file downloaded to E:\Project\Biohub_CellTracking\experiments\diag_051_public_0942_tracklet_evidence\artifacts\tracklet_evidence/6bba_283bf9f1/pair_060_061.npz
Output file downloaded to E:\Project\Biohub_CellTracking\experiments\diag_051_public_0942_tracklet_evidence\artifacts\tracklet_evidence/6bba_283bf9f1/pair_061_062.npz
Output file downloaded to E:\Project\Biohub_CellTracking\experiments\diag_051_public_0942_tracklet_evidence\artifacts\tracklet_evidence/6bba_283bf9f1/pair_062_063.npz
Output file downloaded to E:\Project\Biohub_CellTracking\experiments\diag_051_public_0942_tracklet_evidence\artifacts\tracklet_evidence/6bba_283bf9f1/pair_063_064.npz
Output file downloaded to E:\Project\Biohub_CellTracking\experiments\diag_051_public_0942_tracklet_evidence\artifacts\tracklet_evidence/6bba_283bf9f1/pair_064_065.npz
Output file downloaded to E:\Project\Biohub_CellTracking\experiments\diag_051_public_0942_tracklet_evidence\artifacts\tracklet_evidence/6bba_283bf9f1/pair_065_066.npz
Output file downloaded to E:\Project\Biohub_CellTracking\experiments\diag_051_public_0942_tracklet_evidence\artifacts\tracklet_evidence/6bba_283bf9f1/pair_066_067.npz
Output file downloaded to E:\Project\Biohub_CellTracking\experiments\diag_051_public_0942_tracklet_evidence\artifacts\tracklet_evidence/6bba_283bf9f1/pair_067_068.npz
Output file downloaded to E:\Project\Biohub_CellTracking\experiments\diag_051_public_0942_tracklet_evidence\artifacts\tracklet_evidence/6bba_283bf9f1/pair_068_069.npz
Output file downloaded to E:\Project\Biohub_CellTracking\experiments\diag_051_public_0942_tracklet_evidence\artifacts\tracklet_evidence/6bba_283bf9f1/pair_069_070.npz
Output file downloaded to E:\Project\Biohub_CellTracking\experiments\diag_051_public_0942_tracklet_evidence\artifacts\tracklet_evidence/6bba_283bf9f1/pair_070_071.npz
Output file downloaded to E:\Project\Biohub_CellTracking\experiments\diag_051_public_0942_tracklet_evidence\artifacts\tracklet_evidence/6bba_283bf9f1/pair_071_072.npz
Output file downloaded to E:\Project\Biohub_CellTracking\experiments\diag_051_public_0942_tracklet_evidence\artifacts\tracklet_evidence/6bba_283bf9f1/pair_072_073.npz
Output file downloaded to E:\Project\Biohub_CellTracking\experiments\diag_051_public_0942_tracklet_evidence\artifacts\tracklet_evidence/6bba_283bf9f1/pair_073_074.npz
Output file downloaded to E:\Project\Biohub_CellTracking\experiments\diag_051_public_0942_tracklet_evidence\artifacts\tracklet_evidence/6bba_283bf9f1/pair_074_075.npz
Output file downloaded to E:\Project\Biohub_CellTracking\experiments\diag_051_public_0942_tracklet_evidence\artifacts\tracklet_evidence/6bba_283bf9f1/pair_075_076.npz
Output file downloaded to E:\Project\Biohub_CellTracking\experiments\diag_051_public_0942_tracklet_evidence\artifacts\tracklet_evidence/6bba_283bf9f1/pair_076_077.npz
Output file downloaded to E:\Project\Biohub_CellTracking\experiments\diag_051_public_0942_tracklet_evidence\artifacts\tracklet_evidence/6bba_283bf9f1/pair_077_078.npz
Output file downloaded to E:\Project\Biohub_CellTracking\experiments\diag_051_public_0942_tracklet_evidence\artifacts\tracklet_evidence/6bba_283bf9f1/pair_078_079.npz
Output file downloaded to E:\Project\Biohub_CellTracking\experiments\diag_051_public_0942_tracklet_evidence\artifacts\tracklet_evidence/6bba_283bf9f1/pair_079_080.npz
Output file downloaded to E:\Project\Biohub_CellTracking\experiments\diag_051_public_0942_tracklet_evidence\artifacts\tracklet_evidence/6bba_283bf9f1/pair_080_081.npz
Output file downloaded to E:\Project\Biohub_CellTracking\experiments\diag_051_public_0942_tracklet_evidence\artifacts\tracklet_evidence/6bba_283bf9f1/pair_081_082.npz
Output file downloaded to E:\Project\Biohub_CellTracking\experiments\diag_051_public_0942_tracklet_evidence\artifacts\tracklet_evidence/6bba_283bf9f1/pair_082_083.npz
Output file downloaded to E:\Project\Biohub_CellTracking\experiments\diag_051_public_0942_tracklet_evidence\artifacts\tracklet_evidence/6bba_283bf9f1/pair_083_084.npz
Output file downloaded to E:\Project\Biohub_CellTracking\experiments\diag_051_public_0942_tracklet_evidence\artifacts\tracklet_evidence/6bba_283bf9f1/pair_084_085.npz
Output file downloaded to E:\Project\Biohub_CellTracking\experiments\diag_051_public_0942_tracklet_evidence\artifacts\tracklet_evidence/6bba_283bf9f1/pair_085_086.npz
Output file downloaded to E:\Project\Biohub_CellTracking\experiments\diag_051_public_0942_tracklet_evidence\artifacts\tracklet_evidence/6bba_283bf9f1/pair_086_087.npz
Output file downloaded to E:\Project\Biohub_CellTracking\experiments\diag_051_public_0942_tracklet_evidence\artifacts\tracklet_evidence/6bba_283bf9f1/pair_087_088.npz
Output file downloaded to E:\Project\Biohub_CellTracking\experiments\diag_051_public_0942_tracklet_evidence\artifacts\tracklet_evidence/6bba_283bf9f1/pair_088_089.npz
Output file downloaded to E:\Project\Biohub_CellTracking\experiments\diag_051_public_0942_tracklet_evidence\artifacts\tracklet_evidence/6bba_283bf9f1/pair_089_090.npz
Output file downloaded to E:\Project\Biohub_CellTracking\experiments\diag_051_public_0942_tracklet_evidence\artifacts\tracklet_evidence/6bba_283bf9f1/pair_090_091.npz
Output file downloaded to E:\Project\Biohub_CellTracking\experiments\diag_051_public_0942_tracklet_evidence\artifacts\tracklet_evidence/6bba_283bf9f1/pair_091_092.npz
Output file downloaded to E:\Project\Biohub_CellTracking\experiments\diag_051_public_0942_tracklet_evidence\artifacts\tracklet_evidence/6bba_283bf9f1/pair_092_093.npz
Output file downloaded to E:\Project\Biohub_CellTracking\experiments\diag_051_public_0942_tracklet_evidence\artifacts\tracklet_evidence/6bba_283bf9f1/pair_093_094.npz
Output file downloaded to E:\Project\Biohub_CellTracking\experiments\diag_051_public_0942_tracklet_evidence\artifacts\tracklet_evidence/6bba_283bf9f1/pair_094_095.npz
Output file downloaded to E:\Project\Biohub_CellTracking\experiments\diag_051_public_0942_tracklet_evidence\artifacts\tracklet_evidence/6bba_283bf9f1/pair_095_096.npz
Output file downloaded to E:\Project\Biohub_CellTracking\experiments\diag_051_public_0942_tracklet_evidence\artifacts\tracklet_evidence/6bba_283bf9f1/pair_096_097.npz
Output file downloaded to E:\Project\Biohub_CellTracking\experiments\diag_051_public_0942_tracklet_evidence\artifacts\tracklet_evidence/6bba_283bf9f1/pair_097_098.npz
Output file downloaded to E:\Project\Biohub_CellTracking\experiments\diag_051_public_0942_tracklet_evidence\artifacts\tracklet_evidence/6bba_283bf9f1/pair_098_099.npz
Output file downloaded to E:\Project\Biohub_CellTracking\experiments\diag_051_public_0942_tracklet_evidence\artifacts\tracklet_evidence/6bba_283bf9f1/pre_ilp_nodes.npz
Output file downloaded to E:\Project\Biohub_CellTracking\experiments\diag_051_public_0942_tracklet_evidence\artifacts\tracklet_evidence/6bba_283bf9f1/raw_post_ilp.json.gz
Output file downloaded to E:\Project\Biohub_CellTracking\experiments\diag_051_public_0942_tracklet_evidence\artifacts\tracklet_evidence/6bba_283bf9f1/safe_divisions.json.gz
Output file downloaded to E:\Project\Biohub_CellTracking\experiments\diag_051_public_0942_tracklet_evidence\artifacts\tracklet_evidence/6bba_283bf9f1/scorer_matching.json.gz
Output file downloaded to E:\Project\Biohub_CellTracking\experiments\diag_051_public_0942_tracklet_evidence\artifacts\tracklet_evidence/6bba_283bf9f1/short_track_filtered.json.gz
Output file downloaded to E:\Project\Biohub_CellTracking\experiments\diag_051_public_0942_tracklet_evidence\artifacts\tracklet_evidence/6bba_337b1b3a/degree_repaired.json.gz
Output file downloaded to E:\Project\Biohub_CellTracking\experiments\diag_051_public_0942_tracklet_evidence\artifacts\tracklet_evidence/6bba_337b1b3a/distance_filtered.json.gz
Output file downloaded to E:\Project\Biohub_CellTracking\experiments\diag_051_public_0942_tracklet_evidence\artifacts\tracklet_evidence/6bba_337b1b3a/final_scored.json.gz
Output file downloaded to E:\Project\Biohub_CellTracking\experiments\diag_051_public_0942_tracklet_evidence\artifacts\tracklet_evidence/6bba_337b1b3a/gap1.json.gz
Output file downloaded to E:\Project\Biohub_CellTracking\experiments\diag_051_public_0942_tracklet_evidence\artifacts\tracklet_evidence/6bba_337b1b3a/gap2.json.gz
Output file downloaded to E:\Project\Biohub_CellTracking\experiments\diag_051_public_0942_tracklet_evidence\artifacts\tracklet_evidence/6bba_337b1b3a/geometry_and_isolated.json.gz
Output file downloaded to E:\Project\Biohub_CellTracking\experiments\diag_051_public_0942_tracklet_evidence\artifacts\tracklet_evidence/6bba_337b1b3a/motion_relinked.json.gz
Output file downloaded to E:\Project\Biohub_CellTracking\experiments\diag_051_public_0942_tracklet_evidence\artifacts\tracklet_evidence/6bba_337b1b3a/pair_000_001.npz
Output file downloaded to E:\Project\Biohub_CellTracking\experiments\diag_051_public_0942_tracklet_evidence\artifacts\tracklet_evidence/6bba_337b1b3a/pair_001_002.npz
Output file downloaded to E:\Project\Biohub_CellTracking\experiments\diag_051_public_0942_tracklet_evidence\artifacts\tracklet_evidence/6bba_337b1b3a/pair_002_003.npz
Output file downloaded to E:\Project\Biohub_CellTracking\experiments\diag_051_public_0942_tracklet_evidence\artifacts\tracklet_evidence/6bba_337b1b3a/pair_003_004.npz
Output file downloaded to E:\Project\Biohub_CellTracking\experiments\diag_051_public_0942_tracklet_evidence\artifacts\tracklet_evidence/6bba_337b1b3a/pair_004_005.npz
Output file downloaded to E:\Project\Biohub_CellTracking\experiments\diag_051_public_0942_tracklet_evidence\artifacts\tracklet_evidence/6bba_337b1b3a/pair_005_006.npz
Output file downloaded to E:\Project\Biohub_CellTracking\experiments\diag_051_public_0942_tracklet_evidence\artifacts\tracklet_evidence/6bba_337b1b3a/pair_006_007.npz
Output file downloaded to E:\Project\Biohub_CellTracking\experiments\diag_051_public_0942_tracklet_evidence\artifacts\tracklet_evidence/6bba_337b1b3a/pair_007_008.npz
Output file downloaded to E:\Project\Biohub_CellTracking\experiments\diag_051_public_0942_tracklet_evidence\artifacts\tracklet_evidence/6bba_337b1b3a/pair_008_009.npz
Output file downloaded to E:\Project\Biohub_CellTracking\experiments\diag_051_public_0942_tracklet_evidence\artifacts\tracklet_evidence/6bba_337b1b3a/pair_009_010.npz
Output file downloaded to E:\Project\Biohub_CellTracking\experiments\diag_051_public_0942_tracklet_evidence\artifacts\tracklet_evidence/6bba_337b1b3a/pair_010_011.npz
Output file downloaded to E:\Project\Biohub_CellTracking\experiments\diag_051_public_0942_tracklet_evidence\artifacts\tracklet_evidence/6bba_337b1b3a/pair_011_012.npz
Output file downloaded to E:\Project\Biohub_CellTracking\experiments\diag_051_public_0942_tracklet_evidence\artifacts\tracklet_evidence/6bba_337b1b3a/pair_012_013.npz
Output file downloaded to E:\Project\Biohub_CellTracking\experiments\diag_051_public_0942_tracklet_evidence\artifacts\tracklet_evidence/6bba_337b1b3a/pair_013_014.npz
Output file downloaded to E:\Project\Biohub_CellTracking\experiments\diag_051_public_0942_tracklet_evidence\artifacts\tracklet_evidence/6bba_337b1b3a/pair_014_015.npz
Output file downloaded to E:\Project\Biohub_CellTracking\experiments\diag_051_public_0942_tracklet_evidence\artifacts\tracklet_evidence/6bba_337b1b3a/pair_015_016.npz
Output file downloaded to E:\Project\Biohub_CellTracking\experiments\diag_051_public_0942_tracklet_evidence\artifacts\tracklet_evidence/6bba_337b1b3a/pair_016_017.npz
Output file downloaded to E:\Project\Biohub_CellTracking\experiments\diag_051_public_0942_tracklet_evidence\artifacts\tracklet_evidence/6bba_337b1b3a/pair_017_018.npz
Output file downloaded to E:\Project\Biohub_CellTracking\experiments\diag_051_public_0942_tracklet_evidence\artifacts\tracklet_evidence/6bba_337b1b3a/pair_018_019.npz
Output file downloaded to E:\Project\Biohub_CellTracking\experiments\diag_051_public_0942_tracklet_evidence\artifacts\tracklet_evidence/6bba_337b1b3a/pair_019_020.npz
Output file downloaded to E:\Project\Biohub_CellTracking\experiments\diag_051_public_0942_tracklet_evidence\artifacts\tracklet_evidence/6bba_337b1b3a/pair_020_021.npz
Output file downloaded to E:\Project\Biohub_CellTracking\experiments\diag_051_public_0942_tracklet_evidence\artifacts\tracklet_evidence/6bba_337b1b3a/pair_021_022.npz
Output file downloaded to E:\Project\Biohub_CellTracking\experiments\diag_051_public_0942_tracklet_evidence\artifacts\tracklet_evidence/6bba_337b1b3a/pair_022_023.npz
Output file downloaded to E:\Project\Biohub_CellTracking\experiments\diag_051_public_0942_tracklet_evidence\artifacts\tracklet_evidence/6bba_337b1b3a/pair_023_024.npz
Output file downloaded to E:\Project\Biohub_CellTracking\experiments\diag_051_public_0942_tracklet_evidence\artifacts\tracklet_evidence/6bba_337b1b3a/pair_024_025.npz
Output file downloaded to E:\Project\Biohub_CellTracking\experiments\diag_051_public_0942_tracklet_evidence\artifacts\tracklet_evidence/6bba_337b1b3a/pair_025_026.npz
Output file downloaded to E:\Project\Biohub_CellTracking\experiments\diag_051_public_0942_tracklet_evidence\artifacts\tracklet_evidence/6bba_337b1b3a/pair_026_027.npz
Output file downloaded to E:\Project\Biohub_CellTracking\experiments\diag_051_public_0942_tracklet_evidence\artifacts\tracklet_evidence/6bba_337b1b3a/pair_027_028.npz
Output file downloaded to E:\Project\Biohub_CellTracking\experiments\diag_051_public_0942_tracklet_evidence\artifacts\tracklet_evidence/6bba_337b1b3a/pair_028_029.npz
Output file downloaded to E:\Project\Biohub_CellTracking\experiments\diag_051_public_0942_tracklet_evidence\artifacts\tracklet_evidence/6bba_337b1b3a/pair_029_030.npz
Output file downloaded to E:\Project\Biohub_CellTracking\experiments\diag_051_public_0942_tracklet_evidence\artifacts\tracklet_evidence/6bba_337b1b3a/pair_030_031.npz
Output file downloaded to E:\Project\Biohub_CellTracking\experiments\diag_051_public_0942_tracklet_evidence\artifacts\tracklet_evidence/6bba_337b1b3a/pair_031_032.npz
Output file downloaded to E:\Project\Biohub_CellTracking\experiments\diag_051_public_0942_tracklet_evidence\artifacts\tracklet_evidence/6bba_337b1b3a/pair_032_033.npz
Output file downloaded to E:\Project\Biohub_CellTracking\experiments\diag_051_public_0942_tracklet_evidence\artifacts\tracklet_evidence/6bba_337b1b3a/pair_033_034.npz
Output file downloaded to E:\Project\Biohub_CellTracking\experiments\diag_051_public_0942_tracklet_evidence\artifacts\tracklet_evidence/6bba_337b1b3a/pair_034_035.npz
Output file downloaded to E:\Project\Biohub_CellTracking\experiments\diag_051_public_0942_tracklet_evidence\artifacts\tracklet_evidence/6bba_337b1b3a/pair_035_036.npz
Output file downloaded to E:\Project\Biohub_CellTracking\experiments\diag_051_public_0942_tracklet_evidence\artifacts\tracklet_evidence/6bba_337b1b3a/pair_036_037.npz
Output file downloaded to E:\Project\Biohub_CellTracking\experiments\diag_051_public_0942_tracklet_evidence\artifacts\tracklet_evidence/6bba_337b1b3a/pair_037_038.npz
Output file downloaded to E:\Project\Biohub_CellTracking\experiments\diag_051_public_0942_tracklet_evidence\artifacts\tracklet_evidence/6bba_337b1b3a/pair_038_039.npz
Output file downloaded to E:\Project\Biohub_CellTracking\experiments\diag_051_public_0942_tracklet_evidence\artifacts\tracklet_evidence/6bba_337b1b3a/pair_039_040.npz
Output file downloaded to E:\Project\Biohub_CellTracking\experiments\diag_051_public_0942_tracklet_evidence\artifacts\tracklet_evidence/6bba_337b1b3a/pair_040_041.npz
Output file downloaded to E:\Project\Biohub_CellTracking\experiments\diag_051_public_0942_tracklet_evidence\artifacts\tracklet_evidence/6bba_337b1b3a/pair_041_042.npz
Output file downloaded to E:\Project\Biohub_CellTracking\experiments\diag_051_public_0942_tracklet_evidence\artifacts\tracklet_evidence/6bba_337b1b3a/pair_042_043.npz
Output file downloaded to E:\Project\Biohub_CellTracking\experiments\diag_051_public_0942_tracklet_evidence\artifacts\tracklet_evidence/6bba_337b1b3a/pair_043_044.npz
Output file downloaded to E:\Project\Biohub_CellTracking\experiments\diag_051_public_0942_tracklet_evidence\artifacts\tracklet_evidence/6bba_337b1b3a/pair_044_045.npz
Output file downloaded to E:\Project\Biohub_CellTracking\experiments\diag_051_public_0942_tracklet_evidence\artifacts\tracklet_evidence/6bba_337b1b3a/pair_045_046.npz
Output file downloaded to E:\Project\Biohub_CellTracking\experiments\diag_051_public_0942_tracklet_evidence\artifacts\tracklet_evidence/6bba_337b1b3a/pair_046_047.npz
Output file downloaded to E:\Project\Biohub_CellTracking\experiments\diag_051_public_0942_tracklet_evidence\artifacts\tracklet_evidence/6bba_337b1b3a/pair_047_048.npz
Output file downloaded to E:\Project\Biohub_CellTracking\experiments\diag_051_public_0942_tracklet_evidence\artifacts\tracklet_evidence/6bba_337b1b3a/pair_048_049.npz
Output file downloaded to E:\Project\Biohub_CellTracking\experiments\diag_051_public_0942_tracklet_evidence\artifacts\tracklet_evidence/6bba_337b1b3a/pair_049_050.npz
Output file downloaded to E:\Project\Biohub_CellTracking\experiments\diag_051_public_0942_tracklet_evidence\artifacts\tracklet_evidence/6bba_337b1b3a/pair_050_051.npz
Output file downloaded to E:\Project\Biohub_CellTracking\experiments\diag_051_public_0942_tracklet_evidence\artifacts\tracklet_evidence/6bba_337b1b3a/pair_051_052.npz
Output file downloaded to E:\Project\Biohub_CellTracking\experiments\diag_051_public_0942_tracklet_evidence\artifacts\tracklet_evidence/6bba_337b1b3a/pair_052_053.npz
Output file downloaded to E:\Project\Biohub_CellTracking\experiments\diag_051_public_0942_tracklet_evidence\artifacts\tracklet_evidence/6bba_337b1b3a/pair_053_054.npz
Output file downloaded to E:\Project\Biohub_CellTracking\experiments\diag_051_public_0942_tracklet_evidence\artifacts\tracklet_evidence/6bba_337b1b3a/pair_054_055.npz
Output file downloaded to E:\Project\Biohub_CellTracking\experiments\diag_051_public_0942_tracklet_evidence\artifacts\tracklet_evidence/6bba_337b1b3a/pair_055_056.npz
Output file downloaded to E:\Project\Biohub_CellTracking\experiments\diag_051_public_0942_tracklet_evidence\artifacts\tracklet_evidence/6bba_337b1b3a/pair_056_057.npz
Output file downloaded to E:\Project\Biohub_CellTracking\experiments\diag_051_public_0942_tracklet_evidence\artifacts\tracklet_evidence/6bba_337b1b3a/pair_057_058.npz
Output file downloaded to E:\Project\Biohub_CellTracking\experiments\diag_051_public_0942_tracklet_evidence\artifacts\tracklet_evidence/6bba_337b1b3a/pair_058_059.npz
Output file downloaded to E:\Project\Biohub_CellTracking\experiments\diag_051_public_0942_tracklet_evidence\artifacts\tracklet_evidence/6bba_337b1b3a/pair_059_060.npz
Output file downloaded to E:\Project\Biohub_CellTracking\experiments\diag_051_public_0942_tracklet_evidence\artifacts\tracklet_evidence/6bba_337b1b3a/pair_060_061.npz
Output file downloaded to E:\Project\Biohub_CellTracking\experiments\diag_051_public_0942_tracklet_evidence\artifacts\tracklet_evidence/6bba_337b1b3a/pair_061_062.npz
Output file downloaded to E:\Project\Biohub_CellTracking\experiments\diag_051_public_0942_tracklet_evidence\artifacts\tracklet_evidence/6bba_337b1b3a/pair_062_063.npz
Output file downloaded to E:\Project\Biohub_CellTracking\experiments\diag_051_public_0942_tracklet_evidence\artifacts\tracklet_evidence/6bba_337b1b3a/pair_063_064.npz
Output file downloaded to E:\Project\Biohub_CellTracking\experiments\diag_051_public_0942_tracklet_evidence\artifacts\tracklet_evidence/6bba_337b1b3a/pair_064_065.npz
Output file downloaded to E:\Project\Biohub_CellTracking\experiments\diag_051_public_0942_tracklet_evidence\artifacts\tracklet_evidence/6bba_337b1b3a/pair_065_066.npz
Output file downloaded to E:\Project\Biohub_CellTracking\experiments\diag_051_public_0942_tracklet_evidence\artifacts\tracklet_evidence/6bba_337b1b3a/pair_066_067.npz
Output file downloaded to E:\Project\Biohub_CellTracking\experiments\diag_051_public_0942_tracklet_evidence\artifacts\tracklet_evidence/6bba_337b1b3a/pair_067_068.npz
Output file downloaded to E:\Project\Biohub_CellTracking\experiments\diag_051_public_0942_tracklet_evidence\artifacts\tracklet_evidence/6bba_337b1b3a/pair_068_069.npz
Output file downloaded to E:\Project\Biohub_CellTracking\experiments\diag_051_public_0942_tracklet_evidence\artifacts\tracklet_evidence/6bba_337b1b3a/pair_069_070.npz
Output file downloaded to E:\Project\Biohub_CellTracking\experiments\diag_051_public_0942_tracklet_evidence\artifacts\tracklet_evidence/6bba_337b1b3a/pair_070_071.npz
Output file downloaded to E:\Project\Biohub_CellTracking\experiments\diag_051_public_0942_tracklet_evidence\artifacts\tracklet_evidence/6bba_337b1b3a/pair_071_072.npz
Output file downloaded to E:\Project\Biohub_CellTracking\experiments\diag_051_public_0942_tracklet_evidence\artifacts\tracklet_evidence/6bba_337b1b3a/pair_072_073.npz
Output file downloaded to E:\Project\Biohub_CellTracking\experiments\diag_051_public_0942_tracklet_evidence\artifacts\tracklet_evidence/6bba_337b1b3a/pair_073_074.npz
Output file downloaded to E:\Project\Biohub_CellTracking\experiments\diag_051_public_0942_tracklet_evidence\artifacts\tracklet_evidence/6bba_337b1b3a/pair_074_075.npz
Output file downloaded to E:\Project\Biohub_CellTracking\experiments\diag_051_public_0942_tracklet_evidence\artifacts\tracklet_evidence/6bba_337b1b3a/pair_075_076.npz
Output file downloaded to E:\Project\Biohub_CellTracking\experiments\diag_051_public_0942_tracklet_evidence\artifacts\tracklet_evidence/6bba_337b1b3a/pair_076_077.npz
Output file downloaded to E:\Project\Biohub_CellTracking\experiments\diag_051_public_0942_tracklet_evidence\artifacts\tracklet_evidence/6bba_337b1b3a/pair_077_078.npz
Output file downloaded to E:\Project\Biohub_CellTracking\experiments\diag_051_public_0942_tracklet_evidence\artifacts\tracklet_evidence/6bba_337b1b3a/pair_078_079.npz
Output file downloaded to E:\Project\Biohub_CellTracking\experiments\diag_051_public_0942_tracklet_evidence\artifacts\tracklet_evidence/6bba_337b1b3a/pair_079_080.npz
Output file downloaded to E:\Project\Biohub_CellTracking\experiments\diag_051_public_0942_tracklet_evidence\artifacts\tracklet_evidence/6bba_337b1b3a/pair_080_081.npz
Output file downloaded to E:\Project\Biohub_CellTracking\experiments\diag_051_public_0942_tracklet_evidence\artifacts\tracklet_evidence/6bba_337b1b3a/pair_081_082.npz
Output file downloaded to E:\Project\Biohub_CellTracking\experiments\diag_051_public_0942_tracklet_evidence\artifacts\tracklet_evidence/6bba_337b1b3a/pair_082_083.npz
Output file downloaded to E:\Project\Biohub_CellTracking\experiments\diag_051_public_0942_tracklet_evidence\artifacts\tracklet_evidence/6bba_337b1b3a/pair_083_084.npz
Output file downloaded to E:\Project\Biohub_CellTracking\experiments\diag_051_public_0942_tracklet_evidence\artifacts\tracklet_evidence/6bba_337b1b3a/pair_084_085.npz
Output file downloaded to E:\Project\Biohub_CellTracking\experiments\diag_051_public_0942_tracklet_evidence\artifacts\tracklet_evidence/6bba_337b1b3a/pair_085_086.npz
Output file downloaded to E:\Project\Biohub_CellTracking\experiments\diag_051_public_0942_tracklet_evidence\artifacts\tracklet_evidence/6bba_337b1b3a/pair_086_087.npz
Output file downloaded to E:\Project\Biohub_CellTracking\experiments\diag_051_public_0942_tracklet_evidence\artifacts\tracklet_evidence/6bba_337b1b3a/pair_087_088.npz
Output file downloaded to E:\Project\Biohub_CellTracking\experiments\diag_051_public_0942_tracklet_evidence\artifacts\tracklet_evidence/6bba_337b1b3a/pair_088_089.npz
Output file downloaded to E:\Project\Biohub_CellTracking\experiments\diag_051_public_0942_tracklet_evidence\artifacts\tracklet_evidence/6bba_337b1b3a/pair_089_090.npz
Output file downloaded to E:\Project\Biohub_CellTracking\experiments\diag_051_public_0942_tracklet_evidence\artifacts\tracklet_evidence/6bba_337b1b3a/pair_090_091.npz
Output file downloaded to E:\Project\Biohub_CellTracking\experiments\diag_051_public_0942_tracklet_evidence\artifacts\tracklet_evidence/6bba_337b1b3a/pair_091_092.npz
Output file downloaded to E:\Project\Biohub_CellTracking\experiments\diag_051_public_0942_tracklet_evidence\artifacts\tracklet_evidence/6bba_337b1b3a/pair_092_093.npz
Output file downloaded to E:\Project\Biohub_CellTracking\experiments\diag_051_public_0942_tracklet_evidence\artifacts\tracklet_evidence/6bba_337b1b3a/pair_093_094.npz
Output file downloaded to E:\Project\Biohub_CellTracking\experiments\diag_051_public_0942_tracklet_evidence\artifacts\tracklet_evidence/6bba_337b1b3a/pair_094_095.npz
Output file downloaded to E:\Project\Biohub_CellTracking\experiments\diag_051_public_0942_tracklet_evidence\artifacts\tracklet_evidence/6bba_337b1b3a/pair_095_096.npz
Output file downloaded to E:\Project\Biohub_CellTracking\experiments\diag_051_public_0942_tracklet_evidence\artifacts\tracklet_evidence/6bba_337b1b3a/pair_096_097.npz
Output file downloaded to E:\Project\Biohub_CellTracking\experiments\diag_051_public_0942_tracklet_evidence\artifacts\tracklet_evidence/6bba_337b1b3a/pair_097_098.npz
Output file downloaded to E:\Project\Biohub_CellTracking\experiments\diag_051_public_0942_tracklet_evidence\artifacts\tracklet_evidence/6bba_337b1b3a/pair_098_099.npz
Output file downloaded to E:\Project\Biohub_CellTracking\experiments\diag_051_public_0942_tracklet_evidence\artifacts\tracklet_evidence/6bba_337b1b3a/pre_ilp_nodes.npz
Output file downloaded to E:\Project\Biohub_CellTracking\experiments\diag_051_public_0942_tracklet_evidence\artifacts\tracklet_evidence/6bba_337b1b3a/raw_post_ilp.json.gz
Output file downloaded to E:\Project\Biohub_CellTracking\experiments\diag_051_public_0942_tracklet_evidence\artifacts\tracklet_evidence/6bba_337b1b3a/safe_divisions.json.gz
Output file downloaded to E:\Project\Biohub_CellTracking\experiments\diag_051_public_0942_tracklet_evidence\artifacts\tracklet_evidence/6bba_337b1b3a/scorer_matching.json.gz
Output file downloaded to E:\Project\Biohub_CellTracking\experiments\diag_051_public_0942_tracklet_evidence\artifacts\tracklet_evidence/6bba_337b1b3a/short_track_filtered.json.gz
Output file downloaded to E:\Project\Biohub_CellTracking\experiments\diag_051_public_0942_tracklet_evidence\artifacts\tracklet_evidence/6bba_372c8cb8/degree_repaired.json.gz
Output file downloaded to E:\Project\Biohub_CellTracking\experiments\diag_051_public_0942_tracklet_evidence\artifacts\tracklet_evidence/6bba_372c8cb8/distance_filtered.json.gz
Output file downloaded to E:\Project\Biohub_CellTracking\experiments\diag_051_public_0942_tracklet_evidence\artifacts\tracklet_evidence/6bba_372c8cb8/final_scored.json.gz
Output file downloaded to E:\Project\Biohub_CellTracking\experiments\diag_051_public_0942_tracklet_evidence\artifacts\tracklet_evidence/6bba_372c8cb8/gap1.json.gz
Output file downloaded to E:\Project\Biohub_CellTracking\experiments\diag_051_public_0942_tracklet_evidence\artifacts\tracklet_evidence/6bba_372c8cb8/gap2.json.gz
Output file downloaded to E:\Project\Biohub_CellTracking\experiments\diag_051_public_0942_tracklet_evidence\artifacts\tracklet_evidence/6bba_372c8cb8/geometry_and_isolated.json.gz
Output file downloaded to E:\Project\Biohub_CellTracking\experiments\diag_051_public_0942_tracklet_evidence\artifacts\tracklet_evidence/6bba_372c8cb8/motion_relinked.json.gz
Output file downloaded to E:\Project\Biohub_CellTracking\experiments\diag_051_public_0942_tracklet_evidence\artifacts\tracklet_evidence/6bba_372c8cb8/pair_000_001.npz
Output file downloaded to E:\Project\Biohub_CellTracking\experiments\diag_051_public_0942_tracklet_evidence\artifacts\tracklet_evidence/6bba_372c8cb8/pair_001_002.npz
Output file downloaded to E:\Project\Biohub_CellTracking\experiments\diag_051_public_0942_tracklet_evidence\artifacts\tracklet_evidence/6bba_372c8cb8/pair_002_003.npz
Output file downloaded to E:\Project\Biohub_CellTracking\experiments\diag_051_public_0942_tracklet_evidence\artifacts\tracklet_evidence/6bba_372c8cb8/pair_003_004.npz
Output file downloaded to E:\Project\Biohub_CellTracking\experiments\diag_051_public_0942_tracklet_evidence\artifacts\tracklet_evidence/6bba_372c8cb8/pair_004_005.npz
Output file downloaded to E:\Project\Biohub_CellTracking\experiments\diag_051_public_0942_tracklet_evidence\artifacts\tracklet_evidence/6bba_372c8cb8/pair_005_006.npz
Output file downloaded to E:\Project\Biohub_CellTracking\experiments\diag_051_public_0942_tracklet_evidence\artifacts\tracklet_evidence/6bba_372c8cb8/pair_006_007.npz
Output file downloaded to E:\Project\Biohub_CellTracking\experiments\diag_051_public_0942_tracklet_evidence\artifacts\tracklet_evidence/6bba_372c8cb8/pair_007_008.npz
Output file downloaded to E:\Project\Biohub_CellTracking\experiments\diag_051_public_0942_tracklet_evidence\artifacts\tracklet_evidence/6bba_372c8cb8/pair_008_009.npz
Output file downloaded to E:\Project\Biohub_CellTracking\experiments\diag_051_public_0942_tracklet_evidence\artifacts\tracklet_evidence/6bba_372c8cb8/pair_009_010.npz
Output file downloaded to E:\Project\Biohub_CellTracking\experiments\diag_051_public_0942_tracklet_evidence\artifacts\tracklet_evidence/6bba_372c8cb8/pair_010_011.npz
Output file downloaded to E:\Project\Biohub_CellTracking\experiments\diag_051_public_0942_tracklet_evidence\artifacts\tracklet_evidence/6bba_372c8cb8/pair_011_012.npz
Output file downloaded to E:\Project\Biohub_CellTracking\experiments\diag_051_public_0942_tracklet_evidence\artifacts\tracklet_evidence/6bba_372c8cb8/pair_012_013.npz
Output file downloaded to E:\Project\Biohub_CellTracking\experiments\diag_051_public_0942_tracklet_evidence\artifacts\tracklet_evidence/6bba_372c8cb8/pair_013_014.npz
Output file downloaded to E:\Project\Biohub_CellTracking\experiments\diag_051_public_0942_tracklet_evidence\artifacts\tracklet_evidence/6bba_372c8cb8/pair_014_015.npz
Output file downloaded to E:\Project\Biohub_CellTracking\experiments\diag_051_public_0942_tracklet_evidence\artifacts\tracklet_evidence/6bba_372c8cb8/pair_015_016.npz
Output file downloaded to E:\Project\Biohub_CellTracking\experiments\diag_051_public_0942_tracklet_evidence\artifacts\tracklet_evidence/6bba_372c8cb8/pair_016_017.npz
Output file downloaded to E:\Project\Biohub_CellTracking\experiments\diag_051_public_0942_tracklet_evidence\artifacts\tracklet_evidence/6bba_372c8cb8/pair_017_018.npz
Output file downloaded to E:\Project\Biohub_CellTracking\experiments\diag_051_public_0942_tracklet_evidence\artifacts\tracklet_evidence/6bba_372c8cb8/pair_018_019.npz
Output file downloaded to E:\Project\Biohub_CellTracking\experiments\diag_051_public_0942_tracklet_evidence\artifacts\tracklet_evidence/6bba_372c8cb8/pair_019_020.npz
Output file downloaded to E:\Project\Biohub_CellTracking\experiments\diag_051_public_0942_tracklet_evidence\artifacts\tracklet_evidence/6bba_372c8cb8/pair_020_021.npz
Output file downloaded to E:\Project\Biohub_CellTracking\experiments\diag_051_public_0942_tracklet_evidence\artifacts\tracklet_evidence/6bba_372c8cb8/pair_021_022.npz
Output file downloaded to E:\Project\Biohub_CellTracking\experiments\diag_051_public_0942_tracklet_evidence\artifacts\tracklet_evidence/6bba_372c8cb8/pair_022_023.npz
Output file downloaded to E:\Project\Biohub_CellTracking\experiments\diag_051_public_0942_tracklet_evidence\artifacts\tracklet_evidence/6bba_372c8cb8/pair_023_024.npz
Output file downloaded to E:\Project\Biohub_CellTracking\experiments\diag_051_public_0942_tracklet_evidence\artifacts\tracklet_evidence/6bba_372c8cb8/pair_024_025.npz
Output file downloaded to E:\Project\Biohub_CellTracking\experiments\diag_051_public_0942_tracklet_evidence\artifacts\tracklet_evidence/6bba_372c8cb8/pair_025_026.npz
Output file downloaded to E:\Project\Biohub_CellTracking\experiments\diag_051_public_0942_tracklet_evidence\artifacts\tracklet_evidence/6bba_372c8cb8/pair_026_027.npz
Output file downloaded to E:\Project\Biohub_CellTracking\experiments\diag_051_public_0942_tracklet_evidence\artifacts\tracklet_evidence/6bba_372c8cb8/pair_027_028.npz
Output file downloaded to E:\Project\Biohub_CellTracking\experiments\diag_051_public_0942_tracklet_evidence\artifacts\tracklet_evidence/6bba_372c8cb8/pair_028_029.npz
Output file downloaded to E:\Project\Biohub_CellTracking\experiments\diag_051_public_0942_tracklet_evidence\artifacts\tracklet_evidence/6bba_372c8cb8/pair_029_030.npz
Output file downloaded to E:\Project\Biohub_CellTracking\experiments\diag_051_public_0942_tracklet_evidence\artifacts\tracklet_evidence/6bba_372c8cb8/pair_030_031.npz
Output file downloaded to E:\Project\Biohub_CellTracking\experiments\diag_051_public_0942_tracklet_evidence\artifacts\tracklet_evidence/6bba_372c8cb8/pair_031_032.npz
Output file downloaded to E:\Project\Biohub_CellTracking\experiments\diag_051_public_0942_tracklet_evidence\artifacts\tracklet_evidence/6bba_372c8cb8/pair_032_033.npz
Output file downloaded to E:\Project\Biohub_CellTracking\experiments\diag_051_public_0942_tracklet_evidence\artifacts\tracklet_evidence/6bba_372c8cb8/pair_033_034.npz
Output file downloaded to E:\Project\Biohub_CellTracking\experiments\diag_051_public_0942_tracklet_evidence\artifacts\tracklet_evidence/6bba_372c8cb8/pair_034_035.npz
Output file downloaded to E:\Project\Biohub_CellTracking\experiments\diag_051_public_0942_tracklet_evidence\artifacts\tracklet_evidence/6bba_372c8cb8/pair_035_036.npz
Output file downloaded to E:\Project\Biohub_CellTracking\experiments\diag_051_public_0942_tracklet_evidence\artifacts\tracklet_evidence/6bba_372c8cb8/pair_036_037.npz
Output file downloaded to E:\Project\Biohub_CellTracking\experiments\diag_051_public_0942_tracklet_evidence\artifacts\tracklet_evidence/6bba_372c8cb8/pair_037_038.npz
Output file downloaded to E:\Project\Biohub_CellTracking\experiments\diag_051_public_0942_tracklet_evidence\artifacts\tracklet_evidence/6bba_372c8cb8/pair_038_039.npz
Output file downloaded to E:\Project\Biohub_CellTracking\experiments\diag_051_public_0942_tracklet_evidence\artifacts\tracklet_evidence/6bba_372c8cb8/pair_039_040.npz
Output file downloaded to E:\Project\Biohub_CellTracking\experiments\diag_051_public_0942_tracklet_evidence\artifacts\tracklet_evidence/6bba_372c8cb8/pair_040_041.npz
Output file downloaded to E:\Project\Biohub_CellTracking\experiments\diag_051_public_0942_tracklet_evidence\artifacts\tracklet_evidence/6bba_372c8cb8/pair_041_042.npz
Output file downloaded to E:\Project\Biohub_CellTracking\experiments\diag_051_public_0942_tracklet_evidence\artifacts\tracklet_evidence/6bba_372c8cb8/pair_042_043.npz
Output file downloaded to E:\Project\Biohub_CellTracking\experiments\diag_051_public_0942_tracklet_evidence\artifacts\tracklet_evidence/6bba_372c8cb8/pair_043_044.npz
Output file downloaded to E:\Project\Biohub_CellTracking\experiments\diag_051_public_0942_tracklet_evidence\artifacts\tracklet_evidence/6bba_372c8cb8/pair_044_045.npz
Output file downloaded to E:\Project\Biohub_CellTracking\experiments\diag_051_public_0942_tracklet_evidence\artifacts\tracklet_evidence/6bba_372c8cb8/pair_045_046.npz
Output file downloaded to E:\Project\Biohub_CellTracking\experiments\diag_051_public_0942_tracklet_evidence\artifacts\tracklet_evidence/6bba_372c8cb8/pair_046_047.npz
Output file downloaded to E:\Project\Biohub_CellTracking\experiments\diag_051_public_0942_tracklet_evidence\artifacts\tracklet_evidence/6bba_372c8cb8/pair_047_048.npz
Output file downloaded to E:\Project\Biohub_CellTracking\experiments\diag_051_public_0942_tracklet_evidence\artifacts\tracklet_evidence/6bba_372c8cb8/pair_048_049.npz
Output file downloaded to E:\Project\Biohub_CellTracking\experiments\diag_051_public_0942_tracklet_evidence\artifacts\tracklet_evidence/6bba_372c8cb8/pair_049_050.npz
Output file downloaded to E:\Project\Biohub_CellTracking\experiments\diag_051_public_0942_tracklet_evidence\artifacts\tracklet_evidence/6bba_372c8cb8/pair_050_051.npz
Output file downloaded to E:\Project\Biohub_CellTracking\experiments\diag_051_public_0942_tracklet_evidence\artifacts\tracklet_evidence/6bba_372c8cb8/pair_051_052.npz
Output file downloaded to E:\Project\Biohub_CellTracking\experiments\diag_051_public_0942_tracklet_evidence\artifacts\tracklet_evidence/6bba_372c8cb8/pair_052_053.npz
Output file downloaded to E:\Project\Biohub_CellTracking\experiments\diag_051_public_0942_tracklet_evidence\artifacts\tracklet_evidence/6bba_372c8cb8/pair_053_054.npz
Output file downloaded to E:\Project\Biohub_CellTracking\experiments\diag_051_public_0942_tracklet_evidence\artifacts\tracklet_evidence/6bba_372c8cb8/pair_054_055.npz
Output file downloaded to E:\Project\Biohub_CellTracking\experiments\diag_051_public_0942_tracklet_evidence\artifacts\tracklet_evidence/6bba_372c8cb8/pair_055_056.npz
Output file downloaded to E:\Project\Biohub_CellTracking\experiments\diag_051_public_0942_tracklet_evidence\artifacts\tracklet_evidence/6bba_372c8cb8/pair_056_057.npz
Output file downloaded to E:\Project\Biohub_CellTracking\experiments\diag_051_public_0942_tracklet_evidence\artifacts\tracklet_evidence/6bba_372c8cb8/pair_057_058.npz
Output file downloaded to E:\Project\Biohub_CellTracking\experiments\diag_051_public_0942_tracklet_evidence\artifacts\tracklet_evidence/6bba_372c8cb8/pair_058_059.npz
Output file downloaded to E:\Project\Biohub_CellTracking\experiments\diag_051_public_0942_tracklet_evidence\artifacts\tracklet_evidence/6bba_372c8cb8/pair_059_060.npz
Output file downloaded to E:\Project\Biohub_CellTracking\experiments\diag_051_public_0942_tracklet_evidence\artifacts\tracklet_evidence/6bba_372c8cb8/pair_060_061.npz
Output file downloaded to E:\Project\Biohub_CellTracking\experiments\diag_051_public_0942_tracklet_evidence\artifacts\tracklet_evidence/6bba_372c8cb8/pair_061_062.npz
Output file downloaded to E:\Project\Biohub_CellTracking\experiments\diag_051_public_0942_tracklet_evidence\artifacts\tracklet_evidence/6bba_372c8cb8/pair_062_063.npz
Output file downloaded to E:\Project\Biohub_CellTracking\experiments\diag_051_public_0942_tracklet_evidence\artifacts\tracklet_evidence/6bba_372c8cb8/pair_063_064.npz
Output file downloaded to E:\Project\Biohub_CellTracking\experiments\diag_051_public_0942_tracklet_evidence\artifacts\tracklet_evidence/6bba_372c8cb8/pair_064_065.npz
Output file downloaded to E:\Project\Biohub_CellTracking\experiments\diag_051_public_0942_tracklet_evidence\artifacts\tracklet_evidence/6bba_372c8cb8/pair_065_066.npz
Output file downloaded to E:\Project\Biohub_CellTracking\experiments\diag_051_public_0942_tracklet_evidence\artifacts\tracklet_evidence/6bba_372c8cb8/pair_066_067.npz
Output file downloaded to E:\Project\Biohub_CellTracking\experiments\diag_051_public_0942_tracklet_evidence\artifacts\tracklet_evidence/6bba_372c8cb8/pair_067_068.npz
Output file downloaded to E:\Project\Biohub_CellTracking\experiments\diag_051_public_0942_tracklet_evidence\artifacts\tracklet_evidence/6bba_372c8cb8/pair_068_069.npz
Output file downloaded to E:\Project\Biohub_CellTracking\experiments\diag_051_public_0942_tracklet_evidence\artifacts\tracklet_evidence/6bba_372c8cb8/pair_069_070.npz
Output file downloaded to E:\Project\Biohub_CellTracking\experiments\diag_051_public_0942_tracklet_evidence\artifacts\tracklet_evidence/6bba_372c8cb8/pair_070_071.npz
Output file downloaded to E:\Project\Biohub_CellTracking\experiments\diag_051_public_0942_tracklet_evidence\artifacts\tracklet_evidence/6bba_372c8cb8/pair_071_072.npz
Output file downloaded to E:\Project\Biohub_CellTracking\experiments\diag_051_public_0942_tracklet_evidence\artifacts\tracklet_evidence/6bba_372c8cb8/pair_072_073.npz
Output file downloaded to E:\Project\Biohub_CellTracking\experiments\diag_051_public_0942_tracklet_evidence\artifacts\tracklet_evidence/6bba_372c8cb8/pair_073_074.npz
Output file downloaded to E:\Project\Biohub_CellTracking\experiments\diag_051_public_0942_tracklet_evidence\artifacts\tracklet_evidence/6bba_372c8cb8/pair_074_075.npz
Output file downloaded to E:\Project\Biohub_CellTracking\experiments\diag_051_public_0942_tracklet_evidence\artifacts\tracklet_evidence/6bba_372c8cb8/pair_075_076.npz
Output file downloaded to E:\Project\Biohub_CellTracking\experiments\diag_051_public_0942_tracklet_evidence\artifacts\tracklet_evidence/6bba_372c8cb8/pair_076_077.npz
Output file downloaded to E:\Project\Biohub_CellTracking\experiments\diag_051_public_0942_tracklet_evidence\artifacts\tracklet_evidence/6bba_372c8cb8/pair_077_078.npz
Output file downloaded to E:\Project\Biohub_CellTracking\experiments\diag_051_public_0942_tracklet_evidence\artifacts\tracklet_evidence/6bba_372c8cb8/pair_078_079.npz
Output file downloaded to E:\Project\Biohub_CellTracking\experiments\diag_051_public_0942_tracklet_evidence\artifacts\tracklet_evidence/6bba_372c8cb8/pair_079_080.npz
Output file downloaded to E:\Project\Biohub_CellTracking\experiments\diag_051_public_0942_tracklet_evidence\artifacts\tracklet_evidence/6bba_372c8cb8/pair_080_081.npz
Output file downloaded to E:\Project\Biohub_CellTracking\experiments\diag_051_public_0942_tracklet_evidence\artifacts\tracklet_evidence/6bba_372c8cb8/pair_081_082.npz
Output file downloaded to E:\Project\Biohub_CellTracking\experiments\diag_051_public_0942_tracklet_evidence\artifacts\tracklet_evidence/6bba_372c8cb8/pair_082_083.npz
Output file downloaded to E:\Project\Biohub_CellTracking\experiments\diag_051_public_0942_tracklet_evidence\artifacts\tracklet_evidence/6bba_372c8cb8/pair_083_084.npz
Output file downloaded to E:\Project\Biohub_CellTracking\experiments\diag_051_public_0942_tracklet_evidence\artifacts\tracklet_evidence/6bba_372c8cb8/pair_084_085.npz
Output file downloaded to E:\Project\Biohub_CellTracking\experiments\diag_051_public_0942_tracklet_evidence\artifacts\tracklet_evidence/6bba_372c8cb8/pair_085_086.npz
Output file downloaded to E:\Project\Biohub_CellTracking\experiments\diag_051_public_0942_tracklet_evidence\artifacts\tracklet_evidence/6bba_372c8cb8/pair_086_087.npz
Output file downloaded to E:\Project\Biohub_CellTracking\experiments\diag_051_public_0942_tracklet_evidence\artifacts\tracklet_evidence/6bba_372c8cb8/pair_087_088.npz
Output file downloaded to E:\Project\Biohub_CellTracking\experiments\diag_051_public_0942_tracklet_evidence\artifacts\tracklet_evidence/6bba_372c8cb8/pair_088_089.npz
Output file downloaded to E:\Project\Biohub_CellTracking\experiments\diag_051_public_0942_tracklet_evidence\artifacts\tracklet_evidence/6bba_372c8cb8/pair_089_090.npz
Output file downloaded to E:\Project\Biohub_CellTracking\experiments\diag_051_public_0942_tracklet_evidence\artifacts\tracklet_evidence/6bba_372c8cb8/pair_090_091.npz
Output file downloaded to E:\Project\Biohub_CellTracking\experiments\diag_051_public_0942_tracklet_evidence\artifacts\tracklet_evidence/6bba_372c8cb8/pair_091_092.npz
Output file downloaded to E:\Project\Biohub_CellTracking\experiments\diag_051_public_0942_tracklet_evidence\artifacts\tracklet_evidence/6bba_372c8cb8/pair_092_093.npz
Output file downloaded to E:\Project\Biohub_CellTracking\experiments\diag_051_public_0942_tracklet_evidence\artifacts\tracklet_evidence/6bba_372c8cb8/pair_093_094.npz
Output file downloaded to E:\Project\Biohub_CellTracking\experiments\diag_051_public_0942_tracklet_evidence\artifacts\tracklet_evidence/6bba_372c8cb8/pair_094_095.npz
Output file downloaded to E:\Project\Biohub_CellTracking\experiments\diag_051_public_0942_tracklet_evidence\artifacts\tracklet_evidence/6bba_372c8cb8/pair_095_096.npz
Output file downloaded to E:\Project\Biohub_CellTracking\experiments\diag_051_public_0942_tracklet_evidence\artifacts\tracklet_evidence/6bba_372c8cb8/pair_096_097.npz
Output file downloaded to E:\Project\Biohub_CellTracking\experiments\diag_051_public_0942_tracklet_evidence\artifacts\tracklet_evidence/6bba_372c8cb8/pair_097_098.npz
Output file downloaded to E:\Project\Biohub_CellTracking\experiments\diag_051_public_0942_tracklet_evidence\artifacts\tracklet_evidence/6bba_372c8cb8/pair_098_099.npz
Output file downloaded to E:\Project\Biohub_CellTracking\experiments\diag_051_public_0942_tracklet_evidence\artifacts\tracklet_evidence/6bba_372c8cb8/pre_ilp_nodes.npz
Output file downloaded to E:\Project\Biohub_CellTracking\experiments\diag_051_public_0942_tracklet_evidence\artifacts\tracklet_evidence/6bba_372c8cb8/raw_post_ilp.json.gz
Output file downloaded to E:\Project\Biohub_CellTracking\experiments\diag_051_public_0942_tracklet_evidence\artifacts\tracklet_evidence/6bba_372c8cb8/safe_divisions.json.gz
Output file downloaded to E:\Project\Biohub_CellTracking\experiments\diag_051_public_0942_tracklet_evidence\artifacts\tracklet_evidence/6bba_372c8cb8/scorer_matching.json.gz
Output file downloaded to E:\Project\Biohub_CellTracking\experiments\diag_051_public_0942_tracklet_evidence\artifacts\tracklet_evidence/6bba_372c8cb8/short_track_filtered.json.gz
Output file downloaded to E:\Project\Biohub_CellTracking\experiments\diag_051_public_0942_tracklet_evidence\artifacts\tracklet_evidence/6bba_55c70843/degree_repaired.json.gz
Output file downloaded to E:\Project\Biohub_CellTracking\experiments\diag_051_public_0942_tracklet_evidence\artifacts\tracklet_evidence/6bba_55c70843/distance_filtered.json.gz
Output file downloaded to E:\Project\Biohub_CellTracking\experiments\diag_051_public_0942_tracklet_evidence\artifacts\tracklet_evidence/6bba_55c70843/final_scored.json.gz
Output file downloaded to E:\Project\Biohub_CellTracking\experiments\diag_051_public_0942_tracklet_evidence\artifacts\tracklet_evidence/6bba_55c70843/gap1.json.gz
Output file downloaded to E:\Project\Biohub_CellTracking\experiments\diag_051_public_0942_tracklet_evidence\artifacts\tracklet_evidence/6bba_55c70843/gap2.json.gz
Output file downloaded to E:\Project\Biohub_CellTracking\experiments\diag_051_public_0942_tracklet_evidence\artifacts\tracklet_evidence/6bba_55c70843/geometry_and_isolated.json.gz
Output file downloaded to E:\Project\Biohub_CellTracking\experiments\diag_051_public_0942_tracklet_evidence\artifacts\tracklet_evidence/6bba_55c70843/motion_relinked.json.gz
Output file downloaded to E:\Project\Biohub_CellTracking\experiments\diag_051_public_0942_tracklet_evidence\artifacts\tracklet_evidence/6bba_55c70843/pair_000_001.npz
Output file downloaded to E:\Project\Biohub_CellTracking\experiments\diag_051_public_0942_tracklet_evidence\artifacts\tracklet_evidence/6bba_55c70843/pair_001_002.npz
Output file downloaded to E:\Project\Biohub_CellTracking\experiments\diag_051_public_0942_tracklet_evidence\artifacts\tracklet_evidence/6bba_55c70843/pair_002_003.npz
Output file downloaded to E:\Project\Biohub_CellTracking\experiments\diag_051_public_0942_tracklet_evidence\artifacts\tracklet_evidence/6bba_55c70843/pair_003_004.npz
Output file downloaded to E:\Project\Biohub_CellTracking\experiments\diag_051_public_0942_tracklet_evidence\artifacts\tracklet_evidence/6bba_55c70843/pair_004_005.npz
Output file downloaded to E:\Project\Biohub_CellTracking\experiments\diag_051_public_0942_tracklet_evidence\artifacts\tracklet_evidence/6bba_55c70843/pair_005_006.npz
Output file downloaded to E:\Project\Biohub_CellTracking\experiments\diag_051_public_0942_tracklet_evidence\artifacts\tracklet_evidence/6bba_55c70843/pair_006_007.npz
Output file downloaded to E:\Project\Biohub_CellTracking\experiments\diag_051_public_0942_tracklet_evidence\artifacts\tracklet_evidence/6bba_55c70843/pair_007_008.npz
Output file downloaded to E:\Project\Biohub_CellTracking\experiments\diag_051_public_0942_tracklet_evidence\artifacts\tracklet_evidence/6bba_55c70843/pair_008_009.npz
Output file downloaded to E:\Project\Biohub_CellTracking\experiments\diag_051_public_0942_tracklet_evidence\artifacts\tracklet_evidence/6bba_55c70843/pair_009_010.npz
Output file downloaded to E:\Project\Biohub_CellTracking\experiments\diag_051_public_0942_tracklet_evidence\artifacts\tracklet_evidence/6bba_55c70843/pair_010_011.npz
Output file downloaded to E:\Project\Biohub_CellTracking\experiments\diag_051_public_0942_tracklet_evidence\artifacts\tracklet_evidence/6bba_55c70843/pair_011_012.npz
Output file downloaded to E:\Project\Biohub_CellTracking\experiments\diag_051_public_0942_tracklet_evidence\artifacts\tracklet_evidence/6bba_55c70843/pair_012_013.npz
Output file downloaded to E:\Project\Biohub_CellTracking\experiments\diag_051_public_0942_tracklet_evidence\artifacts\tracklet_evidence/6bba_55c70843/pair_013_014.npz
Output file downloaded to E:\Project\Biohub_CellTracking\experiments\diag_051_public_0942_tracklet_evidence\artifacts\tracklet_evidence/6bba_55c70843/pair_014_015.npz
Output file downloaded to E:\Project\Biohub_CellTracking\experiments\diag_051_public_0942_tracklet_evidence\artifacts\tracklet_evidence/6bba_55c70843/pair_015_016.npz
Output file downloaded to E:\Project\Biohub_CellTracking\experiments\diag_051_public_0942_tracklet_evidence\artifacts\tracklet_evidence/6bba_55c70843/pair_016_017.npz
Output file downloaded to E:\Project\Biohub_CellTracking\experiments\diag_051_public_0942_tracklet_evidence\artifacts\tracklet_evidence/6bba_55c70843/pair_017_018.npz
Output file downloaded to E:\Project\Biohub_CellTracking\experiments\diag_051_public_0942_tracklet_evidence\artifacts\tracklet_evidence/6bba_55c70843/pair_018_019.npz
Output file downloaded to E:\Project\Biohub_CellTracking\experiments\diag_051_public_0942_tracklet_evidence\artifacts\tracklet_evidence/6bba_55c70843/pair_019_020.npz
Output file downloaded to E:\Project\Biohub_CellTracking\experiments\diag_051_public_0942_tracklet_evidence\artifacts\tracklet_evidence/6bba_55c70843/pair_020_021.npz
Output file downloaded to E:\Project\Biohub_CellTracking\experiments\diag_051_public_0942_tracklet_evidence\artifacts\tracklet_evidence/6bba_55c70843/pair_021_022.npz
Output file downloaded to E:\Project\Biohub_CellTracking\experiments\diag_051_public_0942_tracklet_evidence\artifacts\tracklet_evidence/6bba_55c70843/pair_022_023.npz
Output file downloaded to E:\Project\Biohub_CellTracking\experiments\diag_051_public_0942_tracklet_evidence\artifacts\tracklet_evidence/6bba_55c70843/pair_023_024.npz
Output file downloaded to E:\Project\Biohub_CellTracking\experiments\diag_051_public_0942_tracklet_evidence\artifacts\tracklet_evidence/6bba_55c70843/pair_024_025.npz
Output file downloaded to E:\Project\Biohub_CellTracking\experiments\diag_051_public_0942_tracklet_evidence\artifacts\tracklet_evidence/6bba_55c70843/pair_025_026.npz
Output file downloaded to E:\Project\Biohub_CellTracking\experiments\diag_051_public_0942_tracklet_evidence\artifacts\tracklet_evidence/6bba_55c70843/pair_026_027.npz
Output file downloaded to E:\Project\Biohub_CellTracking\experiments\diag_051_public_0942_tracklet_evidence\artifacts\tracklet_evidence/6bba_55c70843/pair_027_028.npz
Output file downloaded to E:\Project\Biohub_CellTracking\experiments\diag_051_public_0942_tracklet_evidence\artifacts\tracklet_evidence/6bba_55c70843/pair_028_029.npz
Output file downloaded to E:\Project\Biohub_CellTracking\experiments\diag_051_public_0942_tracklet_evidence\artifacts\tracklet_evidence/6bba_55c70843/pair_029_030.npz
Output file downloaded to E:\Project\Biohub_CellTracking\experiments\diag_051_public_0942_tracklet_evidence\artifacts\tracklet_evidence/6bba_55c70843/pair_030_031.npz
Output file downloaded to E:\Project\Biohub_CellTracking\experiments\diag_051_public_0942_tracklet_evidence\artifacts\tracklet_evidence/6bba_55c70843/pair_031_032.npz
Output file downloaded to E:\Project\Biohub_CellTracking\experiments\diag_051_public_0942_tracklet_evidence\artifacts\tracklet_evidence/6bba_55c70843/pair_032_033.npz
Output file downloaded to E:\Project\Biohub_CellTracking\experiments\diag_051_public_0942_tracklet_evidence\artifacts\tracklet_evidence/6bba_55c70843/pair_033_034.npz
Output file downloaded to E:\Project\Biohub_CellTracking\experiments\diag_051_public_0942_tracklet_evidence\artifacts\tracklet_evidence/6bba_55c70843/pair_034_035.npz
Output file downloaded to E:\Project\Biohub_CellTracking\experiments\diag_051_public_0942_tracklet_evidence\artifacts\tracklet_evidence/6bba_55c70843/pair_035_036.npz
Output file downloaded to E:\Project\Biohub_CellTracking\experiments\diag_051_public_0942_tracklet_evidence\artifacts\tracklet_evidence/6bba_55c70843/pair_036_037.npz
Output file downloaded to E:\Project\Biohub_CellTracking\experiments\diag_051_public_0942_tracklet_evidence\artifacts\tracklet_evidence/6bba_55c70843/pair_037_038.npz
Output file downloaded to E:\Project\Biohub_CellTracking\experiments\diag_051_public_0942_tracklet_evidence\artifacts\tracklet_evidence/6bba_55c70843/pair_038_039.npz
Output file downloaded to E:\Project\Biohub_CellTracking\experiments\diag_051_public_0942_tracklet_evidence\artifacts\tracklet_evidence/6bba_55c70843/pair_039_040.npz
Output file downloaded to E:\Project\Biohub_CellTracking\experiments\diag_051_public_0942_tracklet_evidence\artifacts\tracklet_evidence/6bba_55c70843/pair_040_041.npz
Output file downloaded to E:\Project\Biohub_CellTracking\experiments\diag_051_public_0942_tracklet_evidence\artifacts\tracklet_evidence/6bba_55c70843/pair_041_042.npz
Output file downloaded to E:\Project\Biohub_CellTracking\experiments\diag_051_public_0942_tracklet_evidence\artifacts\tracklet_evidence/6bba_55c70843/pair_042_043.npz
Output file downloaded to E:\Project\Biohub_CellTracking\experiments\diag_051_public_0942_tracklet_evidence\artifacts\tracklet_evidence/6bba_55c70843/pair_043_044.npz
Output file downloaded to E:\Project\Biohub_CellTracking\experiments\diag_051_public_0942_tracklet_evidence\artifacts\tracklet_evidence/6bba_55c70843/pair_044_045.npz
Output file downloaded to E:\Project\Biohub_CellTracking\experiments\diag_051_public_0942_tracklet_evidence\artifacts\tracklet_evidence/6bba_55c70843/pair_045_046.npz
Output file downloaded to E:\Project\Biohub_CellTracking\experiments\diag_051_public_0942_tracklet_evidence\artifacts\tracklet_evidence/6bba_55c70843/pair_046_047.npz
Output file downloaded to E:\Project\Biohub_CellTracking\experiments\diag_051_public_0942_tracklet_evidence\artifacts\tracklet_evidence/6bba_55c70843/pair_047_048.npz
Output file downloaded to E:\Project\Biohub_CellTracking\experiments\diag_051_public_0942_tracklet_evidence\artifacts\tracklet_evidence/6bba_55c70843/pair_048_049.npz
Output file downloaded to E:\Project\Biohub_CellTracking\experiments\diag_051_public_0942_tracklet_evidence\artifacts\tracklet_evidence/6bba_55c70843/pair_049_050.npz
Output file downloaded to E:\Project\Biohub_CellTracking\experiments\diag_051_public_0942_tracklet_evidence\artifacts\tracklet_evidence/6bba_55c70843/pair_050_051.npz
Output file downloaded to E:\Project\Biohub_CellTracking\experiments\diag_051_public_0942_tracklet_evidence\artifacts\tracklet_evidence/6bba_55c70843/pair_051_052.npz
Output file downloaded to E:\Project\Biohub_CellTracking\experiments\diag_051_public_0942_tracklet_evidence\artifacts\tracklet_evidence/6bba_55c70843/pair_052_053.npz
Output file downloaded to E:\Project\Biohub_CellTracking\experiments\diag_051_public_0942_tracklet_evidence\artifacts\tracklet_evidence/6bba_55c70843/pair_053_054.npz
Output file downloaded to E:\Project\Biohub_CellTracking\experiments\diag_051_public_0942_tracklet_evidence\artifacts\tracklet_evidence/6bba_55c70843/pair_054_055.npz
Output file downloaded to E:\Project\Biohub_CellTracking\experiments\diag_051_public_0942_tracklet_evidence\artifacts\tracklet_evidence/6bba_55c70843/pair_055_056.npz
Output file downloaded to E:\Project\Biohub_CellTracking\experiments\diag_051_public_0942_tracklet_evidence\artifacts\tracklet_evidence/6bba_55c70843/pair_056_057.npz
Output file downloaded to E:\Project\Biohub_CellTracking\experiments\diag_051_public_0942_tracklet_evidence\artifacts\tracklet_evidence/6bba_55c70843/pair_057_058.npz
Output file downloaded to E:\Project\Biohub_CellTracking\experiments\diag_051_public_0942_tracklet_evidence\artifacts\tracklet_evidence/6bba_55c70843/pair_058_059.npz
Output file downloaded to E:\Project\Biohub_CellTracking\experiments\diag_051_public_0942_tracklet_evidence\artifacts\tracklet_evidence/6bba_55c70843/pair_059_060.npz
Output file downloaded to E:\Project\Biohub_CellTracking\experiments\diag_051_public_0942_tracklet_evidence\artifacts\tracklet_evidence/6bba_55c70843/pair_060_061.npz
Output file downloaded to E:\Project\Biohub_CellTracking\experiments\diag_051_public_0942_tracklet_evidence\artifacts\tracklet_evidence/6bba_55c70843/pair_061_062.npz
Output file downloaded to E:\Project\Biohub_CellTracking\experiments\diag_051_public_0942_tracklet_evidence\artifacts\tracklet_evidence/6bba_55c70843/pair_062_063.npz
Output file downloaded to E:\Project\Biohub_CellTracking\experiments\diag_051_public_0942_tracklet_evidence\artifacts\tracklet_evidence/6bba_55c70843/pair_063_064.npz
Output file downloaded to E:\Project\Biohub_CellTracking\experiments\diag_051_public_0942_tracklet_evidence\artifacts\tracklet_evidence/6bba_55c70843/pair_064_065.npz
Output file downloaded to E:\Project\Biohub_CellTracking\experiments\diag_051_public_0942_tracklet_evidence\artifacts\tracklet_evidence/6bba_55c70843/pair_065_066.npz
Output file downloaded to E:\Project\Biohub_CellTracking\experiments\diag_051_public_0942_tracklet_evidence\artifacts\tracklet_evidence/6bba_55c70843/pair_066_067.npz
Output file downloaded to E:\Project\Biohub_CellTracking\experiments\diag_051_public_0942_tracklet_evidence\artifacts\tracklet_evidence/6bba_55c70843/pair_067_068.npz
Output file downloaded to E:\Project\Biohub_CellTracking\experiments\diag_051_public_0942_tracklet_evidence\artifacts\tracklet_evidence/6bba_55c70843/pair_068_069.npz
Output file downloaded to E:\Project\Biohub_CellTracking\experiments\diag_051_public_0942_tracklet_evidence\artifacts\tracklet_evidence/6bba_55c70843/pair_069_070.npz
Output file downloaded to E:\Project\Biohub_CellTracking\experiments\diag_051_public_0942_tracklet_evidence\artifacts\tracklet_evidence/6bba_55c70843/pair_070_071.npz
Output file downloaded to E:\Project\Biohub_CellTracking\experiments\diag_051_public_0942_tracklet_evidence\artifacts\tracklet_evidence/6bba_55c70843/pair_071_072.npz
Output file downloaded to E:\Project\Biohub_CellTracking\experiments\diag_051_public_0942_tracklet_evidence\artifacts\tracklet_evidence/6bba_55c70843/pair_072_073.npz
Output file downloaded to E:\Project\Biohub_CellTracking\experiments\diag_051_public_0942_tracklet_evidence\artifacts\tracklet_evidence/6bba_55c70843/pair_073_074.npz
Output file downloaded to E:\Project\Biohub_CellTracking\experiments\diag_051_public_0942_tracklet_evidence\artifacts\tracklet_evidence/6bba_55c70843/pair_074_075.npz
Output file downloaded to E:\Project\Biohub_CellTracking\experiments\diag_051_public_0942_tracklet_evidence\artifacts\tracklet_evidence/6bba_55c70843/pair_075_076.npz
Output file downloaded to E:\Project\Biohub_CellTracking\experiments\diag_051_public_0942_tracklet_evidence\artifacts\tracklet_evidence/6bba_55c70843/pair_076_077.npz
Output file downloaded to E:\Project\Biohub_CellTracking\experiments\diag_051_public_0942_tracklet_evidence\artifacts\tracklet_evidence/6bba_55c70843/pair_077_078.npz
Output file downloaded to E:\Project\Biohub_CellTracking\experiments\diag_051_public_0942_tracklet_evidence\artifacts\tracklet_evidence/6bba_55c70843/pair_078_079.npz
Output file downloaded to E:\Project\Biohub_CellTracking\experiments\diag_051_public_0942_tracklet_evidence\artifacts\tracklet_evidence/6bba_55c70843/pair_079_080.npz
Output file downloaded to E:\Project\Biohub_CellTracking\experiments\diag_051_public_0942_tracklet_evidence\artifacts\tracklet_evidence/6bba_55c70843/pair_080_081.npz
Output file downloaded to E:\Project\Biohub_CellTracking\experiments\diag_051_public_0942_tracklet_evidence\artifacts\tracklet_evidence/6bba_55c70843/pair_081_082.npz
Output file downloaded to E:\Project\Biohub_CellTracking\experiments\diag_051_public_0942_tracklet_evidence\artifacts\tracklet_evidence/6bba_55c70843/pair_082_083.npz
Output file downloaded to E:\Project\Biohub_CellTracking\experiments\diag_051_public_0942_tracklet_evidence\artifacts\tracklet_evidence/6bba_55c70843/pair_083_084.npz
Output file downloaded to E:\Project\Biohub_CellTracking\experiments\diag_051_public_0942_tracklet_evidence\artifacts\tracklet_evidence/6bba_55c70843/pair_084_085.npz
Output file downloaded to E:\Project\Biohub_CellTracking\experiments\diag_051_public_0942_tracklet_evidence\artifacts\tracklet_evidence/6bba_55c70843/pair_085_086.npz
Output file downloaded to E:\Project\Biohub_CellTracking\experiments\diag_051_public_0942_tracklet_evidence\artifacts\tracklet_evidence/6bba_55c70843/pair_086_087.npz
Output file downloaded to E:\Project\Biohub_CellTracking\experiments\diag_051_public_0942_tracklet_evidence\artifacts\tracklet_evidence/6bba_55c70843/pair_087_088.npz
Output file downloaded to E:\Project\Biohub_CellTracking\experiments\diag_051_public_0942_tracklet_evidence\artifacts\tracklet_evidence/6bba_55c70843/pair_088_089.npz
Output file downloaded to E:\Project\Biohub_CellTracking\experiments\diag_051_public_0942_tracklet_evidence\artifacts\tracklet_evidence/6bba_55c70843/pair_089_090.npz
Output file downloaded to E:\Project\Biohub_CellTracking\experiments\diag_051_public_0942_tracklet_evidence\artifacts\tracklet_evidence/6bba_55c70843/pair_090_091.npz
Output file downloaded to E:\Project\Biohub_CellTracking\experiments\diag_051_public_0942_tracklet_evidence\artifacts\tracklet_evidence/6bba_55c70843/pair_091_092.npz
Output file downloaded to E:\Project\Biohub_CellTracking\experiments\diag_051_public_0942_tracklet_evidence\artifacts\tracklet_evidence/6bba_55c70843/pair_092_093.npz
Output file downloaded to E:\Project\Biohub_CellTracking\experiments\diag_051_public_0942_tracklet_evidence\artifacts\tracklet_evidence/6bba_55c70843/pair_093_094.npz
Output file downloaded to E:\Project\Biohub_CellTracking\experiments\diag_051_public_0942_tracklet_evidence\artifacts\tracklet_evidence/6bba_55c70843/pair_094_095.npz
Output file downloaded to E:\Project\Biohub_CellTracking\experiments\diag_051_public_0942_tracklet_evidence\artifacts\tracklet_evidence/6bba_55c70843/pair_095_096.npz
Output file downloaded to E:\Project\Biohub_CellTracking\experiments\diag_051_public_0942_tracklet_evidence\artifacts\tracklet_evidence/6bba_55c70843/pair_096_097.npz
Output file downloaded to E:\Project\Biohub_CellTracking\experiments\diag_051_public_0942_tracklet_evidence\artifacts\tracklet_evidence/6bba_55c70843/pair_097_098.npz
Output file downloaded to E:\Project\Biohub_CellTracking\experiments\diag_051_public_0942_tracklet_evidence\artifacts\tracklet_evidence/6bba_55c70843/pair_098_099.npz
Output file downloaded to E:\Project\Biohub_CellTracking\experiments\diag_051_public_0942_tracklet_evidence\artifacts\tracklet_evidence/6bba_55c70843/pre_ilp_nodes.npz
Output file downloaded to E:\Project\Biohub_CellTracking\experiments\diag_051_public_0942_tracklet_evidence\artifacts\tracklet_evidence/6bba_55c70843/raw_post_ilp.json.gz
Output file downloaded to E:\Project\Biohub_CellTracking\experiments\diag_051_public_0942_tracklet_evidence\artifacts\tracklet_evidence/6bba_55c70843/safe_divisions.json.gz
Output file downloaded to E:\Project\Biohub_CellTracking\experiments\diag_051_public_0942_tracklet_evidence\artifacts\tracklet_evidence/6bba_55c70843/scorer_matching.json.gz
Output file downloaded to E:\Project\Biohub_CellTracking\experiments\diag_051_public_0942_tracklet_evidence\artifacts\tracklet_evidence/6bba_55c70843/short_track_filtered.json.gz
Output file downloaded to E:\Project\Biohub_CellTracking\experiments\diag_051_public_0942_tracklet_evidence\artifacts\tracklet_evidence/6bba_80d12824/degree_repaired.json.gz
Output file downloaded to E:\Project\Biohub_CellTracking\experiments\diag_051_public_0942_tracklet_evidence\artifacts\tracklet_evidence/6bba_80d12824/distance_filtered.json.gz
Output file downloaded to E:\Project\Biohub_CellTracking\experiments\diag_051_public_0942_tracklet_evidence\artifacts\tracklet_evidence/6bba_80d12824/final_scored.json.gz
Output file downloaded to E:\Project\Biohub_CellTracking\experiments\diag_051_public_0942_tracklet_evidence\artifacts\tracklet_evidence/6bba_80d12824/gap1.json.gz
Output file downloaded to E:\Project\Biohub_CellTracking\experiments\diag_051_public_0942_tracklet_evidence\artifacts\tracklet_evidence/6bba_80d12824/gap2.json.gz
Output file downloaded to E:\Project\Biohub_CellTracking\experiments\diag_051_public_0942_tracklet_evidence\artifacts\tracklet_evidence/6bba_80d12824/geometry_and_isolated.json.gz
Output file downloaded to E:\Project\Biohub_CellTracking\experiments\diag_051_public_0942_tracklet_evidence\artifacts\tracklet_evidence/6bba_80d12824/motion_relinked.json.gz
Output file downloaded to E:\Project\Biohub_CellTracking\experiments\diag_051_public_0942_tracklet_evidence\artifacts\tracklet_evidence/6bba_80d12824/pair_000_001.npz
Output file downloaded to E:\Project\Biohub_CellTracking\experiments\diag_051_public_0942_tracklet_evidence\artifacts\tracklet_evidence/6bba_80d12824/pair_001_002.npz
Output file downloaded to E:\Project\Biohub_CellTracking\experiments\diag_051_public_0942_tracklet_evidence\artifacts\tracklet_evidence/6bba_80d12824/pair_002_003.npz
Output file downloaded to E:\Project\Biohub_CellTracking\experiments\diag_051_public_0942_tracklet_evidence\artifacts\tracklet_evidence/6bba_80d12824/pair_003_004.npz
Output file downloaded to E:\Project\Biohub_CellTracking\experiments\diag_051_public_0942_tracklet_evidence\artifacts\tracklet_evidence/6bba_80d12824/pair_004_005.npz
Output file downloaded to E:\Project\Biohub_CellTracking\experiments\diag_051_public_0942_tracklet_evidence\artifacts\tracklet_evidence/6bba_80d12824/pair_005_006.npz
Output file downloaded to E:\Project\Biohub_CellTracking\experiments\diag_051_public_0942_tracklet_evidence\artifacts\tracklet_evidence/6bba_80d12824/pair_006_007.npz
Output file downloaded to E:\Project\Biohub_CellTracking\experiments\diag_051_public_0942_tracklet_evidence\artifacts\tracklet_evidence/6bba_80d12824/pair_007_008.npz
Output file downloaded to E:\Project\Biohub_CellTracking\experiments\diag_051_public_0942_tracklet_evidence\artifacts\tracklet_evidence/6bba_80d12824/pair_008_009.npz
Output file downloaded to E:\Project\Biohub_CellTracking\experiments\diag_051_public_0942_tracklet_evidence\artifacts\tracklet_evidence/6bba_80d12824/pair_009_010.npz
Output file downloaded to E:\Project\Biohub_CellTracking\experiments\diag_051_public_0942_tracklet_evidence\artifacts\tracklet_evidence/6bba_80d12824/pair_010_011.npz
Output file downloaded to E:\Project\Biohub_CellTracking\experiments\diag_051_public_0942_tracklet_evidence\artifacts\tracklet_evidence/6bba_80d12824/pair_011_012.npz
Output file downloaded to E:\Project\Biohub_CellTracking\experiments\diag_051_public_0942_tracklet_evidence\artifacts\tracklet_evidence/6bba_80d12824/pair_012_013.npz
Output file downloaded to E:\Project\Biohub_CellTracking\experiments\diag_051_public_0942_tracklet_evidence\artifacts\tracklet_evidence/6bba_80d12824/pair_013_014.npz
Output file downloaded to E:\Project\Biohub_CellTracking\experiments\diag_051_public_0942_tracklet_evidence\artifacts\tracklet_evidence/6bba_80d12824/pair_014_015.npz
Output file downloaded to E:\Project\Biohub_CellTracking\experiments\diag_051_public_0942_tracklet_evidence\artifacts\tracklet_evidence/6bba_80d12824/pair_015_016.npz
Output file downloaded to E:\Project\Biohub_CellTracking\experiments\diag_051_public_0942_tracklet_evidence\artifacts\tracklet_evidence/6bba_80d12824/pair_016_017.npz
Output file downloaded to E:\Project\Biohub_CellTracking\experiments\diag_051_public_0942_tracklet_evidence\artifacts\tracklet_evidence/6bba_80d12824/pair_017_018.npz
Output file downloaded to E:\Project\Biohub_CellTracking\experiments\diag_051_public_0942_tracklet_evidence\artifacts\tracklet_evidence/6bba_80d12824/pair_018_019.npz
Output file downloaded to E:\Project\Biohub_CellTracking\experiments\diag_051_public_0942_tracklet_evidence\artifacts\tracklet_evidence/6bba_80d12824/pair_019_020.npz
Output file downloaded to E:\Project\Biohub_CellTracking\experiments\diag_051_public_0942_tracklet_evidence\artifacts\tracklet_evidence/6bba_80d12824/pair_020_021.npz
Output file downloaded to E:\Project\Biohub_CellTracking\experiments\diag_051_public_0942_tracklet_evidence\artifacts\tracklet_evidence/6bba_80d12824/pair_021_022.npz
Output file downloaded to E:\Project\Biohub_CellTracking\experiments\diag_051_public_0942_tracklet_evidence\artifacts\tracklet_evidence/6bba_80d12824/pair_022_023.npz
Output file downloaded to E:\Project\Biohub_CellTracking\experiments\diag_051_public_0942_tracklet_evidence\artifacts\tracklet_evidence/6bba_80d12824/pair_023_024.npz
Output file downloaded to E:\Project\Biohub_CellTracking\experiments\diag_051_public_0942_tracklet_evidence\artifacts\tracklet_evidence/6bba_80d12824/pair_024_025.npz
Output file downloaded to E:\Project\Biohub_CellTracking\experiments\diag_051_public_0942_tracklet_evidence\artifacts\tracklet_evidence/6bba_80d12824/pair_025_026.npz
Output file downloaded to E:\Project\Biohub_CellTracking\experiments\diag_051_public_0942_tracklet_evidence\artifacts\tracklet_evidence/6bba_80d12824/pair_026_027.npz
Output file downloaded to E:\Project\Biohub_CellTracking\experiments\diag_051_public_0942_tracklet_evidence\artifacts\tracklet_evidence/6bba_80d12824/pair_027_028.npz
Output file downloaded to E:\Project\Biohub_CellTracking\experiments\diag_051_public_0942_tracklet_evidence\artifacts\tracklet_evidence/6bba_80d12824/pair_028_029.npz
Output file downloaded to E:\Project\Biohub_CellTracking\experiments\diag_051_public_0942_tracklet_evidence\artifacts\tracklet_evidence/6bba_80d12824/pair_029_030.npz
Output file downloaded to E:\Project\Biohub_CellTracking\experiments\diag_051_public_0942_tracklet_evidence\artifacts\tracklet_evidence/6bba_80d12824/pair_030_031.npz
Output file downloaded to E:\Project\Biohub_CellTracking\experiments\diag_051_public_0942_tracklet_evidence\artifacts\tracklet_evidence/6bba_80d12824/pair_031_032.npz
Output file downloaded to E:\Project\Biohub_CellTracking\experiments\diag_051_public_0942_tracklet_evidence\artifacts\tracklet_evidence/6bba_80d12824/pair_032_033.npz
Output file downloaded to E:\Project\Biohub_CellTracking\experiments\diag_051_public_0942_tracklet_evidence\artifacts\tracklet_evidence/6bba_80d12824/pair_033_034.npz
Output file downloaded to E:\Project\Biohub_CellTracking\experiments\diag_051_public_0942_tracklet_evidence\artifacts\tracklet_evidence/6bba_80d12824/pair_034_035.npz
Output file downloaded to E:\Project\Biohub_CellTracking\experiments\diag_051_public_0942_tracklet_evidence\artifacts\tracklet_evidence/6bba_80d12824/pair_035_036.npz
Output file downloaded to E:\Project\Biohub_CellTracking\experiments\diag_051_public_0942_tracklet_evidence\artifacts\tracklet_evidence/6bba_80d12824/pair_036_037.npz
Output file downloaded to E:\Project\Biohub_CellTracking\experiments\diag_051_public_0942_tracklet_evidence\artifacts\tracklet_evidence/6bba_80d12824/pair_037_038.npz
Output file downloaded to E:\Project\Biohub_CellTracking\experiments\diag_051_public_0942_tracklet_evidence\artifacts\tracklet_evidence/6bba_80d12824/pair_038_039.npz
Output file downloaded to E:\Project\Biohub_CellTracking\experiments\diag_051_public_0942_tracklet_evidence\artifacts\tracklet_evidence/6bba_80d12824/pair_039_040.npz
Output file downloaded to E:\Project\Biohub_CellTracking\experiments\diag_051_public_0942_tracklet_evidence\artifacts\tracklet_evidence/6bba_80d12824/pair_040_041.npz
Output file downloaded to E:\Project\Biohub_CellTracking\experiments\diag_051_public_0942_tracklet_evidence\artifacts\tracklet_evidence/6bba_80d12824/pair_041_042.npz
Output file downloaded to E:\Project\Biohub_CellTracking\experiments\diag_051_public_0942_tracklet_evidence\artifacts\tracklet_evidence/6bba_80d12824/pair_042_043.npz
Output file downloaded to E:\Project\Biohub_CellTracking\experiments\diag_051_public_0942_tracklet_evidence\artifacts\tracklet_evidence/6bba_80d12824/pair_043_044.npz
Output file downloaded to E:\Project\Biohub_CellTracking\experiments\diag_051_public_0942_tracklet_evidence\artifacts\tracklet_evidence/6bba_80d12824/pair_044_045.npz
Output file downloaded to E:\Project\Biohub_CellTracking\experiments\diag_051_public_0942_tracklet_evidence\artifacts\tracklet_evidence/6bba_80d12824/pair_045_046.npz
Output file downloaded to E:\Project\Biohub_CellTracking\experiments\diag_051_public_0942_tracklet_evidence\artifacts\tracklet_evidence/6bba_80d12824/pair_046_047.npz
Output file downloaded to E:\Project\Biohub_CellTracking\experiments\diag_051_public_0942_tracklet_evidence\artifacts\tracklet_evidence/6bba_80d12824/pair_047_048.npz
Output file downloaded to E:\Project\Biohub_CellTracking\experiments\diag_051_public_0942_tracklet_evidence\artifacts\tracklet_evidence/6bba_80d12824/pair_048_049.npz
Output file downloaded to E:\Project\Biohub_CellTracking\experiments\diag_051_public_0942_tracklet_evidence\artifacts\tracklet_evidence/6bba_80d12824/pair_049_050.npz
Output file downloaded to E:\Project\Biohub_CellTracking\experiments\diag_051_public_0942_tracklet_evidence\artifacts\tracklet_evidence/6bba_80d12824/pair_050_051.npz
Output file downloaded to E:\Project\Biohub_CellTracking\experiments\diag_051_public_0942_tracklet_evidence\artifacts\tracklet_evidence/6bba_80d12824/pair_051_052.npz
Output file downloaded to E:\Project\Biohub_CellTracking\experiments\diag_051_public_0942_tracklet_evidence\artifacts\tracklet_evidence/6bba_80d12824/pair_052_053.npz
Output file downloaded to E:\Project\Biohub_CellTracking\experiments\diag_051_public_0942_tracklet_evidence\artifacts\tracklet_evidence/6bba_80d12824/pair_053_054.npz
Output file downloaded to E:\Project\Biohub_CellTracking\experiments\diag_051_public_0942_tracklet_evidence\artifacts\tracklet_evidence/6bba_80d12824/pair_054_055.npz
Output file downloaded to E:\Project\Biohub_CellTracking\experiments\diag_051_public_0942_tracklet_evidence\artifacts\tracklet_evidence/6bba_80d12824/pair_055_056.npz
Output file downloaded to E:\Project\Biohub_CellTracking\experiments\diag_051_public_0942_tracklet_evidence\artifacts\tracklet_evidence/6bba_80d12824/pair_056_057.npz
Output file downloaded to E:\Project\Biohub_CellTracking\experiments\diag_051_public_0942_tracklet_evidence\artifacts\tracklet_evidence/6bba_80d12824/pair_057_058.npz
Output file downloaded to E:\Project\Biohub_CellTracking\experiments\diag_051_public_0942_tracklet_evidence\artifacts\tracklet_evidence/6bba_80d12824/pair_058_059.npz
Output file downloaded to E:\Project\Biohub_CellTracking\experiments\diag_051_public_0942_tracklet_evidence\artifacts\tracklet_evidence/6bba_80d12824/pair_059_060.npz
Output file downloaded to E:\Project\Biohub_CellTracking\experiments\diag_051_public_0942_tracklet_evidence\artifacts\tracklet_evidence/6bba_80d12824/pair_060_061.npz
Output file downloaded to E:\Project\Biohub_CellTracking\experiments\diag_051_public_0942_tracklet_evidence\artifacts\tracklet_evidence/6bba_80d12824/pair_061_062.npz
Output file downloaded to E:\Project\Biohub_CellTracking\experiments\diag_051_public_0942_tracklet_evidence\artifacts\tracklet_evidence/6bba_80d12824/pair_062_063.npz
Output file downloaded to E:\Project\Biohub_CellTracking\experiments\diag_051_public_0942_tracklet_evidence\artifacts\tracklet_evidence/6bba_80d12824/pair_063_064.npz
Output file downloaded to E:\Project\Biohub_CellTracking\experiments\diag_051_public_0942_tracklet_evidence\artifacts\tracklet_evidence/6bba_80d12824/pair_064_065.npz
Output file downloaded to E:\Project\Biohub_CellTracking\experiments\diag_051_public_0942_tracklet_evidence\artifacts\tracklet_evidence/6bba_80d12824/pair_065_066.npz
Output file downloaded to E:\Project\Biohub_CellTracking\experiments\diag_051_public_0942_tracklet_evidence\artifacts\tracklet_evidence/6bba_80d12824/pair_066_067.npz
Output file downloaded to E:\Project\Biohub_CellTracking\experiments\diag_051_public_0942_tracklet_evidence\artifacts\tracklet_evidence/6bba_80d12824/pair_067_068.npz
Output file downloaded to E:\Project\Biohub_CellTracking\experiments\diag_051_public_0942_tracklet_evidence\artifacts\tracklet_evidence/6bba_80d12824/pair_068_069.npz
Output file downloaded to E:\Project\Biohub_CellTracking\experiments\diag_051_public_0942_tracklet_evidence\artifacts\tracklet_evidence/6bba_80d12824/pair_069_070.npz
Output file downloaded to E:\Project\Biohub_CellTracking\experiments\diag_051_public_0942_tracklet_evidence\artifacts\tracklet_evidence/6bba_80d12824/pair_070_071.npz
Output file downloaded to E:\Project\Biohub_CellTracking\experiments\diag_051_public_0942_tracklet_evidence\artifacts\tracklet_evidence/6bba_80d12824/pair_071_072.npz
Output file downloaded to E:\Project\Biohub_CellTracking\experiments\diag_051_public_0942_tracklet_evidence\artifacts\tracklet_evidence/6bba_80d12824/pair_072_073.npz
Output file downloaded to E:\Project\Biohub_CellTracking\experiments\diag_051_public_0942_tracklet_evidence\artifacts\tracklet_evidence/6bba_80d12824/pair_073_074.npz
Output file downloaded to E:\Project\Biohub_CellTracking\experiments\diag_051_public_0942_tracklet_evidence\artifacts\tracklet_evidence/6bba_80d12824/pair_074_075.npz
Output file downloaded to E:\Project\Biohub_CellTracking\experiments\diag_051_public_0942_tracklet_evidence\artifacts\tracklet_evidence/6bba_80d12824/pair_075_076.npz
Output file downloaded to E:\Project\Biohub_CellTracking\experiments\diag_051_public_0942_tracklet_evidence\artifacts\tracklet_evidence/6bba_80d12824/pair_076_077.npz
Output file downloaded to E:\Project\Biohub_CellTracking\experiments\diag_051_public_0942_tracklet_evidence\artifacts\tracklet_evidence/6bba_80d12824/pair_077_078.npz
Output file downloaded to E:\Project\Biohub_CellTracking\experiments\diag_051_public_0942_tracklet_evidence\artifacts\tracklet_evidence/6bba_80d12824/pair_078_079.npz
Output file downloaded to E:\Project\Biohub_CellTracking\experiments\diag_051_public_0942_tracklet_evidence\artifacts\tracklet_evidence/6bba_80d12824/pair_079_080.npz
Output file downloaded to E:\Project\Biohub_CellTracking\experiments\diag_051_public_0942_tracklet_evidence\artifacts\tracklet_evidence/6bba_80d12824/pair_080_081.npz
Output file downloaded to E:\Project\Biohub_CellTracking\experiments\diag_051_public_0942_tracklet_evidence\artifacts\tracklet_evidence/6bba_80d12824/pair_081_082.npz
Output file downloaded to E:\Project\Biohub_CellTracking\experiments\diag_051_public_0942_tracklet_evidence\artifacts\tracklet_evidence/6bba_80d12824/pair_082_083.npz
Output file downloaded to E:\Project\Biohub_CellTracking\experiments\diag_051_public_0942_tracklet_evidence\artifacts\tracklet_evidence/6bba_80d12824/pair_083_084.npz
Output file downloaded to E:\Project\Biohub_CellTracking\experiments\diag_051_public_0942_tracklet_evidence\artifacts\tracklet_evidence/6bba_80d12824/pair_084_085.npz
Output file downloaded to E:\Project\Biohub_CellTracking\experiments\diag_051_public_0942_tracklet_evidence\artifacts\tracklet_evidence/6bba_80d12824/pair_085_086.npz
Output file downloaded to E:\Project\Biohub_CellTracking\experiments\diag_051_public_0942_tracklet_evidence\artifacts\tracklet_evidence/6bba_80d12824/pair_086_087.npz
Output file downloaded to E:\Project\Biohub_CellTracking\experiments\diag_051_public_0942_tracklet_evidence\artifacts\tracklet_evidence/6bba_80d12824/pair_087_088.npz
Output file downloaded to E:\Project\Biohub_CellTracking\experiments\diag_051_public_0942_tracklet_evidence\artifacts\tracklet_evidence/6bba_80d12824/pair_088_089.npz
Output file downloaded to E:\Project\Biohub_CellTracking\experiments\diag_051_public_0942_tracklet_evidence\artifacts\tracklet_evidence/6bba_80d12824/pair_089_090.npz
Output file downloaded to E:\Project\Biohub_CellTracking\experiments\diag_051_public_0942_tracklet_evidence\artifacts\tracklet_evidence/6bba_80d12824/pair_090_091.npz
Output file downloaded to E:\Project\Biohub_CellTracking\experiments\diag_051_public_0942_tracklet_evidence\artifacts\tracklet_evidence/6bba_80d12824/pair_091_092.npz
Output file downloaded to E:\Project\Biohub_CellTracking\experiments\diag_051_public_0942_tracklet_evidence\artifacts\tracklet_evidence/6bba_80d12824/pair_092_093.npz
Output file downloaded to E:\Project\Biohub_CellTracking\experiments\diag_051_public_0942_tracklet_evidence\artifacts\tracklet_evidence/6bba_80d12824/pair_093_094.npz
Output file downloaded to E:\Project\Biohub_CellTracking\experiments\diag_051_public_0942_tracklet_evidence\artifacts\tracklet_evidence/6bba_80d12824/pair_094_095.npz
Output file downloaded to E:\Project\Biohub_CellTracking\experiments\diag_051_public_0942_tracklet_evidence\artifacts\tracklet_evidence/6bba_80d12824/pair_095_096.npz
Output file downloaded to E:\Project\Biohub_CellTracking\experiments\diag_051_public_0942_tracklet_evidence\artifacts\tracklet_evidence/6bba_80d12824/pair_096_097.npz
Output file downloaded to E:\Project\Biohub_CellTracking\experiments\diag_051_public_0942_tracklet_evidence\artifacts\tracklet_evidence/6bba_80d12824/pair_097_098.npz
Output file downloaded to E:\Project\Biohub_CellTracking\experiments\diag_051_public_0942_tracklet_evidence\artifacts\tracklet_evidence/6bba_80d12824/pair_098_099.npz
Output file downloaded to E:\Project\Biohub_CellTracking\experiments\diag_051_public_0942_tracklet_evidence\artifacts\tracklet_evidence/6bba_80d12824/pre_ilp_nodes.npz
Output file downloaded to E:\Project\Biohub_CellTracking\experiments\diag_051_public_0942_tracklet_evidence\artifacts\tracklet_evidence/6bba_80d12824/raw_post_ilp.json.gz
Output file downloaded to E:\Project\Biohub_CellTracking\experiments\diag_051_public_0942_tracklet_evidence\artifacts\tracklet_evidence/6bba_80d12824/safe_divisions.json.gz
Output file downloaded to E:\Project\Biohub_CellTracking\experiments\diag_051_public_0942_tracklet_evidence\artifacts\tracklet_evidence/6bba_80d12824/scorer_matching.json.gz
Output file downloaded to E:\Project\Biohub_CellTracking\experiments\diag_051_public_0942_tracklet_evidence\artifacts\tracklet_evidence/6bba_80d12824/short_track_filtered.json.gz
Output file downloaded to E:\Project\Biohub_CellTracking\experiments\diag_051_public_0942_tracklet_evidence\artifacts\tracklet_evidence/6bba_ef7b4f7e/degree_repaired.json.gz
Output file downloaded to E:\Project\Biohub_CellTracking\experiments\diag_051_public_0942_tracklet_evidence\artifacts\tracklet_evidence/6bba_ef7b4f7e/distance_filtered.json.gz
Output file downloaded to E:\Project\Biohub_CellTracking\experiments\diag_051_public_0942_tracklet_evidence\artifacts\tracklet_evidence/6bba_ef7b4f7e/final_scored.json.gz
Output file downloaded to E:\Project\Biohub_CellTracking\experiments\diag_051_public_0942_tracklet_evidence\artifacts\tracklet_evidence/6bba_ef7b4f7e/gap1.json.gz
Output file downloaded to E:\Project\Biohub_CellTracking\experiments\diag_051_public_0942_tracklet_evidence\artifacts\tracklet_evidence/6bba_ef7b4f7e/gap2.json.gz
Output file downloaded to E:\Project\Biohub_CellTracking\experiments\diag_051_public_0942_tracklet_evidence\artifacts\tracklet_evidence/6bba_ef7b4f7e/geometry_and_isolated.json.gz
Output file downloaded to E:\Project\Biohub_CellTracking\experiments\diag_051_public_0942_tracklet_evidence\artifacts\tracklet_evidence/6bba_ef7b4f7e/motion_relinked.json.gz
Output file downloaded to E:\Project\Biohub_CellTracking\experiments\diag_051_public_0942_tracklet_evidence\artifacts\tracklet_evidence/6bba_ef7b4f7e/pair_000_001.npz
Output file downloaded to E:\Project\Biohub_CellTracking\experiments\diag_051_public_0942_tracklet_evidence\artifacts\tracklet_evidence/6bba_ef7b4f7e/pair_001_002.npz
Output file downloaded to E:\Project\Biohub_CellTracking\experiments\diag_051_public_0942_tracklet_evidence\artifacts\tracklet_evidence/6bba_ef7b4f7e/pair_002_003.npz
Output file downloaded to E:\Project\Biohub_CellTracking\experiments\diag_051_public_0942_tracklet_evidence\artifacts\tracklet_evidence/6bba_ef7b4f7e/pair_003_004.npz
Output file downloaded to E:\Project\Biohub_CellTracking\experiments\diag_051_public_0942_tracklet_evidence\artifacts\tracklet_evidence/6bba_ef7b4f7e/pair_004_005.npz
Output file downloaded to E:\Project\Biohub_CellTracking\experiments\diag_051_public_0942_tracklet_evidence\artifacts\tracklet_evidence/6bba_ef7b4f7e/pair_005_006.npz
Output file downloaded to E:\Project\Biohub_CellTracking\experiments\diag_051_public_0942_tracklet_evidence\artifacts\tracklet_evidence/6bba_ef7b4f7e/pair_006_007.npz
Output file downloaded to E:\Project\Biohub_CellTracking\experiments\diag_051_public_0942_tracklet_evidence\artifacts\tracklet_evidence/6bba_ef7b4f7e/pair_007_008.npz
Output file downloaded to E:\Project\Biohub_CellTracking\experiments\diag_051_public_0942_tracklet_evidence\artifacts\tracklet_evidence/6bba_ef7b4f7e/pair_008_009.npz
Output file downloaded to E:\Project\Biohub_CellTracking\experiments\diag_051_public_0942_tracklet_evidence\artifacts\tracklet_evidence/6bba_ef7b4f7e/pair_009_010.npz
Output file downloaded to E:\Project\Biohub_CellTracking\experiments\diag_051_public_0942_tracklet_evidence\artifacts\tracklet_evidence/6bba_ef7b4f7e/pair_010_011.npz
Output file downloaded to E:\Project\Biohub_CellTracking\experiments\diag_051_public_0942_tracklet_evidence\artifacts\tracklet_evidence/6bba_ef7b4f7e/pair_011_012.npz
Output file downloaded to E:\Project\Biohub_CellTracking\experiments\diag_051_public_0942_tracklet_evidence\artifacts\tracklet_evidence/6bba_ef7b4f7e/pair_012_013.npz
Output file downloaded to E:\Project\Biohub_CellTracking\experiments\diag_051_public_0942_tracklet_evidence\artifacts\tracklet_evidence/6bba_ef7b4f7e/pair_013_014.npz
Output file downloaded to E:\Project\Biohub_CellTracking\experiments\diag_051_public_0942_tracklet_evidence\artifacts\tracklet_evidence/6bba_ef7b4f7e/pair_014_015.npz
Output file downloaded to E:\Project\Biohub_CellTracking\experiments\diag_051_public_0942_tracklet_evidence\artifacts\tracklet_evidence/6bba_ef7b4f7e/pair_015_016.npz
Output file downloaded to E:\Project\Biohub_CellTracking\experiments\diag_051_public_0942_tracklet_evidence\artifacts\tracklet_evidence/6bba_ef7b4f7e/pair_016_017.npz
Output file downloaded to E:\Project\Biohub_CellTracking\experiments\diag_051_public_0942_tracklet_evidence\artifacts\tracklet_evidence/6bba_ef7b4f7e/pair_017_018.npz
Output file downloaded to E:\Project\Biohub_CellTracking\experiments\diag_051_public_0942_tracklet_evidence\artifacts\tracklet_evidence/6bba_ef7b4f7e/pair_018_019.npz
Output file downloaded to E:\Project\Biohub_CellTracking\experiments\diag_051_public_0942_tracklet_evidence\artifacts\tracklet_evidence/6bba_ef7b4f7e/pair_019_020.npz
Output file downloaded to E:\Project\Biohub_CellTracking\experiments\diag_051_public_0942_tracklet_evidence\artifacts\tracklet_evidence/6bba_ef7b4f7e/pair_020_021.npz
Output file downloaded to E:\Project\Biohub_CellTracking\experiments\diag_051_public_0942_tracklet_evidence\artifacts\tracklet_evidence/6bba_ef7b4f7e/pair_021_022.npz
Output file downloaded to E:\Project\Biohub_CellTracking\experiments\diag_051_public_0942_tracklet_evidence\artifacts\tracklet_evidence/6bba_ef7b4f7e/pair_022_023.npz
Output file downloaded to E:\Project\Biohub_CellTracking\experiments\diag_051_public_0942_tracklet_evidence\artifacts\tracklet_evidence/6bba_ef7b4f7e/pair_023_024.npz
Output file downloaded to E:\Project\Biohub_CellTracking\experiments\diag_051_public_0942_tracklet_evidence\artifacts\tracklet_evidence/6bba_ef7b4f7e/pair_024_025.npz
Output file downloaded to E:\Project\Biohub_CellTracking\experiments\diag_051_public_0942_tracklet_evidence\artifacts\tracklet_evidence/6bba_ef7b4f7e/pair_025_026.npz
Output file downloaded to E:\Project\Biohub_CellTracking\experiments\diag_051_public_0942_tracklet_evidence\artifacts\tracklet_evidence/6bba_ef7b4f7e/pair_026_027.npz
Output file downloaded to E:\Project\Biohub_CellTracking\experiments\diag_051_public_0942_tracklet_evidence\artifacts\tracklet_evidence/6bba_ef7b4f7e/pair_027_028.npz
Output file downloaded to E:\Project\Biohub_CellTracking\experiments\diag_051_public_0942_tracklet_evidence\artifacts\tracklet_evidence/6bba_ef7b4f7e/pair_028_029.npz
Output file downloaded to E:\Project\Biohub_CellTracking\experiments\diag_051_public_0942_tracklet_evidence\artifacts\tracklet_evidence/6bba_ef7b4f7e/pair_029_030.npz
Output file downloaded to E:\Project\Biohub_CellTracking\experiments\diag_051_public_0942_tracklet_evidence\artifacts\tracklet_evidence/6bba_ef7b4f7e/pair_030_031.npz
Output file downloaded to E:\Project\Biohub_CellTracking\experiments\diag_051_public_0942_tracklet_evidence\artifacts\tracklet_evidence/6bba_ef7b4f7e/pair_031_032.npz
Output file downloaded to E:\Project\Biohub_CellTracking\experiments\diag_051_public_0942_tracklet_evidence\artifacts\tracklet_evidence/6bba_ef7b4f7e/pair_032_033.npz
Output file downloaded to E:\Project\Biohub_CellTracking\experiments\diag_051_public_0942_tracklet_evidence\artifacts\tracklet_evidence/6bba_ef7b4f7e/pair_033_034.npz
Output file downloaded to E:\Project\Biohub_CellTracking\experiments\diag_051_public_0942_tracklet_evidence\artifacts\tracklet_evidence/6bba_ef7b4f7e/pair_034_035.npz
Output file downloaded to E:\Project\Biohub_CellTracking\experiments\diag_051_public_0942_tracklet_evidence\artifacts\tracklet_evidence/6bba_ef7b4f7e/pair_035_036.npz
Output file downloaded to E:\Project\Biohub_CellTracking\experiments\diag_051_public_0942_tracklet_evidence\artifacts\tracklet_evidence/6bba_ef7b4f7e/pair_036_037.npz
Output file downloaded to E:\Project\Biohub_CellTracking\experiments\diag_051_public_0942_tracklet_evidence\artifacts\tracklet_evidence/6bba_ef7b4f7e/pair_037_038.npz
Output file downloaded to E:\Project\Biohub_CellTracking\experiments\diag_051_public_0942_tracklet_evidence\artifacts\tracklet_evidence/6bba_ef7b4f7e/pair_038_039.npz
Output file downloaded to E:\Project\Biohub_CellTracking\experiments\diag_051_public_0942_tracklet_evidence\artifacts\tracklet_evidence/6bba_ef7b4f7e/pair_039_040.npz
Output file downloaded to E:\Project\Biohub_CellTracking\experiments\diag_051_public_0942_tracklet_evidence\artifacts\tracklet_evidence/6bba_ef7b4f7e/pair_040_041.npz
Output file downloaded to E:\Project\Biohub_CellTracking\experiments\diag_051_public_0942_tracklet_evidence\artifacts\tracklet_evidence/6bba_ef7b4f7e/pair_041_042.npz
Output file downloaded to E:\Project\Biohub_CellTracking\experiments\diag_051_public_0942_tracklet_evidence\artifacts\tracklet_evidence/6bba_ef7b4f7e/pair_042_043.npz
Output file downloaded to E:\Project\Biohub_CellTracking\experiments\diag_051_public_0942_tracklet_evidence\artifacts\tracklet_evidence/6bba_ef7b4f7e/pair_043_044.npz
Output file downloaded to E:\Project\Biohub_CellTracking\experiments\diag_051_public_0942_tracklet_evidence\artifacts\tracklet_evidence/6bba_ef7b4f7e/pair_044_045.npz
Output file downloaded to E:\Project\Biohub_CellTracking\experiments\diag_051_public_0942_tracklet_evidence\artifacts\tracklet_evidence/6bba_ef7b4f7e/pair_045_046.npz
Output file downloaded to E:\Project\Biohub_CellTracking\experiments\diag_051_public_0942_tracklet_evidence\artifacts\tracklet_evidence/6bba_ef7b4f7e/pair_046_047.npz
Output file downloaded to E:\Project\Biohub_CellTracking\experiments\diag_051_public_0942_tracklet_evidence\artifacts\tracklet_evidence/6bba_ef7b4f7e/pair_047_048.npz
Output file downloaded to E:\Project\Biohub_CellTracking\experiments\diag_051_public_0942_tracklet_evidence\artifacts\tracklet_evidence/6bba_ef7b4f7e/pair_048_049.npz
Output file downloaded to E:\Project\Biohub_CellTracking\experiments\diag_051_public_0942_tracklet_evidence\artifacts\tracklet_evidence/6bba_ef7b4f7e/pair_049_050.npz
Output file downloaded to E:\Project\Biohub_CellTracking\experiments\diag_051_public_0942_tracklet_evidence\artifacts\tracklet_evidence/6bba_ef7b4f7e/pair_050_051.npz
Output file downloaded to E:\Project\Biohub_CellTracking\experiments\diag_051_public_0942_tracklet_evidence\artifacts\tracklet_evidence/6bba_ef7b4f7e/pair_051_052.npz
Output file downloaded to E:\Project\Biohub_CellTracking\experiments\diag_051_public_0942_tracklet_evidence\artifacts\tracklet_evidence/6bba_ef7b4f7e/pair_052_053.npz
Output file downloaded to E:\Project\Biohub_CellTracking\experiments\diag_051_public_0942_tracklet_evidence\artifacts\tracklet_evidence/6bba_ef7b4f7e/pair_053_054.npz
Output file downloaded to E:\Project\Biohub_CellTracking\experiments\diag_051_public_0942_tracklet_evidence\artifacts\tracklet_evidence/6bba_ef7b4f7e/pair_054_055.npz
Output file downloaded to E:\Project\Biohub_CellTracking\experiments\diag_051_public_0942_tracklet_evidence\artifacts\tracklet_evidence/6bba_ef7b4f7e/pair_055_056.npz
Output file downloaded to E:\Project\Biohub_CellTracking\experiments\diag_051_public_0942_tracklet_evidence\artifacts\tracklet_evidence/6bba_ef7b4f7e/pair_056_057.npz
Output file downloaded to E:\Project\Biohub_CellTracking\experiments\diag_051_public_0942_tracklet_evidence\artifacts\tracklet_evidence/6bba_ef7b4f7e/pair_057_058.npz
Output file downloaded to E:\Project\Biohub_CellTracking\experiments\diag_051_public_0942_tracklet_evidence\artifacts\tracklet_evidence/6bba_ef7b4f7e/pair_058_059.npz
Output file downloaded to E:\Project\Biohub_CellTracking\experiments\diag_051_public_0942_tracklet_evidence\artifacts\tracklet_evidence/6bba_ef7b4f7e/pair_059_060.npz
Output file downloaded to E:\Project\Biohub_CellTracking\experiments\diag_051_public_0942_tracklet_evidence\artifacts\tracklet_evidence/6bba_ef7b4f7e/pair_060_061.npz
Output file downloaded to E:\Project\Biohub_CellTracking\experiments\diag_051_public_0942_tracklet_evidence\artifacts\tracklet_evidence/6bba_ef7b4f7e/pair_061_062.npz
Output file downloaded to E:\Project\Biohub_CellTracking\experiments\diag_051_public_0942_tracklet_evidence\artifacts\tracklet_evidence/6bba_ef7b4f7e/pair_062_063.npz
Output file downloaded to E:\Project\Biohub_CellTracking\experiments\diag_051_public_0942_tracklet_evidence\artifacts\tracklet_evidence/6bba_ef7b4f7e/pair_063_064.npz
Output file downloaded to E:\Project\Biohub_CellTracking\experiments\diag_051_public_0942_tracklet_evidence\artifacts\tracklet_evidence/6bba_ef7b4f7e/pair_064_065.npz
Output file downloaded to E:\Project\Biohub_CellTracking\experiments\diag_051_public_0942_tracklet_evidence\artifacts\tracklet_evidence/6bba_ef7b4f7e/pair_065_066.npz
Output file downloaded to E:\Project\Biohub_CellTracking\experiments\diag_051_public_0942_tracklet_evidence\artifacts\tracklet_evidence/6bba_ef7b4f7e/pair_066_067.npz
Output file downloaded to E:\Project\Biohub_CellTracking\experiments\diag_051_public_0942_tracklet_evidence\artifacts\tracklet_evidence/6bba_ef7b4f7e/pair_067_068.npz
Output file downloaded to E:\Project\Biohub_CellTracking\experiments\diag_051_public_0942_tracklet_evidence\artifacts\tracklet_evidence/6bba_ef7b4f7e/pair_068_069.npz
Output file downloaded to E:\Project\Biohub_CellTracking\experiments\diag_051_public_0942_tracklet_evidence\artifacts\tracklet_evidence/6bba_ef7b4f7e/pair_069_070.npz
Output file downloaded to E:\Project\Biohub_CellTracking\experiments\diag_051_public_0942_tracklet_evidence\artifacts\tracklet_evidence/6bba_ef7b4f7e/pair_070_071.npz
Output file downloaded to E:\Project\Biohub_CellTracking\experiments\diag_051_public_0942_tracklet_evidence\artifacts\tracklet_evidence/6bba_ef7b4f7e/pair_071_072.npz
Output file downloaded to E:\Project\Biohub_CellTracking\experiments\diag_051_public_0942_tracklet_evidence\artifacts\tracklet_evidence/6bba_ef7b4f7e/pair_072_073.npz
Output file downloaded to E:\Project\Biohub_CellTracking\experiments\diag_051_public_0942_tracklet_evidence\artifacts\tracklet_evidence/6bba_ef7b4f7e/pair_073_074.npz
Output file downloaded to E:\Project\Biohub_CellTracking\experiments\diag_051_public_0942_tracklet_evidence\artifacts\tracklet_evidence/6bba_ef7b4f7e/pair_074_075.npz
Output file downloaded to E:\Project\Biohub_CellTracking\experiments\diag_051_public_0942_tracklet_evidence\artifacts\tracklet_evidence/6bba_ef7b4f7e/pair_075_076.npz
Output file downloaded to E:\Project\Biohub_CellTracking\experiments\diag_051_public_0942_tracklet_evidence\artifacts\tracklet_evidence/6bba_ef7b4f7e/pair_076_077.npz
Output file downloaded to E:\Project\Biohub_CellTracking\experiments\diag_051_public_0942_tracklet_evidence\artifacts\tracklet_evidence/6bba_ef7b4f7e/pair_077_078.npz
Output file downloaded to E:\Project\Biohub_CellTracking\experiments\diag_051_public_0942_tracklet_evidence\artifacts\tracklet_evidence/6bba_ef7b4f7e/pair_078_079.npz
Output file downloaded to E:\Project\Biohub_CellTracking\experiments\diag_051_public_0942_tracklet_evidence\artifacts\tracklet_evidence/6bba_ef7b4f7e/pair_079_080.npz
Output file downloaded to E:\Project\Biohub_CellTracking\experiments\diag_051_public_0942_tracklet_evidence\artifacts\tracklet_evidence/6bba_ef7b4f7e/pair_080_081.npz
Output file downloaded to E:\Project\Biohub_CellTracking\experiments\diag_051_public_0942_tracklet_evidence\artifacts\tracklet_evidence/6bba_ef7b4f7e/pair_081_082.npz
Output file downloaded to E:\Project\Biohub_CellTracking\experiments\diag_051_public_0942_tracklet_evidence\artifacts\tracklet_evidence/6bba_ef7b4f7e/pair_082_083.npz
Output file downloaded to E:\Project\Biohub_CellTracking\experiments\diag_051_public_0942_tracklet_evidence\artifacts\tracklet_evidence/6bba_ef7b4f7e/pair_083_084.npz
Output file downloaded to E:\Project\Biohub_CellTracking\experiments\diag_051_public_0942_tracklet_evidence\artifacts\tracklet_evidence/6bba_ef7b4f7e/pair_084_085.npz
Output file downloaded to E:\Project\Biohub_CellTracking\experiments\diag_051_public_0942_tracklet_evidence\artifacts\tracklet_evidence/6bba_ef7b4f7e/pair_085_086.npz
Output file downloaded to E:\Project\Biohub_CellTracking\experiments\diag_051_public_0942_tracklet_evidence\artifacts\tracklet_evidence/6bba_ef7b4f7e/pair_086_087.npz
Output file downloaded to E:\Project\Biohub_CellTracking\experiments\diag_051_public_0942_tracklet_evidence\artifacts\tracklet_evidence/6bba_ef7b4f7e/pair_087_088.npz
Output file downloaded to E:\Project\Biohub_CellTracking\experiments\diag_051_public_0942_tracklet_evidence\artifacts\tracklet_evidence/6bba_ef7b4f7e/pair_088_089.npz
Output file downloaded to E:\Project\Biohub_CellTracking\experiments\diag_051_public_0942_tracklet_evidence\artifacts\tracklet_evidence/6bba_ef7b4f7e/pair_089_090.npz
Output file downloaded to E:\Project\Biohub_CellTracking\experiments\diag_051_public_0942_tracklet_evidence\artifacts\tracklet_evidence/6bba_ef7b4f7e/pair_090_091.npz
Output file downloaded to E:\Project\Biohub_CellTracking\experiments\diag_051_public_0942_tracklet_evidence\artifacts\tracklet_evidence/6bba_ef7b4f7e/pair_091_092.npz
Output file downloaded to E:\Project\Biohub_CellTracking\experiments\diag_051_public_0942_tracklet_evidence\artifacts\tracklet_evidence/6bba_ef7b4f7e/pair_092_093.npz
Output file downloaded to E:\Project\Biohub_CellTracking\experiments\diag_051_public_0942_tracklet_evidence\artifacts\tracklet_evidence/6bba_ef7b4f7e/pair_093_094.npz
Output file downloaded to E:\Project\Biohub_CellTracking\experiments\diag_051_public_0942_tracklet_evidence\artifacts\tracklet_evidence/6bba_ef7b4f7e/pair_094_095.npz
Output file downloaded to E:\Project\Biohub_CellTracking\experiments\diag_051_public_0942_tracklet_evidence\artifacts\tracklet_evidence/6bba_ef7b4f7e/pair_095_096.npz
Output file downloaded to E:\Project\Biohub_CellTracking\experiments\diag_051_public_0942_tracklet_evidence\artifacts\tracklet_evidence/6bba_ef7b4f7e/pair_096_097.npz
Output file downloaded to E:\Project\Biohub_CellTracking\experiments\diag_051_public_0942_tracklet_evidence\artifacts\tracklet_evidence/6bba_ef7b4f7e/pair_097_098.npz
Output file downloaded to E:\Project\Biohub_CellTracking\experiments\diag_051_public_0942_tracklet_evidence\artifacts\tracklet_evidence/6bba_ef7b4f7e/pair_098_099.npz
Output file downloaded to E:\Project\Biohub_CellTracking\experiments\diag_051_public_0942_tracklet_evidence\artifacts\tracklet_evidence/6bba_ef7b4f7e/pre_ilp_nodes.npz
Output file downloaded to E:\Project\Biohub_CellTracking\experiments\diag_051_public_0942_tracklet_evidence\artifacts\tracklet_evidence/6bba_ef7b4f7e/raw_post_ilp.json.gz
Output file downloaded to E:\Project\Biohub_CellTracking\experiments\diag_051_public_0942_tracklet_evidence\artifacts\tracklet_evidence/6bba_ef7b4f7e/safe_divisions.json.gz
Output file downloaded to E:\Project\Biohub_CellTracking\experiments\diag_051_public_0942_tracklet_evidence\artifacts\tracklet_evidence/6bba_ef7b4f7e/scorer_matching.json.gz
Output file downloaded to E:\Project\Biohub_CellTracking\experiments\diag_051_public_0942_tracklet_evidence\artifacts\tracklet_evidence/6bba_ef7b4f7e/short_track_filtered.json.gz
Output file downloaded to E:\Project\Biohub_CellTracking\experiments\diag_051_public_0942_tracklet_evidence\artifacts\tracklet_evidence/6bba_fe670320/degree_repaired.json.gz
Output file downloaded to E:\Project\Biohub_CellTracking\experiments\diag_051_public_0942_tracklet_evidence\artifacts\tracklet_evidence/6bba_fe670320/distance_filtered.json.gz
Output file downloaded to E:\Project\Biohub_CellTracking\experiments\diag_051_public_0942_tracklet_evidence\artifacts\tracklet_evidence/6bba_fe670320/final_scored.json.gz
Output file downloaded to E:\Project\Biohub_CellTracking\experiments\diag_051_public_0942_tracklet_evidence\artifacts\tracklet_evidence/6bba_fe670320/gap1.json.gz
Output file downloaded to E:\Project\Biohub_CellTracking\experiments\diag_051_public_0942_tracklet_evidence\artifacts\tracklet_evidence/6bba_fe670320/gap2.json.gz
Output file downloaded to E:\Project\Biohub_CellTracking\experiments\diag_051_public_0942_tracklet_evidence\artifacts\tracklet_evidence/6bba_fe670320/geometry_and_isolated.json.gz
Output file downloaded to E:\Project\Biohub_CellTracking\experiments\diag_051_public_0942_tracklet_evidence\artifacts\tracklet_evidence/6bba_fe670320/motion_relinked.json.gz
Output file downloaded to E:\Project\Biohub_CellTracking\experiments\diag_051_public_0942_tracklet_evidence\artifacts\tracklet_evidence/6bba_fe670320/pair_000_001.npz
Output file downloaded to E:\Project\Biohub_CellTracking\experiments\diag_051_public_0942_tracklet_evidence\artifacts\tracklet_evidence/6bba_fe670320/pair_001_002.npz
Output file downloaded to E:\Project\Biohub_CellTracking\experiments\diag_051_public_0942_tracklet_evidence\artifacts\tracklet_evidence/6bba_fe670320/pair_002_003.npz
Output file downloaded to E:\Project\Biohub_CellTracking\experiments\diag_051_public_0942_tracklet_evidence\artifacts\tracklet_evidence/6bba_fe670320/pair_003_004.npz
Output file downloaded to E:\Project\Biohub_CellTracking\experiments\diag_051_public_0942_tracklet_evidence\artifacts\tracklet_evidence/6bba_fe670320/pair_004_005.npz
Output file downloaded to E:\Project\Biohub_CellTracking\experiments\diag_051_public_0942_tracklet_evidence\artifacts\tracklet_evidence/6bba_fe670320/pair_005_006.npz
Output file downloaded to E:\Project\Biohub_CellTracking\experiments\diag_051_public_0942_tracklet_evidence\artifacts\tracklet_evidence/6bba_fe670320/pair_006_007.npz
Output file downloaded to E:\Project\Biohub_CellTracking\experiments\diag_051_public_0942_tracklet_evidence\artifacts\tracklet_evidence/6bba_fe670320/pair_007_008.npz
Output file downloaded to E:\Project\Biohub_CellTracking\experiments\diag_051_public_0942_tracklet_evidence\artifacts\tracklet_evidence/6bba_fe670320/pair_008_009.npz
Output file downloaded to E:\Project\Biohub_CellTracking\experiments\diag_051_public_0942_tracklet_evidence\artifacts\tracklet_evidence/6bba_fe670320/pair_009_010.npz
Output file downloaded to E:\Project\Biohub_CellTracking\experiments\diag_051_public_0942_tracklet_evidence\artifacts\tracklet_evidence/6bba_fe670320/pair_010_011.npz
Output file downloaded to E:\Project\Biohub_CellTracking\experiments\diag_051_public_0942_tracklet_evidence\artifacts\tracklet_evidence/6bba_fe670320/pair_011_012.npz
Output file downloaded to E:\Project\Biohub_CellTracking\experiments\diag_051_public_0942_tracklet_evidence\artifacts\tracklet_evidence/6bba_fe670320/pair_012_013.npz
Output file downloaded to E:\Project\Biohub_CellTracking\experiments\diag_051_public_0942_tracklet_evidence\artifacts\tracklet_evidence/6bba_fe670320/pair_013_014.npz
Output file downloaded to E:\Project\Biohub_CellTracking\experiments\diag_051_public_0942_tracklet_evidence\artifacts\tracklet_evidence/6bba_fe670320/pair_014_015.npz
Output file downloaded to E:\Project\Biohub_CellTracking\experiments\diag_051_public_0942_tracklet_evidence\artifacts\tracklet_evidence/6bba_fe670320/pair_015_016.npz
Output file downloaded to E:\Project\Biohub_CellTracking\experiments\diag_051_public_0942_tracklet_evidence\artifacts\tracklet_evidence/6bba_fe670320/pair_016_017.npz
Output file downloaded to E:\Project\Biohub_CellTracking\experiments\diag_051_public_0942_tracklet_evidence\artifacts\tracklet_evidence/6bba_fe670320/pair_017_018.npz
Output file downloaded to E:\Project\Biohub_CellTracking\experiments\diag_051_public_0942_tracklet_evidence\artifacts\tracklet_evidence/6bba_fe670320/pair_018_019.npz
Output file downloaded to E:\Project\Biohub_CellTracking\experiments\diag_051_public_0942_tracklet_evidence\artifacts\tracklet_evidence/6bba_fe670320/pair_019_020.npz
Output file downloaded to E:\Project\Biohub_CellTracking\experiments\diag_051_public_0942_tracklet_evidence\artifacts\tracklet_evidence/6bba_fe670320/pair_020_021.npz
Output file downloaded to E:\Project\Biohub_CellTracking\experiments\diag_051_public_0942_tracklet_evidence\artifacts\tracklet_evidence/6bba_fe670320/pair_021_022.npz
Output file downloaded to E:\Project\Biohub_CellTracking\experiments\diag_051_public_0942_tracklet_evidence\artifacts\tracklet_evidence/6bba_fe670320/pair_022_023.npz
Output file downloaded to E:\Project\Biohub_CellTracking\experiments\diag_051_public_0942_tracklet_evidence\artifacts\tracklet_evidence/6bba_fe670320/pair_023_024.npz
Output file downloaded to E:\Project\Biohub_CellTracking\experiments\diag_051_public_0942_tracklet_evidence\artifacts\tracklet_evidence/6bba_fe670320/pair_024_025.npz
Output file downloaded to E:\Project\Biohub_CellTracking\experiments\diag_051_public_0942_tracklet_evidence\artifacts\tracklet_evidence/6bba_fe670320/pair_025_026.npz
Output file downloaded to E:\Project\Biohub_CellTracking\experiments\diag_051_public_0942_tracklet_evidence\artifacts\tracklet_evidence/6bba_fe670320/pair_026_027.npz
Output file downloaded to E:\Project\Biohub_CellTracking\experiments\diag_051_public_0942_tracklet_evidence\artifacts\tracklet_evidence/6bba_fe670320/pair_027_028.npz
Output file downloaded to E:\Project\Biohub_CellTracking\experiments\diag_051_public_0942_tracklet_evidence\artifacts\tracklet_evidence/6bba_fe670320/pair_028_029.npz
Output file downloaded to E:\Project\Biohub_CellTracking\experiments\diag_051_public_0942_tracklet_evidence\artifacts\tracklet_evidence/6bba_fe670320/pair_029_030.npz
Output file downloaded to E:\Project\Biohub_CellTracking\experiments\diag_051_public_0942_tracklet_evidence\artifacts\tracklet_evidence/6bba_fe670320/pair_030_031.npz
Output file downloaded to E:\Project\Biohub_CellTracking\experiments\diag_051_public_0942_tracklet_evidence\artifacts\tracklet_evidence/6bba_fe670320/pair_031_032.npz
Output file downloaded to E:\Project\Biohub_CellTracking\experiments\diag_051_public_0942_tracklet_evidence\artifacts\tracklet_evidence/6bba_fe670320/pair_032_033.npz
Output file downloaded to E:\Project\Biohub_CellTracking\experiments\diag_051_public_0942_tracklet_evidence\artifacts\tracklet_evidence/6bba_fe670320/pair_033_034.npz
Output file downloaded to E:\Project\Biohub_CellTracking\experiments\diag_051_public_0942_tracklet_evidence\artifacts\tracklet_evidence/6bba_fe670320/pair_034_035.npz
Output file downloaded to E:\Project\Biohub_CellTracking\experiments\diag_051_public_0942_tracklet_evidence\artifacts\tracklet_evidence/6bba_fe670320/pair_035_036.npz
Output file downloaded to E:\Project\Biohub_CellTracking\experiments\diag_051_public_0942_tracklet_evidence\artifacts\tracklet_evidence/6bba_fe670320/pair_036_037.npz
Output file downloaded to E:\Project\Biohub_CellTracking\experiments\diag_051_public_0942_tracklet_evidence\artifacts\tracklet_evidence/6bba_fe670320/pair_037_038.npz
Output file downloaded to E:\Project\Biohub_CellTracking\experiments\diag_051_public_0942_tracklet_evidence\artifacts\tracklet_evidence/6bba_fe670320/pair_038_039.npz
Output file downloaded to E:\Project\Biohub_CellTracking\experiments\diag_051_public_0942_tracklet_evidence\artifacts\tracklet_evidence/6bba_fe670320/pair_039_040.npz
Output file downloaded to E:\Project\Biohub_CellTracking\experiments\diag_051_public_0942_tracklet_evidence\artifacts\tracklet_evidence/6bba_fe670320/pair_040_041.npz
Output file downloaded to E:\Project\Biohub_CellTracking\experiments\diag_051_public_0942_tracklet_evidence\artifacts\tracklet_evidence/6bba_fe670320/pair_041_042.npz
Output file downloaded to E:\Project\Biohub_CellTracking\experiments\diag_051_public_0942_tracklet_evidence\artifacts\tracklet_evidence/6bba_fe670320/pair_042_043.npz
Output file downloaded to E:\Project\Biohub_CellTracking\experiments\diag_051_public_0942_tracklet_evidence\artifacts\tracklet_evidence/6bba_fe670320/pair_043_044.npz
Output file downloaded to E:\Project\Biohub_CellTracking\experiments\diag_051_public_0942_tracklet_evidence\artifacts\tracklet_evidence/6bba_fe670320/pair_044_045.npz
Output file downloaded to E:\Project\Biohub_CellTracking\experiments\diag_051_public_0942_tracklet_evidence\artifacts\tracklet_evidence/6bba_fe670320/pair_045_046.npz
Output file downloaded to E:\Project\Biohub_CellTracking\experiments\diag_051_public_0942_tracklet_evidence\artifacts\tracklet_evidence/6bba_fe670320/pair_046_047.npz
Output file downloaded to E:\Project\Biohub_CellTracking\experiments\diag_051_public_0942_tracklet_evidence\artifacts\tracklet_evidence/6bba_fe670320/pair_047_048.npz
Output file downloaded to E:\Project\Biohub_CellTracking\experiments\diag_051_public_0942_tracklet_evidence\artifacts\tracklet_evidence/6bba_fe670320/pair_048_049.npz
Output file downloaded to E:\Project\Biohub_CellTracking\experiments\diag_051_public_0942_tracklet_evidence\artifacts\tracklet_evidence/6bba_fe670320/pair_049_050.npz
Output file downloaded to E:\Project\Biohub_CellTracking\experiments\diag_051_public_0942_tracklet_evidence\artifacts\tracklet_evidence/6bba_fe670320/pair_050_051.npz
Output file downloaded to E:\Project\Biohub_CellTracking\experiments\diag_051_public_0942_tracklet_evidence\artifacts\tracklet_evidence/6bba_fe670320/pair_051_052.npz
Output file downloaded to E:\Project\Biohub_CellTracking\experiments\diag_051_public_0942_tracklet_evidence\artifacts\tracklet_evidence/6bba_fe670320/pair_052_053.npz
Output file downloaded to E:\Project\Biohub_CellTracking\experiments\diag_051_public_0942_tracklet_evidence\artifacts\tracklet_evidence/6bba_fe670320/pair_053_054.npz
Output file downloaded to E:\Project\Biohub_CellTracking\experiments\diag_051_public_0942_tracklet_evidence\artifacts\tracklet_evidence/6bba_fe670320/pair_054_055.npz
Output file downloaded to E:\Project\Biohub_CellTracking\experiments\diag_051_public_0942_tracklet_evidence\artifacts\tracklet_evidence/6bba_fe670320/pair_055_056.npz
Output file downloaded to E:\Project\Biohub_CellTracking\experiments\diag_051_public_0942_tracklet_evidence\artifacts\tracklet_evidence/6bba_fe670320/pair_056_057.npz
Output file downloaded to E:\Project\Biohub_CellTracking\experiments\diag_051_public_0942_tracklet_evidence\artifacts\tracklet_evidence/6bba_fe670320/pair_057_058.npz
Output file downloaded to E:\Project\Biohub_CellTracking\experiments\diag_051_public_0942_tracklet_evidence\artifacts\tracklet_evidence/6bba_fe670320/pair_058_059.npz
Output file downloaded to E:\Project\Biohub_CellTracking\experiments\diag_051_public_0942_tracklet_evidence\artifacts\tracklet_evidence/6bba_fe670320/pair_059_060.npz
Output file downloaded to E:\Project\Biohub_CellTracking\experiments\diag_051_public_0942_tracklet_evidence\artifacts\tracklet_evidence/6bba_fe670320/pair_060_061.npz
Output file downloaded to E:\Project\Biohub_CellTracking\experiments\diag_051_public_0942_tracklet_evidence\artifacts\tracklet_evidence/6bba_fe670320/pair_061_062.npz
Output file downloaded to E:\Project\Biohub_CellTracking\experiments\diag_051_public_0942_tracklet_evidence\artifacts\tracklet_evidence/6bba_fe670320/pair_062_063.npz
Output file downloaded to E:\Project\Biohub_CellTracking\experiments\diag_051_public_0942_tracklet_evidence\artifacts\tracklet_evidence/6bba_fe670320/pair_063_064.npz
Output file downloaded to E:\Project\Biohub_CellTracking\experiments\diag_051_public_0942_tracklet_evidence\artifacts\tracklet_evidence/6bba_fe670320/pair_064_065.npz
Output file downloaded to E:\Project\Biohub_CellTracking\experiments\diag_051_public_0942_tracklet_evidence\artifacts\tracklet_evidence/6bba_fe670320/pair_065_066.npz
Output file downloaded to E:\Project\Biohub_CellTracking\experiments\diag_051_public_0942_tracklet_evidence\artifacts\tracklet_evidence/6bba_fe670320/pair_066_067.npz
Output file downloaded to E:\Project\Biohub_CellTracking\experiments\diag_051_public_0942_tracklet_evidence\artifacts\tracklet_evidence/6bba_fe670320/pair_067_068.npz
Output file downloaded to E:\Project\Biohub_CellTracking\experiments\diag_051_public_0942_tracklet_evidence\artifacts\tracklet_evidence/6bba_fe670320/pair_068_069.npz
Output file downloaded to E:\Project\Biohub_CellTracking\experiments\diag_051_public_0942_tracklet_evidence\artifacts\tracklet_evidence/6bba_fe670320/pair_069_070.npz
Output file downloaded to E:\Project\Biohub_CellTracking\experiments\diag_051_public_0942_tracklet_evidence\artifacts\tracklet_evidence/6bba_fe670320/pair_070_071.npz
Output file downloaded to E:\Project\Biohub_CellTracking\experiments\diag_051_public_0942_tracklet_evidence\artifacts\tracklet_evidence/6bba_fe670320/pair_071_072.npz
Output file downloaded to E:\Project\Biohub_CellTracking\experiments\diag_051_public_0942_tracklet_evidence\artifacts\tracklet_evidence/6bba_fe670320/pair_072_073.npz
Output file downloaded to E:\Project\Biohub_CellTracking\experiments\diag_051_public_0942_tracklet_evidence\artifacts\tracklet_evidence/6bba_fe670320/pair_073_074.npz
Output file downloaded to E:\Project\Biohub_CellTracking\experiments\diag_051_public_0942_tracklet_evidence\artifacts\tracklet_evidence/6bba_fe670320/pair_074_075.npz
Output file downloaded to E:\Project\Biohub_CellTracking\experiments\diag_051_public_0942_tracklet_evidence\artifacts\tracklet_evidence/6bba_fe670320/pair_075_076.npz
Output file downloaded to E:\Project\Biohub_CellTracking\experiments\diag_051_public_0942_tracklet_evidence\artifacts\tracklet_evidence/6bba_fe670320/pair_076_077.npz
Output file downloaded to E:\Project\Biohub_CellTracking\experiments\diag_051_public_0942_tracklet_evidence\artifacts\tracklet_evidence/6bba_fe670320/pair_077_078.npz
Output file downloaded to E:\Project\Biohub_CellTracking\experiments\diag_051_public_0942_tracklet_evidence\artifacts\tracklet_evidence/6bba_fe670320/pair_078_079.npz
Output file downloaded to E:\Project\Biohub_CellTracking\experiments\diag_051_public_0942_tracklet_evidence\artifacts\tracklet_evidence/6bba_fe670320/pair_079_080.npz
Output file downloaded to E:\Project\Biohub_CellTracking\experiments\diag_051_public_0942_tracklet_evidence\artifacts\tracklet_evidence/6bba_fe670320/pair_080_081.npz
Output file downloaded to E:\Project\Biohub_CellTracking\experiments\diag_051_public_0942_tracklet_evidence\artifacts\tracklet_evidence/6bba_fe670320/pair_081_082.npz
Output file downloaded to E:\Project\Biohub_CellTracking\experiments\diag_051_public_0942_tracklet_evidence\artifacts\tracklet_evidence/6bba_fe670320/pair_082_083.npz
Output file downloaded to E:\Project\Biohub_CellTracking\experiments\diag_051_public_0942_tracklet_evidence\artifacts\tracklet_evidence/6bba_fe670320/pair_083_084.npz
Output file downloaded to E:\Project\Biohub_CellTracking\experiments\diag_051_public_0942_tracklet_evidence\artifacts\tracklet_evidence/6bba_fe670320/pair_084_085.npz
Output file downloaded to E:\Project\Biohub_CellTracking\experiments\diag_051_public_0942_tracklet_evidence\artifacts\tracklet_evidence/6bba_fe670320/pair_085_086.npz
Output file downloaded to E:\Project\Biohub_CellTracking\experiments\diag_051_public_0942_tracklet_evidence\artifacts\tracklet_evidence/6bba_fe670320/pair_086_087.npz
Output file downloaded to E:\Project\Biohub_CellTracking\experiments\diag_051_public_0942_tracklet_evidence\artifacts\tracklet_evidence/6bba_fe670320/pair_087_088.npz
Output file downloaded to E:\Project\Biohub_CellTracking\experiments\diag_051_public_0942_tracklet_evidence\artifacts\tracklet_evidence/6bba_fe670320/pair_088_089.npz
Output file downloaded to E:\Project\Biohub_CellTracking\experiments\diag_051_public_0942_tracklet_evidence\artifacts\tracklet_evidence/6bba_fe670320/pair_089_090.npz
Output file downloaded to E:\Project\Biohub_CellTracking\experiments\diag_051_public_0942_tracklet_evidence\artifacts\tracklet_evidence/6bba_fe670320/pair_090_091.npz
Output file downloaded to E:\Project\Biohub_CellTracking\experiments\diag_051_public_0942_tracklet_evidence\artifacts\tracklet_evidence/6bba_fe670320/pair_091_092.npz
Output file downloaded to E:\Project\Biohub_CellTracking\experiments\diag_051_public_0942_tracklet_evidence\artifacts\tracklet_evidence/6bba_fe670320/pair_092_093.npz
Output file downloaded to E:\Project\Biohub_CellTracking\experiments\diag_051_public_0942_tracklet_evidence\artifacts\tracklet_evidence/6bba_fe670320/pair_093_094.npz
Output file downloaded to E:\Project\Biohub_CellTracking\experiments\diag_051_public_0942_tracklet_evidence\artifacts\tracklet_evidence/6bba_fe670320/pair_094_095.npz
Output file downloaded to E:\Project\Biohub_CellTracking\experiments\diag_051_public_0942_tracklet_evidence\artifacts\tracklet_evidence/6bba_fe670320/pair_095_096.npz
Output file downloaded to E:\Project\Biohub_CellTracking\experiments\diag_051_public_0942_tracklet_evidence\artifacts\tracklet_evidence/6bba_fe670320/pair_096_097.npz
Output file downloaded to E:\Project\Biohub_CellTracking\experiments\diag_051_public_0942_tracklet_evidence\artifacts\tracklet_evidence/6bba_fe670320/pair_097_098.npz
Output file downloaded to E:\Project\Biohub_CellTracking\experiments\diag_051_public_0942_tracklet_evidence\artifacts\tracklet_evidence/6bba_fe670320/pair_098_099.npz
Output file downloaded to E:\Project\Biohub_CellTracking\experiments\diag_051_public_0942_tracklet_evidence\artifacts\tracklet_evidence/6bba_fe670320/pre_ilp_nodes.npz
Output file downloaded to E:\Project\Biohub_CellTracking\experiments\diag_051_public_0942_tracklet_evidence\artifacts\tracklet_evidence/6bba_fe670320/raw_post_ilp.json.gz
Output file downloaded to E:\Project\Biohub_CellTracking\experiments\diag_051_public_0942_tracklet_evidence\artifacts\tracklet_evidence/6bba_fe670320/safe_divisions.json.gz
Output file downloaded to E:\Project\Biohub_CellTracking\experiments\diag_051_public_0942_tracklet_evidence\artifacts\tracklet_evidence/6bba_fe670320/scorer_matching.json.gz
Output file downloaded to E:\Project\Biohub_CellTracking\experiments\diag_051_public_0942_tracklet_evidence\artifacts\tracklet_evidence/6bba_fe670320/short_track_filtered.json.gz
Output file downloaded to E:\Project\Biohub_CellTracking\experiments\diag_051_public_0942_tracklet_evidence\artifacts\tracklet_evidence_manifest.json
Output file downloaded to E:\Project\Biohub_CellTracking\experiments\diag_051_public_0942_tracklet_evidence\artifacts\validation_stage_stats.json
Output file downloaded to E:\Project\Biohub_CellTracking\experiments\diag_051_public_0942_tracklet_evidence\artifacts\validator_results.csv
Kernel log downloaded to E:\Project\Biohub_CellTracking\experiments\diag_051_public_0942_tracklet_evidence\artifacts\biohub-diag051-public0942-tracklet-evidence.log 

STDERR

